gap_id,vessel_id,mmsi,gap_start_ts,gap_end_ts,gap_duration_seconds,distance_nm,implied_speed_knots,start_lat,start_lon,end_lat,end_lon
01a08b50-3688-7551-82bc-93f84d43f9a3,014e4822-3fe8-7cb9-b9e2-7b03ef2e8e60,477712800,2026-09-10T08:26:10Z,2026-09-10T12:34:45Z,14915,71.40976541676322,17.23601444856504,21.41543960571289,116.67916107177734,22.44832420349121,117.31486511230469
01a08d4b-85a0-78eb-834f-c20d534c4db7,0187c5be-74b0-7011-8aa8-6b709b3ffec2,477890900,2026-09-10T02:43:08Z,2026-09-10T21:48:52Z,68744,0.18905148624058046,0.009900287304580613,10.275239944458008,107.09158325195312,10.27478313446045,107.0947494506836
01a09656-72b8-7c3f-8d83-c7b951497e9e,014e4764-1450-71f1-855a-dbacee228508,477950900,2026-09-12T12:10:23Z,2026-09-12T15:57:23Z,13620,48.53712760221186,12.829196723051593,11.56110954284668,110.74632263183594,12.292862892150879,111.09750366210938
01a08fbb-83d0-795a-81f2-8b3abb462cb2,014e46ef-70f0-70ee-94eb-2e50e66933c9,477655800,2026-09-10T21:34:01Z,2026-09-11T09:10:26Z,41785,200.41173303543164,17.266536769834964,15.759902954101562,112.6930160522461,12.842954635620117,111.01815795898438
01a0927d-a940-7714-854b-a36e574b3c97,014e46ec-d8e0-7703-b992-ada4eaa3980d,256937000,2026-09-11T14:02:26Z,2026-09-11T22:01:44Z,28758,91.95057980529405,11.510608780132785,20.333816528320312,111.21601104736328,20.953065872192383,112.71282958984375
01a091c4-6b60-7cf9-84c8-d357404b0290,014e4704-3940-7bf1-be90-0cc2cc4fa0e9,376212000,2026-09-11T13:47:23Z,2026-09-11T18:39:24Z,17521,58.32366853677076,11.983631455531919,6.2103118896484375,107.89659118652344,6.860963344573975,108.62261962890625
01a092d4-50d8-7a3d-8c91-1296274c7ba2,018dd685-d2d8-7cbe-8a1f-eaa0d12fd6d1,574006040,2026-09-11T02:59:41Z,2026-09-11T23:36:23Z,74202,86.97583248487025,4.219737971288279,14.95398998260498,109.11107635498047,16.117698669433594,108.21562194824219
01a09600-7700-7c2e-80d9-53ce754cbcbf,014e46ed-abd0-790b-bc9c-75eb686334ba,477790100,2026-09-12T09:54:46Z,2026-09-12T14:23:28Z,16122,56.959019382500145,12.718798522329768,13.227288246154785,113.72813415527344,13.975828170776367,114.32777404785156
01a09713-bfa8-71a3-885f-202a1441b2b8,014e47c5-bc50-78b2-9259-ed0651cba72e,636023060,2026-09-12T16:00:51Z,2026-09-12T19:24:09Z,12198,43.50450072159846,12.839498491371902,13.108181953430176,110.87946319580078,13.716032981872559,111.284912109375
01a09756-0c50-7732-8db9-a79db6486098,014e46f8-2b50-7fa5-837c-4f35983b7791,414742000,2026-09-12T16:55:49Z,2026-09-12T20:36:34Z,13245,41.9827086120306,11.410928728071736,19.34417152404785,119.55917358398438,19.866092681884766,120.05314636230469
01a095ab-07e8-70cf-8e22-36726e4967bb,015e84fe-b2b0-7c22-8131-16a86c4adea4,413703960,2026-09-12T06:37:12Z,2026-09-12T12:50:09Z,22377,78.0811438931852,12.561653394801212,20.08189582824707,117.97245025634766,18.85480308532715,118.42925262451172
01a09014-07f8-7ff0-8eb2-2df301467ca2,014e46eb-5628-745d-a171-882c035e56cb,574004780,2026-09-11T05:37:00Z,2026-09-11T10:47:07Z,18607,73.01058668545953,14.125765145786763,21.113800048828125,112.71167755126953,20.51216697692871,111.58113098144531
01a08db8-64b8-7ac8-8569-1f09574c4ba2,015e84fe-b2b0-7c22-8131-16a86c4adea4,413703960,2026-09-10T08:08:03Z,2026-09-10T23:47:47Z,56384,0.18793375855177874,0.011999175843969982,24.401758193969727,118.10584259033203,24.39975357055664,118.10320281982422
01a08db8-7458-7609-868f-4b27ca45708b,018dd685-d2d8-7cbe-8a1f-eaa0d12fd6d1,574006040,2026-09-10T08:03:56Z,2026-09-10T23:47:51Z,56635,221.77615104273954,14.097186258565593,10.645647048950195,108.21353912353516,14.16660213470459,109.3570785522461
01a08d11-c090-715e-86c8-b692ad4a31ab,014e48d5-8a58-7efd-b1dd-efc63cd0bcaf,477694500,2026-09-10T08:34:47Z,2026-09-10T20:45:46Z,43859,121.96097514757935,10.010704998547292,20.93156623840332,110.9403305053711,21.1794490814209,113.10072326660156
01a096c0-63d0-7471-86fb-01f3524fe0a9,014e4879-2dd0-7787-8333-072d18618487,563886000,2026-09-12T11:04:27Z,2026-09-12T17:53:06Z,24519,91.83120705991666,13.483108830527346,17.57058334350586,108.27461242675781,16.105815887451172,108.73456573486328
01a096a5-ea78-7fbd-84b4-2250e14872ba,0175773b-dbc8-73cc-af1e-8a73d7ff9bd9,563116500,2026-09-12T10:19:58Z,2026-09-12T17:24:11Z,25453,114.56319556435307,16.20349287045421,13.389717102050781,109.97077178955078,11.561211585998535,109.41220092773438
01a08ecc-3a00-7744-8b72-6e1a1e494db0,01741ea7-51a0-7a70-8b02-6edc39daccb3,477996679,2026-09-10T23:27:31Z,2026-09-11T04:49:04Z,19293,6.086565871694514,1.135729909195058,22.246665954589844,114.12999725341797,22.154312133789062,114.1751480102539
01a08c05-a7c0-7a15-8b39-6fe9664c138a,0164161b-43f8-7e25-af1b-a750c429f7ac,370700000,2026-09-10T12:48:46Z,2026-09-10T15:52:56Z,11050,46.764767846266835,15.235580474801864,20.45087242126465,118.74024200439453,21.093782424926758,119.21051025390625
01a08954-5300-7971-8ce6-0d182f464495,0157f64b-3f08-790e-be6e-e9a8cbb94c3e,412479780,2026-09-10T00:10:32Z,2026-09-10T03:20:00Z,11368,4.459094975970588,1.412099042355218,22.323707580566406,114.09069061279297,22.300004959106445,114.1667709350586
01a09795-4000-725b-8449-f307f74b9093,014e46ec-ec68-7d4f-b6d5-1861401a4ff4,416083000,2026-09-12T13:14:12Z,2026-09-12T21:45:36Z,30684,132.4276584948848,15.537073738156215,10.797884941101074,109.19068145751953,9.133878707885742,107.72071075439453
01a08ee2-0420-7f7f-8b7d-11370a432d9d,01978823-9dc8-7d5d-a1e5-e8f5d6e69397,477997242,2026-09-10T22:50:17Z,2026-09-11T05:12:52Z,22955,0.09330214204163718,0.014632442228268084,22.359928131103516,113.9261703491211,22.35970687866211,113.92450714111328
01a09627-f848-701a-8779-653710427c9a,0174aed2-be68-7561-ba05-65475d20b9c1,563234700,2026-09-12T11:18:05Z,2026-09-12T15:06:37Z,13712,44.543143703655716,11.694524309594557,10.201666831970215,108.8550033569336,10.783333778381348,109.32333374023438
01a09336-0878-792a-855b-03cdec44219e,0157f64b-3f08-790e-be6e-e9a8cbb94c3e,412479780,2026-09-11T12:34:58Z,2026-09-12T01:23:07Z,46089,12.65579583664379,0.9885409753285522,22.342689514160156,113.94367980957031,22.300020217895508,114.16682434082031
01a0959d-63b8-71f3-8a35-30173149289b,014e4d75-5520-7e86-8957-21210dc9da64,356217000,2026-09-11T18:41:02Z,2026-09-12T12:35:15Z,64453,190.85485610343906,10.660131909645488,18.02786636352539,116.48612213134766,20.45968246459961,114.31757354736328
01a09651-f260-7f0d-8162-613876410798,015f7a09-74e8-7d85-8bc9-025588443da9,374747000,2026-09-12T11:06:05Z,2026-09-12T15:52:28Z,17183,58.182614562032725,12.189804598924391,20.61470603942871,118.08963012695312,20.274574279785156,117.12122344970703
01a0975d-8e30-7cf6-8876-6573e24e0dab,0180b67e-6f48-72ad-a2d5-da5870e9e0cf,563291200,2026-09-12T16:44:10Z,2026-09-12T20:44:46Z,14436,78.68906349548323,19.62320785423522,10.011019706726074,109.3812255859375,10.986927032470703,110.27093505859375
01a08f73-10f0-780f-8fd7-963e0f431ab1,016bc093-5ee0-7663-a1dc-ae66d07acdca,533131021,2026-09-10T23:36:06Z,2026-09-11T07:51:18Z,29712,0.15334208864479357,0.018579413002196312,22.313112258911133,113.8002700805664,22.312164306640625,113.7977066040039
01a091be-4cf8-7790-8e28-ea87a9428ebf,018354c2-f370-70ea-b61b-a6937ee2e94c,538012002,2026-09-10T17:11:59Z,2026-09-11T18:32:43Z,91244,0.1113565561810516,0.004393533846080682,24.401290893554688,118.10527038574219,24.400230407714844,118.10359954833984
01a09464-6aa0-7b27-87bd-debe6f423fbb,017e474d-4f60-7c86-ac60-8a323b839817,229752000,2026-09-11T12:27:13Z,2026-09-12T06:53:24Z,66371,0.10065150876391303,0.0054593938851318635,22.31253433227539,113.79981231689453,22.312345504760742,113.79801177978516
01a09280-83b8-756e-8eb8-73b87d4f548f,014e4721-8540-7124-868e-227ca5604c1e,416443000,2026-09-11T07:05:18Z,2026-09-11T22:04:51Z,53973,33.998760219609515,2.267717873577423,15.542614936828613,109.35431671142578,15.451188087463379,108.77439880371094
01a09366-01b8-74c5-84ee-6889194fb198,014e46f8-2b50-7fa5-837c-4f35983b7791,414742000,2026-09-11T19:40:40Z,2026-09-12T02:15:31Z,23691,73.49667344287958,11.168292786052362,16.39061164855957,116.75601196289062,17.286361694335938,117.62772369384766
01a08c57-1f38-7c6b-8192-760340438b92,014e46f8-2b50-7fa5-837c-4f35983b7791,414742000,2026-09-10T11:31:59Z,2026-09-10T17:21:55Z,20996,68.48180669654481,11.741974857475771,11.743720054626465,112.47254943847656,12.5979585647583,113.24573516845703
01a08df8-6f40-7a0a-845f-ac3a3a493194,0165aef3-cd10-7903-bcaf-d9395868edf8,413496590,2026-09-10T12:34:48Z,2026-09-11T00:57:44Z,44576,4.614495880657298,0.37267105999565403,22.34429931640625,113.94145202636719,22.349973678588867,114.02432250976562
01a090c8-7378-7c10-82e4-ae8cd64dcc99,0195ea7e-3ac0-70b7-8a42-d5b2cacf4683,563261900,2026-09-10T20:48:42Z,2026-09-11T14:04:11Z,62129,303.7144533055153,17.598416712000116,20.66050910949707,113.6559829711914,16.270578384399414,111.00532531738281
01a09583-09a0-7ad0-8d44-4719d34e6f93,014e46ea-a660-71ed-8025-569c8c8002fc,477997031,2026-09-12T04:45:53Z,2026-09-12T12:06:28Z,26435,0.04956488544251264,0.006749899284775695,22.359752655029297,113.9235610961914,22.359752655029297,113.92445373535156
01a091de-09f8-7704-8cea-1e5ed34c3293,014e4820-1920-7043-9e64-380d7d80b1f5,416497000,2026-09-11T11:07:11Z,2026-09-11T19:07:23Z,28812,109.4164746388702,13.671362928638509,17.00363540649414,113.42172241210938,15.277130126953125,112.814453125
01a091f7-3748-76c3-881c-142c3d4bfeba,014e46f9-f070-79cf-a08a-9a8c3eea17c5,477167100,2026-09-11T13:27:08Z,2026-09-11T19:34:53Z,22065,61.460228100142835,10.027501525516167,17.890087127685547,117.89449310302734,18.659637451171875,118.6053695678711
01a095c8-6388-7885-87ee-21388345a19a,0157f64b-3f08-790e-be6e-e9a8cbb94c3e,412479780,2026-09-12T10:04:59Z,2026-09-12T13:22:13Z,11834,1.5070088219654418,0.45844446164235175,22.303102493286133,114.13926696777344,22.299354553222656,114.16609191894531
01a09317-5130-7111-88e0-17653e4d4883,0180b67e-6f48-72ad-a2d5-da5870e9e0cf,563291200,2026-09-11T21:33:53Z,2026-09-12T00:49:34Z,11741,60.52268401836775,18.55733433831223,4.795935153961182,106.26416778564453,5.698248386383057,106.71546173095703
01a09566-a030-72df-84a7-26c866408488,014e46f7-8740-784d-a988-f6f202394ad4,210616000,2026-09-12T08:10:38Z,2026-09-12T11:35:26Z,12288,30.125980851665574,8.825970952636398,14.603242874145508,110.29609680175781,15.104999542236328,110.29833221435547
01a0916c-c1f8-7c46-8098-eebfde4c1bb0,014e4952-28b0-7c11-9eab-3e80bf556786,357025000,2026-09-11T01:35:08Z,2026-09-11T17:03:39Z,55711,0.08834520410631326,0.005708796014839578,22.312807083129883,113.80001068115234,22.312156677246094,113.798583984375
01a08fc2-fde0-7351-8825-9f2e404d52ab,014e4d75-5520-7e86-8957-21210dc9da64,356217000,2026-09-10T23:25:00Z,2026-09-11T09:18:36Z,35616,107.15120455720242,10.83064736090321,15.63325023651123,119.0230941772461,16.882966995239258,117.6959457397461
01a09504-ec78-7081-8f67-d729ef441692,014e4738-4578-7441-81c8-a65399916b34,565357000,2026-09-12T04:34:49Z,2026-09-12T09:48:43Z,18834,68.77366786296376,13.145651710028117,14.261591911315918,112.83370971679688,15.331276893615723,113.25745391845703
01a093db-3d70-7c7d-863a-8e92794fd691,01808741-10f0-7fe8-8e2a-7d0df334a7d6,574001750,2026-09-12T01:04:43Z,2026-09-12T04:23:34Z,11931,37.87764251929478,11.429009560762822,17.58281707763672,114.64376068115234,17.118083953857422,114.19678497314453
01a09495-4288-796e-8dd5-0846f64a4a8a,0166c31b-4fd8-7954-853e-d16ad11cf25e,477232200,2026-09-11T11:54:57Z,2026-09-12T07:46:45Z,71508,0.05464762539931221,0.002751181006845723,22.31229591369629,113.79984283447266,22.312545776367188,113.79889678955078
01a093ec-21a8-780d-8359-3760a24196a3,014e46eb-5628-745d-a171-882c035e56cb,574004780,2026-09-11T19:40:28Z,2026-09-12T04:42:01Z,32493,95.0498643854807,10.53086854977166,20.17799949645996,109.87945556640625,21.250667572021484,108.6346664428711
01a095fc-3cf8-77ba-8f8f-8af0054630b5,01798203-0e88-7529-8df7-4f6de7f7f4e5,477238500,2026-09-12T02:11:01Z,2026-09-12T14:18:51Z,43670,0.07012124201773097,0.005780546628436718,22.312049865722656,113.7999496459961,22.312137603759766,113.79869079589844
01a09758-6db0-7784-8699-0b02a34a72a5,018f382c-1c30-7933-817c-137aabcdc4b0,441669000,2026-09-12T14:53:10Z,2026-09-12T20:39:10Z,20760,76.70032151649693,13.300633788987907,20.156612396240234,109.93649291992188,20.450942993164062,108.61102294921875
01a0930b-2fb8-7ce3-81f7-19594c4e02b5,015e84fe-b2b0-7c22-8131-16a86c4adea4,413703960,2026-09-11T16:25:30Z,2026-09-12T00:36:19Z,29449,97.41093365574721,11.908022722696524,22.747575759887695,116.93852996826172,21.222450256347656,117.53534698486328
01a093b5-46b0-7404-8f49-340ffb4e7a97,014e46ee-f008-79ec-a55d-109042a99940,563257300,2026-09-10T04:49:41Z,2026-09-12T03:42:06Z,168745,1.0742063234555888,0.022917080591662684,10.27489185333252,107.0913314819336,10.264878273010254,107.07626342773438
01a092cd-b188-7389-8530-0fffed4391b7,014e46ee-1160-7277-9436-2417d294aa70,351361000,2026-09-11T14:16:40Z,2026-09-11T23:29:09Z,33149,51.406011980624534,5.5827217451581745,6.725961685180664,107.68932342529297,6.027629852294922,107.19086456298828
01a09669-df60-77e4-80e3-c8edc344458f,016b4973-9118-70c5-a5ce-3696e0654b65,354977000,2026-09-12T10:44:21Z,2026-09-12T16:18:36Z,20055,107.86931332020421,19.36322752195139,17.6102237701416,115.06880187988281,18.87809181213379,116.40913391113281
01a092d6-1dc8-7624-8e27-0b5a774d99aa,014e4879-2dd0-7787-8333-072d18618487,563886000,2026-09-11T17:53:25Z,2026-09-11T23:38:21Z,20477,78.96751770473655,13.883042620357063,21.43059539794922,108.63975524902344,20.1456356048584,108.2959213256836
01a08cd2-3308-7d93-8df2-12fac14651a0,017a45e0-3f10-70e5-bfcc-1535128fa7b2,352254000,2026-09-10T09:03:59Z,2026-09-10T19:36:21Z,37942,131.41362728673883,12.468743298515095,21.05575180053711,112.65669250488281,20.235660552978516,110.48807525634766
01a08c10-5620-7035-8e0e-60a7bc4eb18f,017f96ad-05e0-7acf-9f46-6e743e4e5b47,229416000,2026-09-10T06:01:50Z,2026-09-10T16:04:36Z,36166,137.9435574241237,13.731040389505207,10.437448501586914,111.95466613769531,12.172577857971191,113.490478515625
01a08c55-b008-7507-870b-9bd55845a591,019279d4-9178-7e44-bf55-e536c1c60c25,563243200,2026-09-10T13:10:25Z,2026-09-10T17:20:21Z,14996,79.39136536062951,19.059010089241546,12.447208404541016,109.70618438720703,11.197081565856934,109.26596069335938
01a08acb-62a0-7a3b-83d5-06f4784dc09b,0187c610-1338-7628-afe5-2b30c342c540,563187500,2026-09-10T03:38:04Z,2026-09-10T10:09:40Z,23496,88.72539736576032,13.594289688318742,21.040822982788086,110.85625457763672,21.32222557067871,112.41209411621094
01a0902b-b290-733e-8a01-6cb0b34d27bd,017a45e0-3f10-70e5-bfcc-1535128fa7b2,352254000,2026-09-10T23:58:31Z,2026-09-11T11:12:58Z,40467,140.52055411268543,12.500901841146307,20.23181915283203,109.76073455810547,20.51909637451172,107.28294372558594
01a0960c-6d80-7e99-811a-dfdb72484ea8,01668b3c-f198-78d3-88b3-0ddc3e5c2323,563068900,2026-09-12T09:44:55Z,2026-09-12T14:36:32Z,17497,73.98708908204159,15.222810807301235,22.303730010986328,118.30350494384766,22.162660598754883,116.98098754882812
01a08c9b-0220-77b7-8629-ac37344c0c9e,014e5233-46a8-7e9c-9ed9-ef1f33cd0b7d,416427000,2026-09-10T04:23:10Z,2026-09-10T18:36:04Z,51174,105.79188642766883,7.442271292836358,11.503767967224121,109.24876403808594,10.33572006225586,107.90518951416016
01a091f9-5258-7c23-8e4e-0a618e465e8a,01798203-0e88-7529-8df7-4f6de7f7f4e5,477238500,2026-09-11T04:24:27Z,2026-09-11T19:37:11Z,54764,0.27010022841791803,0.017755474806524448,22.359683990478516,113.9238510131836,22.357961654663086,113.91935729980469
01a08b0f-0af0-78c3-808c-e38672479bb8,01808739-5478-7059-a81e-d5f26a9e6269,574005640,2026-09-10T00:09:59Z,2026-09-10T11:23:34Z,40415,0.07081553348070793,0.006307953000879588,21.641366958618164,108.65630340576172,21.641633987426758,108.65506744384766
01a096df-22e8-7195-8c4d-0dda764fe2ba,014e46f9-f070-79cf-a08a-9a8c3eea17c5,477167100,2026-09-12T06:29:47Z,2026-09-12T18:26:41Z,43014,126.94548527088521,10.624534964783251,20.08899688720703,119.92842864990234,21.80865478515625,121.24568176269531
01a093a6-a0b0-7959-8aa7-78b14345d9b6,014e46ed-abd0-790b-bc9c-75eb686334ba,477790100,2026-09-11T18:20:16Z,2026-09-12T03:26:06Z,32750,117.66922839156406,12.934632739225364,10.602934837341309,111.67800903320312,12.15593147277832,112.89749145507812
01a09629-a210-7bbc-8360-d5f46143da89,014e46f7-8740-784d-a988-f6f202394ad4,210616000,2026-09-12T11:35:26Z,2026-09-12T15:08:26Z,12780,31.62666650426273,8.90892014204584,15.104999542236328,110.29833221435547,15.631667137145996,110.30833435058594
01a096d8-5c88-76cc-8534-b57da94a7d83,018089c4-e928-769b-ad5e-6cc36cf18456,574003530,2026-09-12T11:20:17Z,2026-09-12T18:19:17Z,25140,73.04455351356287,10.45984059860089,17.365049362182617,107.62986755371094,16.382482528686523,108.37954711914062
01a09126-8580-7b19-884c-7c64bd4cc59e,0187c610-1338-7628-afe5-2b30c342c540,563187500,2026-09-11T00:37:01Z,2026-09-11T15:46:56Z,54595,0.1002851977025041,0.006612816406795764,22.313051223754883,113.79985046386719,22.31188201904297,113.7985610961914
01a094e9-fa08-70d9-8b01-eaeb59484ca3,015a5927-4c00-7f86-9553-a82ca87d6414,636017742,2026-09-12T05:48:42Z,2026-09-12T09:19:17Z,12635,49.93459704300964,14.227506874145998,15.686434745788574,115.6433334350586,16.337963104248047,116.18112182617188
01a09723-7718-7b7b-89b4-fd70cf43f1ae,015e84fe-b2b0-7c22-8131-16a86c4adea4,413703960,2026-09-12T16:12:37Z,2026-09-12T19:41:19Z,12522,44.108654830114894,12.6809740766981,18.176769256591797,118.6874771118164,17.485380172729492,118.9483871459961
01a0950c-a508-7c55-87cf-86bed145a994,018f382c-1c30-7933-817c-137aabcdc4b0,441669000,2026-09-12T03:01:39Z,2026-09-12T09:57:09Z,24930,101.28162979386306,14.62550610741705,20.818342208862305,112.5177230834961,20.242233276367188,110.82471466064453
01a09175-64e8-76a6-8007-ab000143c292,01851aaf-6b30-78ce-81e3-3dd7e6f390ac,636022523,2026-09-11T12:55:35Z,2026-09-11T17:13:05Z,15450,58.88795196086603,13.721464534570725,16.175222396850586,113.94818878173828,16.894569396972656,114.6436767578125
01a08e9b-a480-7961-8c30-dbf55f444399,014e46f8-2b50-7fa5-837c-4f35983b7791,414742000,2026-09-10T22:53:32Z,2026-09-11T03:56:00Z,18148,60.41483096183447,11.984427565715455,13.407668113708496,114.00196075439453,14.159509658813477,114.69055938720703
01a08f09-1420-7fd8-8bdb-07a6374fab86,014e48e1-1b48-78af-890e-a12b4fc0629a,636013121,2026-09-10T22:55:14Z,2026-09-11T05:55:32Z,25218,108.98865535322881,15.558694554351007,22.204544067382812,117.53022766113281,22.250654220581055,119.49058532714844
01a09300-e300-7c00-83e3-325c9b478e92,01891a4d-4190-7a25-b98a-fc9eae5131b0,563197800,2026-09-11T03:05:42Z,2026-09-12T00:25:04Z,76762,0.10752405726416019,0.0050426852629032164,22.3129940032959,113.80007934570312,22.312301635742188,113.79829406738281
01a09589-a508-7b12-8ecf-9f51454242bd,0188171e-2e90-7f57-ad2d-8e0ea9a7cb8a,352005813,2026-09-12T06:02:59Z,2026-09-12T12:13:41Z,22242,68.36763846003903,11.065708949561213,10.867996215820312,109.20452117919922,10.472517967224121,108.117919921875
01a08d9d-bc80-7dd4-87ac-95bb8940bfb5,014e474b-19c8-7dcb-bd44-d296455903ea,477979600,2026-09-10T19:45:40Z,2026-09-10T23:18:40Z,12780,37.78677178842052,10.644161067160711,21.949779510498047,114.62193298339844,21.660036087036133,115.22367858886719
01a08f63-26b8-7ddd-8d64-3b52e647ea92,014e473a-ba60-76a8-ba0a-229427be2f9b,636020769,2026-09-10T07:38:03Z,2026-09-11T07:33:55Z,86152,0.05423834630903622,0.002266436608697771,22.312515258789062,113.79888153076172,22.312149047851562,113.79798889160156
01a0938b-6bd8-72da-861b-9d1a904b67ab,014e47c5-bc50-78b2-9259-ed0651cba72e,636023060,2026-09-11T18:42:23Z,2026-09-12T02:56:23Z,29640,97.580098867051,11.851833870492026,10.201783180236816,107.74752807617188,10.76533317565918,109.29782104492188
01a08cba-f5d0-7a00-84f7-84eec347b9bb,014e46ef-70f0-70ee-94eb-2e50e66933c9,477655800,2026-09-10T12:07:52Z,2026-09-10T19:10:58Z,25386,138.5943482620833,19.65412643754431,18.712854385375977,113.6073989868164,16.48854637145996,112.9598388671875
01a08f81-4d78-755c-8753-32b33d481f9d,014e4765-3560-7f44-8802-7df809a1039c,636025100,2026-09-10T22:27:01Z,2026-09-11T08:06:51Z,34790,141.34822155801706,14.62643281428173,21.021482467651367,114.80423736572266,21.7632999420166,117.20389556884766
01a0972e-5070-7012-86a7-f54003419ea5,0180f4e7-9b88-7ab8-ab23-0f4aa7295c14,477811700,2026-09-12T00:24:46Z,2026-09-12T19:53:10Z,70104,0.25230490685181056,0.012956431368631149,22.359933853149414,113.923828125,22.358016967773438,113.91978454589844
01a095a3-66c8-7672-865b-a01e7d449ea1,017195c5-8ca0-7503-a725-c826a5fc128d,563259400,2026-09-11T06:14:55Z,2026-09-12T12:41:49Z,109614,0.05194552947965381,0.0017060220968740645,10.27632999420166,107.09610748291016,10.276718139648438,107.09689331054688
01a09728-2e20-76d3-8bd2-ffcad043d5b0,01924a9c-d488-7b40-a7d7-1d7764223d1c,636023775,2026-09-12T14:40:54Z,2026-09-12T19:46:28Z,18334,49.56338413324753,9.732092444621529,10.943249702453613,109.585693359375,11.748437881469727,109.77131652832031
01a08b40-ec78-778c-8edc-b3d668464381,014e47c3-9588-7914-9a71-4af09b458f02,563152500,2026-09-10T00:53:14Z,2026-09-10T12:18:03Z,41089,100.08726446687204,8.7691146555219,17.821504592895508,111.59517669677734,19.265663146972656,112.47344207763672
01a09344-3948-77d2-816d-92368d459894,0175773b-dbc8-73cc-af1e-8a73d7ff9bd9,563116500,2026-09-11T17:38:49Z,2026-09-12T01:38:37Z,28788,109.34355947721096,13.673642285603703,17.352764129638672,111.28007507324219,15.623078346252441,110.6856689453125
01a0903c-cd78-73fd-867c-2d400f431986,015c4781-6b78-78d4-920f-e14be60c7360,351385000,2026-09-10T16:55:17Z,2026-09-11T11:31:39Z,66982,211.1556282303879,11.348724457755761,18.915740966796875,116.63813018798828,21.500036239624023,114.09598541259766
01a094d5-2600-7877-8a42-54152d49c1bd,015d4233-d740-70f8-800a-09fc05445914,477995827,2026-09-11T00:14:47Z,2026-09-12T08:56:32Z,117705,0.3153890094929455,0.009646152960151259,22.313264846801758,113.80068969726562,22.309757232666016,113.79646301269531
01a09248-7fe0-7813-858b-30f3864c6ba6,014e54bc-3790-7f00-984a-af4d2e801f00,567359000,2026-09-11T01:20:37Z,2026-09-11T21:03:40Z,70983,168.98501522369398,8.570306338211942,6.694138526916504,106.6346435546875,6.803013324737549,103.80260467529297
01a09411-f158-7d46-850d-7264b3460586,0157f64b-3f08-790e-be6e-e9a8cbb94c3e,412479780,2026-09-12T02:14:58Z,2026-09-12T05:23:19Z,11301,4.307622979425411,1.3722186289648244,22.322715759277344,114.09320068359375,22.300003051757812,114.16676330566406
01a0934e-ad10-7841-871d-c1085948c29d,014e46ef-70f0-70ee-94eb-2e50e66933c9,477655800,2026-09-11T18:58:12Z,2026-09-12T01:50:02Z,24710,45.14763346779484,6.577558902633,11.707131385803223,110.37438201904297,11.043783187866211,110.0131607055664
01a092bc-3cc8-7d9a-8280-4eb63c4fb7ae,017313d7-97b8-7435-8351-abf2f2744171,563109200,2026-09-11T07:21:32Z,2026-09-11T23:10:05Z,56913,0.11211510913556208,0.007091778554777002,22.312788009643555,113.7999038696289,22.311805725097656,113.79818725585938
01a09741-47e8-7d0c-897d-d1f72e459ea3,0191dee3-ed08-74bc-a89e-8e6ca4261823,477085200,2026-09-12T16:25:53Z,2026-09-12T20:13:53Z,13680,57.19886080578161,15.05233179099516,10.018333435058594,108.69499969482422,10.696666717529297,109.375
01a094b8-8db0-71cc-8039-7b37a14e1aaf,014e5233-46a8-7e9c-9ed9-ef1f33cd0b7d,416427000,2026-09-12T03:59:30Z,2026-09-12T08:25:18Z,15948,58.29055615092953,13.158139085988608,9.624124526977539,107.09855651855469,8.653314590454102,107.08912658691406
01a08cc3-cf70-7933-8302-8f0e3a4b4bbe,014e4765-3560-7f44-8802-7df809a1039c,636025100,2026-09-10T06:28:20Z,2026-09-10T19:20:38Z,46338,187.48783893711965,14.565933362977054,20.23058319091797,110.73433685302734,20.85343360900879,114.00213623046875
01a0927a-9c00-7f68-824b-abcdf24dec86,014e4d99-4070-703c-ad99-e85813dd73a2,370962000,2026-09-11T16:52:10Z,2026-09-11T21:58:24Z,18374,30.059770167446096,5.889581615478717,20.730974197387695,114.09413146972656,21.013032913208008,114.53682708740234
01a091a8-5bc8-7fa8-8bce-c52ec841ee8c,01808741-10f0-7fe8-8e2a-7d0df334a7d6,574001750,2026-09-10T19:25:43Z,2026-09-11T18:08:45Z,81782,246.2094368804316,10.838008030734805,21.346582412719727,118.66011810302734,18.462017059326172,115.55978393554688
01a093e9-04c8-74ab-8b17-46931a43a0be,0170f5f8-56d0-7528-9287-6acd738aced4,356907000,2026-09-10T23:32:58Z,2026-09-12T04:38:37Z,104739,0.2491806800105313,0.008564626815588394,22.358753204345703,113.92522430419922,22.35746192932129,113.92095947265625
01a08aa3-58a0-7c80-8361-f3fe184eb7b6,014e46f8-2b50-7fa5-837c-4f35983b7791,414742000,2026-09-10T06:00:30Z,2026-09-10T09:25:56Z,12326,41.50812334674546,12.123092978118095,10.922978401184082,111.72745513916016,11.438783645629883,112.1966781616211
01a095c9-1f08-7ee9-8a0f-e089c84dc089,01851aaf-6b30-78ce-81e3-3dd7e6f390ac,636022523,2026-09-11T18:29:07Z,2026-09-12T13:23:01Z,68034,253.21581345370564,13.398843643374493,17.101482391357422,114.84600067138672,20.19123077392578,117.87610626220703
01a09742-da40-7de4-80e3-a35b2f41568f,01909542-4678-74b0-81d4-5c5caa09c6b1,548951000,2026-09-11T21:48:11Z,2026-09-12T20:15:36Z,80845,211.04475717180617,9.397750334819744,13.525070190429688,110.78621673583984,17.032447814941406,111.02676391601562
01a08eec-c220-7412-8c5c-08abb04c79b5,0175773b-dbc8-73cc-af1e-8a73d7ff9bd9,563116500,2026-09-10T21:43:00Z,2026-09-11T05:24:36Z,27696,126.21982291651258,16.406389460551896,21.68149185180664,114.308837890625,20.074140548706055,112.85861206054688
01a094c7-4350-7cf1-8150-ce35f64c6a89,014e4d9c-f5a8-7b6b-b31f-7baed2b6e205,477225300,2026-09-11T15:25:53Z,2026-09-12T08:41:22Z,62129,0.18616449757422063,0.010787107329382322,22.359739303588867,113.92350769042969,22.357667922973633,113.92101287841797
01a08f06-be78-78fd-8536-de46404bc997,01681c64-a340-7466-9789-47def0867a91,574012693,2026-09-11T00:14:00Z,2026-09-11T05:52:59Z,20339,2.595542726948012,0.4594106798275649,16.15166664123535,108.17666625976562,16.139999389648438,108.13333129882812
01a0935f-1830-759a-853e-54a498440c82,0171c4c2-ec28-7ba1-8fb7-4a481a85bc35,636019893,2026-09-10T18:55:28Z,2026-09-12T02:07:58Z,112350,1.3146368126232137,0.0421245440626931,10.257028579711914,107.10477447509766,10.275961875915527,107.09359741210938
01a08b7e-66c0-79f1-8ef4-fd7bd540ef95,014e47c5-bc50-78b2-9259-ed0651cba72e,636023060,2026-09-10T08:05:24Z,2026-09-10T13:25:12Z,19188,76.65172006884558,14.381185754004798,8.32938289642334,107.09278869628906,9.602433204650879,107.19001770019531
01a08f34-3330-7e3a-87e4-eb177f429a9b,0187bb13-3190-78a1-9389-0c4f7ad32bb0,477890800,2026-09-11T03:12:28Z,2026-09-11T06:42:38Z,12610,42.9155355219874,12.251857880979749,9.280181884765625,107.723876953125,9.856521606445312,107.29513549804688
01a0932e-5ba0-71b9-8070-68e9f04255ae,019279d4-9178-7e44-bf55-e536c1c60c25,563243200,2026-09-11T21:21:04Z,2026-09-12T01:14:44Z,14020,55.52098146903233,14.256457438553237,9.175008773803711,104.01615905761719,10.022807121276855,103.64164733886719
01a09167-a178-7ad9-8271-56545548eebd,014e47fb-b8a0-7bc6-a07a-1c789f2c35c5,353640000,2026-09-11T00:46:21Z,2026-09-11T16:58:03Z,58302,0.1266045310500854,0.007817507320165817,24.40119743347168,118.10478973388672,24.399547576904297,118.10334777832031
01a093c8-4dc8-7430-8117-d776fe48d8a6,015e84fe-b2b0-7c22-8131-16a86c4adea4,413703960,2026-09-12T00:36:19Z,2026-09-12T04:02:53Z,12394,40.72849442306928,11.830125861146474,21.222450256347656,117.53534698486328,20.58405876159668,117.78089141845703
01a08cff-59a0-721d-8494-2070a445dbaa,018804ce-9338-70a5-9743-2145387e80b5,538010385,2026-09-10T17:11:58Z,2026-09-10T20:25:40Z,11622,37.00805027190106,11.463515830222322,21.1197452545166,118.19200134277344,21.319744110107422,117.56655883789062
01a0902c-4ae8-72a9-8ba2-70eb74457a85,019b1cd9-03d8-7ba5-81f3-24820cb4af2e,477997306,2026-09-11T05:15:56Z,2026-09-11T11:13:37Z,21461,0.2693220110127576,0.04517772888709414,22.360843658447266,113.92654418945312,22.358842849731445,113.92220306396484
01a08f28-4098-754f-88cb-93e6fd4524ad,014e470b-1ee0-7c1e-add7-e9a30b4b9eee,311002417,2026-09-10T23:16:00Z,2026-09-11T06:29:35Z,26015,92.29698484638953,12.772213932231494,14.491600036621094,110.73110961914062,12.969670295715332,110.50827026367188
01a08d23-dd48-79d5-8309-f57588416e88,014e46f1-41c8-7492-a374-c310539bbdd3,413131000,2026-09-10T15:43:16Z,2026-09-10T21:05:33Z,19337,92.18766420656415,17.16272385290536,12.378179550170898,109.97059631347656,10.881213188171387,109.6219253540039
01a09453-f3c8-77b0-8918-0f51c5433294,014e46ec-ec68-7d4f-b6d5-1861401a4ff4,416083000,2026-09-12T00:06:42Z,2026-09-12T06:35:25Z,23323,108.5234982301873,16.751043760608596,14.247367858886719,110.3053207397461,12.513581275939941,109.78009796142578
01a093e4-5590-7e73-8465-8991fc479890,014e47af-f230-76b0-96fe-f184819b7ba4,564031000,2026-09-11T23:51:23Z,2026-09-12T04:33:30Z,16927,43.6231324799212,9.277679265535319,17.139606475830078,107.85652923583984,16.569692611694336,108.3274154663086
01a08b0c-53a0-72c6-89a9-5b32144f34b4,0157f64b-3f08-790e-be6e-e9a8cbb94c3e,412479780,2026-09-10T08:03:53Z,2026-09-10T11:20:36Z,11803,1.5201824604081542,0.46366659810805344,22.30289077758789,114.13955688476562,22.299415588378906,114.16666412353516
01a08f2d-68e8-79d1-8ae1-33a3c748d1b3,014e46f9-f070-79cf-a08a-9a8c3eea17c5,477167100,2026-09-11T03:17:28Z,2026-09-11T06:35:13Z,11865,34.62808144520497,10.506623953033113,16.515302658081055,116.62580108642578,16.947708129882812,117.02433013916016
01a09278-36b8-727d-8efb-8cc76d4743a9,014e4a96-a318-7178-8b60-7b4c12e232ea,574005830,2026-09-11T10:31:05Z,2026-09-11T21:55:47Z,41082,116.29421468993692,10.190817703222162,10.005216598510742,107.0916519165039,8.116966247558594,106.65465545654297
01a08d90-7610-7c94-84d0-ab1060492097,017c1419-1e78-713c-a068-b1152c89eb29,538009593,2026-09-10T18:46:42Z,2026-09-10T23:04:10Z,15448,49.55209502380233,11.547614065619392,19.317609786987305,112.52386474609375,19.766422271728516,113.2588119506836
01a08f9e-dfc8-7ece-8c1e-07e9f642eba7,017d0885-2bc8-7c02-8c75-0cd884fe83f6,413307920,2026-09-10T21:27:06Z,2026-09-11T08:39:09Z,40323,1.4541859992012642,0.1298283757935806,21.075000762939453,110.47333526611328,21.06166648864746,110.45166778564453
01a08a36-8928-72b7-8e12-6fc4eb4a9691,014e4822-3fe8-7cb9-b9e2-7b03ef2e8e60,477712800,2026-09-10T01:23:52Z,2026-09-10T07:27:05Z,21793,112.60066704349791,18.600578229550425,19.524539947509766,115.52350616455078,21.149187088012695,116.52268981933594
01a08da8-e7e0-7c61-82c8-737f354c3082,014e4749-3950-7741-b408-107a034aa030,371697000,2026-09-10T09:10:08Z,2026-09-10T23:30:52Z,51644,228.17562723627924,15.90566683546211,8.71851634979248,102.79598999023438,5.088863372802734,103.9306411743164
01a09432-d738-73da-8a64-54602542aaa5,0190159e-72c0-772b-b022-366cc6a69e03,563230700,2026-09-11T23:23:49Z,2026-09-12T05:59:15Z,23726,118.81990972800494,18.02881543542181,9.425546646118164,111.46774291992188,11.19576358795166,112.3670425415039
01a0954b-57d0-74e5-86b6-ba8c5745899e,014e474b-19c8-7dcb-bd44-d296455903ea,477979600,2026-09-12T04:48:00Z,2026-09-12T11:05:38Z,22658,76.79564598219554,12.201620863973163,20.096891403198242,120.66165161132812,19.739330291748047,121.96786499023438
01a08b91-df20-7a04-81a8-fc6c624ceeb1,014e46f8-2768-7c76-9026-716af6cb7730,538011924,2026-09-10T10:32:23Z,2026-09-10T13:46:28Z,11645,42.16628819555939,13.035520610048417,21.112735748291016,108.30587768554688,20.4233341217041,108.16259765625
01a09150-1a08-72fa-812b-027d1c44139a,0175684c-95f8-7bee-815a-4897d2879a20,563118300,2026-09-11T03:16:43Z,2026-09-11T16:32:21Z,47738,183.61175967847,13.846460573180527,17.74994659423828,114.3368148803711,20.38749885559082,115.97461700439453
01a092b3-3448-7f80-8114-f20fae42fb99,017f96ad-05e0-7acf-9f46-6e743e4e5b47,229416000,2026-09-11T16:06:05Z,2026-09-11T23:00:13Z,24848,97.57875474677358,14.137295439809439,16.560232162475586,117.4100570678711,17.794206619262695,118.51712036132812
01a09606-d3e8-778d-8c2d-26b2c74e2b86,014e46f8-2b50-7fa5-837c-4f35983b7791,414742000,2026-09-12T10:08:11Z,2026-09-12T14:30:25Z,15734,48.64235070673777,11.129557807566796,18.423175811767578,118.66565704345703,19.027387619018555,119.23553466796875
01a091fd-1730-7371-80df-6355304f7583,014e4752-5d28-778d-9d19-29ef5cdd0588,574474000,2026-09-11T07:04:39Z,2026-09-11T19:41:18Z,45399,67.42973409262385,5.3469689361758155,12.388351440429688,109.54704284667969,13.510056495666504,109.4902114868164
01a09711-ac68-74aa-8827-3357c54d1e8b,015dab79-2e80-7f02-901b-e754787339b8,351465000,2026-09-12T09:42:05Z,2026-09-12T19:21:53Z,34788,148.54203738803042,15.371718253331881,22.32853126525879,118.83927917480469,21.95766258239746,116.1983871459961
01a08f27-4e68-7d21-8fc5-cbc1af4eea8f,014e47c3-9588-7914-9a71-4af09b458f02,563152500,2026-09-10T15:23:02Z,2026-09-11T06:28:33Z,54331,120.21033393623219,7.965198545405678,19.63467788696289,112.67147827148438,21.400331497192383,113.67945098876953
01a08fb1-46b8-7c41-8727-25b95f412f8a,014e4a96-a318-7178-8b60-7b4c12e232ea,574005830,2026-09-10T03:27:59Z,2026-09-11T08:59:15Z,106276,0.5478057159917581,0.018556405750784082,10.275799751281738,107.09358978271484,10.27085018157959,107.08580017089844
01a08ae8-8790-7dcb-883f-7fea12400d87,014e4721-8540-7124-868e-227ca5604c1e,416443000,2026-09-10T07:09:30Z,2026-09-10T10:41:30Z,12720,40.996672066520766,11.60283171693984,18.332447052001953,113.3817367553711,18.041826248168945,112.73136138916016
01a0928c-7268-70bb-8c52-a2d2064eadb2,0190159e-72c0-772b-b022-366cc6a69e03,563230700,2026-09-11T15:00:16Z,2026-09-11T22:17:53Z,26257,132.09634217314,18.11124011971299,7.094863414764404,110.4747085571289,9.123894691467285,111.33397674560547
01a08c9c-9090-7c17-871f-4ae22a4a7eb4,014e46eb-bbb8-7993-b31b-4fb500457a16,477702000,2026-09-10T12:31:51Z,2026-09-10T18:37:46Z,21955,80.90566606449516,13.26624449247017,18.719024658203125,113.65943908691406,17.40154266357422,113.3618392944336
01a091c9-93b0-77dd-803d-f8776c440e84,019aae34-0c70-7ed4-bede-0a84f2fafa3f,574015308,2026-09-11T09:54:27Z,2026-09-11T18:45:02Z,31835,82.02702727636145,9.275869269511583,8.79634952545166,105.71730041503906,9.611516952514648,106.82796478271484
01a08e75-b1a8-767a-8816-14d205471a8e,0186086d-d870-7149-ae09-ebc38b6c5e61,235086166,2026-09-10T23:03:33Z,2026-09-11T03:14:33Z,15060,76.4152230894614,18.266587192699937,13.823055267333984,113.7108383178711,14.696783065795898,114.66571044921875
01a090f8-ca78-79a9-8d52-56a53a404d94,014e4d99-4070-703c-ad99-e85813dd73a2,370962000,2026-09-10T17:32:53Z,2026-09-11T14:56:59Z,77046,117.95360749842798,5.5114215792428,19.365577697753906,112.36074829101562,20.641515731811523,113.95053100585938
01a09389-7008-72eb-82f3-4075d8460190,014e5dd9-4548-72e4-ad11-419135092418,574396000,2026-09-10T13:11:33Z,2026-09-12T02:54:13Z,135760,140.17144500668022,3.7169799795525105,18.368179321289062,106.53575897216797,20.659669876098633,107.00968170166016
01a09623-c9f8-7782-8ea9-4229de4617a5,014e4c00-e560-7dc0-a27c-b2024c0c0500,636023135,2026-09-12T11:57:35Z,2026-09-12T15:02:03Z,11068,28.822831406205378,9.374972268010422,24.405000686645508,119.3133316040039,24.785512924194336,119.63522338867188
01a09020-5468-7036-86c9-6337014d89a1,0186e7b8-4678-7c50-ab9f-c0f4416a2815,636023614,2026-09-10T12:19:53Z,2026-09-11T11:00:33Z,81640,2.1691444321581335,0.0956506608986928,10.235580444335938,107.09127044677734,10.247746467590332,107.05670166015625
01a08c01-4e78-72ac-8596-ccae624329a6,017c1419-1e78-713c-a068-b1152c89eb29,538009593,2026-09-10T00:50:11Z,2026-09-10T15:48:11Z,53880,180.69947016326088,12.073461258124334,17.757966995239258,109.12645721435547,19.00223731994629,112.01425170898438
01a08e8c-f6b0-7ec1-8942-86b35649f89e,014e48d5-8a58-7efd-b1dd-efc63cd0bcaf,477694500,2026-09-10T23:16:01Z,2026-09-11T03:39:58Z,15837,47.44205624496709,10.784327996582782,21.384716033935547,113.52259826660156,21.723783493041992,114.28998565673828
01a09394-0ec8-71e5-8172-19d79c4659a3,014e46f0-a1a0-7256-a9cc-9cd3b719985a,477752400,2026-09-11T08:09:01Z,2026-09-12T03:05:49Z,68208,273.33712820917725,14.426660531800348,17.59246826171875,114.25321197509766,21.492443084716797,116.74605560302734
01a096ac-c848-7ffc-8fbc-20296a409ea5,014e46eb-5628-745d-a171-882c035e56cb,574004780,2026-09-12T06:50:50Z,2026-09-12T17:31:41Z,38451,0.10135361643991292,0.009489298566583093,21.642099380493164,108.65674591064453,21.641265869140625,108.65516662597656
01a09245-2868-7e44-8708-ec964f4df5bf,0186086d-d870-7149-ae09-ebc38b6c5e61,235086166,2026-09-11T15:33:54Z,2026-09-11T21:00:01Z,19567,94.26365857457435,17.342933043822132,17.36431884765625,117.35169219970703,18.500680923461914,118.4903564453125
01a093f5-93a0-7072-8877-6c964d436f83,014e4820-1920-7043-9e64-380d7d80b1f5,416497000,2026-09-11T23:48:26Z,2026-09-12T04:52:20Z,18234,80.03675609866333,15.801926179400459,14.342891693115234,112.30940246582031,13.11213493347168,111.7822265625
01a09703-96f0-7999-86cb-68da514c76b7,0195ea7e-3ac0-70b7-8a42-d5b2cacf4683,563261900,2026-09-12T09:55:06Z,2026-09-12T19:06:30Z,33084,154.11472351757007,16.769828456754087,10.796110153198242,109.45993041992188,8.961158752441406,107.63793182373047
01a0910b-8370-79a2-85dc-e1da0446bd90,014e46eb-bbb8-7993-b31b-4fb500457a16,477702000,2026-09-11T05:12:05Z,2026-09-11T15:17:26Z,36321,102.52980282388107,10.162365853527486,15.754313468933105,112.93950653076172,14.195384979248047,112.21790313720703
01a0915a-8dd0-79ab-870a-ba84a9477a81,014e470b-1ee0-7c1e-add7-e9a30b4b9eee,311002417,2026-09-11T13:43:16Z,2026-09-11T16:43:46Z,10830,33.62226933756352,11.176377619134689,11.526741981506348,110.2720947265625,10.974983215332031,110.1745376586914
01a0977e-f4f8-73c0-8875-07dd19484e95,014e46eb-bbb8-7993-b31b-4fb500457a16,477702000,2026-09-12T15:45:33Z,2026-09-12T21:21:15Z,20142,68.37420427544254,12.220590576486602,10.637909889221191,110.59537506103516,9.596221923828125,110.1279296875
01a08ce8-6e70-717d-8ec3-0d866a447fac,01851aaf-6b30-78ce-81e3-3dd7e6f390ac,636022523,2026-09-10T16:01:12Z,2026-09-10T20:00:38Z,14366,55.969351080866765,14.025453424134788,12.751216888427734,110.68417358398438,13.46158504486084,111.30394744873047
01a09156-4bf8-7a8f-82e7-97137d4b91bd,0175773b-dbc8-73cc-af1e-8a73d7ff9bd9,563116500,2026-09-11T11:22:22Z,2026-09-11T16:39:07Z,19005,76.42410941340646,14.476547955183543,18.65174102783203,112.10848999023438,17.56243324279785,111.41566467285156
01a09341-eb70-7edb-81e4-5c9eed4bd2b5,014e4bc8-7040-7968-aece-df1c38d8957a,413268570,2026-09-11T11:05:18Z,2026-09-12T01:36:06Z,52248,117.04447443013105,8.064616979568056,11.280108451843262,109.30118560791016,10.284584999084473,107.594970703125
01a08dc7-3d80-774a-8fbf-0cb88d4f36a4,014e4802-d8d8-7d60-8f5b-401f18fe0192,636021689,2026-09-10T17:47:21Z,2026-09-11T00:04:00Z,22599,80.56252650613709,12.833536679591731,9.442498207092285,107.85008239746094,8.954593658447266,109.11632537841797
01a09424-96c8-7449-8a59-5686164a10b1,015cf6ce-b180-721d-8e5d-9cbf672d545c,538007518,2026-09-11T13:24:13Z,2026-09-12T05:43:41Z,58768,0.1022378711979367,0.006262869866467671,22.312253952026367,113.8000259399414,22.312175750732422,113.79818725585938
01a09275-cd88-7aeb-8b99-d01cc24ab5aa,0175684c-95f8-7bee-815a-4897d2879a20,563118300,2026-09-11T16:34:20Z,2026-09-11T21:53:09Z,19129,70.4283530843264,13.254329609680331,20.393980026245117,115.9784927368164,21.403364181518555,116.61817169189453
01a0958d-a478-7322-886b-b8728144179a,014e46f8-2768-7c76-9026-716af6cb7730,538011924,2026-09-12T08:34:03Z,2026-09-12T12:18:03Z,13440,45.61339450516246,12.217873528168516,14.873920440673828,112.9110107421875,14.637189865112305,113.65751647949219
01a08da7-8850-7533-84ff-50eafb46d18b,015a5927-4c00-7f86-9553-a82ca87d6414,636017742,2026-09-10T18:54:04Z,2026-09-10T23:29:22Z,16518,65.58651340044867,14.294191078920887,9.091391563415527,110.2752685546875,9.948978424072266,110.96134948730469
01a095d4-8500-75e5-8451-3776b3444ea9,014e47c5-bc50-78b2-9259-ed0651cba72e,636023060,2026-09-12T08:25:58Z,2026-09-12T13:35:28Z,18570,65.07350440623456,12.615218947896846,11.765950202941895,109.97607421875,12.671250343322754,110.58580780029297
01a08dfa-a1c0-7a98-8119-746e874b5ca8,0157f64b-3f08-790e-be6e-e9a8cbb94c3e,412479780,2026-09-10T12:08:34Z,2026-09-11T01:00:08Z,46294,9.40991668860824,0.7317514165764389,22.31926918029785,114.11727905273438,22.33306121826172,113.9485092163086
01a08f6f-1568-7aa3-8b28-56c78f4c0e99,015cf6ce-b180-721d-8e5d-9cbf672d545c,538007518,2026-09-10T21:50:59Z,2026-09-11T07:46:57Z,35758,0.24584559369764425,0.024750940693313923,22.359987258911133,113.9244384765625,22.358198165893555,113.92045593261719
01a08d41-b5e8-74b2-83fe-0cc2ac41e492,014e4bc8-7040-7968-aece-df1c38d8957a,413268570,2026-09-10T13:49:21Z,2026-09-10T21:38:09Z,28128,86.09654869538599,11.019182853505033,14.318341255187988,111.79010009765625,13.197065353393555,110.86979675292969
01a08fa5-5038-7747-8cb0-bc7a4a497884,01815c01-6420-7eef-8455-605a26b9b696,477833800,2026-09-10T12:17:28Z,2026-09-11T08:46:11Z,73723,0.07808322940715319,0.003812916265829544,22.358448028564453,113.92172241210938,22.357702255249023,113.92057037353516
01a090fc-5c88-74ea-8b58-0617a748cbb5,0172bd3f-8460-7e1e-b34a-8af19ba33786,355341000,2026-09-11T02:44:48Z,2026-09-11T15:00:53Z,44165,172.9611819726594,14.098500058905781,21.13460922241211,114.79766845703125,18.78764533996582,116.57508087158203
01a09416-0450-7f69-85c9-8fbe624f7f9e,014e4a96-a318-7178-8b60-7b4c12e232ea,574005830,2026-09-11T21:55:47Z,2026-09-12T05:27:46Z,27119,84.94618031754793,11.276457433650672,8.116966247558594,106.65465545654297,6.758999824523926,106.2542495727539
01a091e0-b590-7ff6-8a72-7b702f474fa5,014e46ec-ec68-7d4f-b6d5-1861401a4ff4,416083000,2026-09-11T15:42:08Z,2026-09-11T19:10:18Z,12490,55.163919662323245,15.89992880579373,16.403980255126953,110.9338607788086,15.519651412963867,110.67462921142578
01a092df-7468-7bcd-808a-2865dd4119af,016b4973-9118-70c5-a5ce-3696e0654b65,354977000,2026-09-11T20:43:34Z,2026-09-11T23:48:33Z,11099,59.476608241051046,19.291448749237208,14.119046211242676,112.20967864990234,14.956993103027344,112.75550842285156
01a09530-59a8-7d65-8a11-a8f11d4ef9b6,014e4752-5d28-778d-9d19-29ef5cdd0588,574474000,2026-09-11T19:41:18Z,2026-09-12T10:36:09Z,53691,96.18299788568903,6.449103059888632,13.510056495666504,109.4902114868164,15.059026718139648,109.0685043334961
01a0949d-83d0-78a7-8448-cfef174ce8bf,01732d87-fe50-7080-bd75-99b0839c1053,477594900,2026-09-11T21:02:29Z,2026-09-12T07:55:46Z,39197,0.16814438675110446,0.015443013299588644,24.40121841430664,118.10575866699219,24.399524688720703,118.10330963134766
01a08a30-14d0-7376-80ae-8175b94888be,0157f64b-3f08-790e-be6e-e9a8cbb94c3e,412479780,2026-09-10T04:11:24Z,2026-09-10T07:20:02Z,11318,4.844280478716671,1.5408561338911484,22.330549240112305,114.0860824584961,22.30002784729004,114.16681671142578
01a095e8-0918-796a-8fa0-de1d0b454b8e,018804ce-9338-70a5-9743-2145387e80b5,538010385,2026-09-12T05:42:30Z,2026-09-12T13:56:47Z,29657,85.40055463393489,10.366591249356494,21.39211082458496,113.7258529663086,20.697731018066406,112.39574432373047
01a0942d-baa0-751c-838e-8786804f9f9b,0197cf08-0dc8-7c25-bee6-e975b7393b1c,477997241,2026-09-11T10:13:00Z,2026-09-12T05:53:40Z,70840,0.15877869817047885,0.008068934407308355,22.36013412475586,113.92536163330078,22.35924530029297,113.92266845703125
01a09049-8f18-7b1f-8092-4257f040358e,016ef936-7108-7be5-bc1d-539eafd1b6f2,538008811,2026-09-10T03:07:38Z,2026-09-11T11:45:35Z,117477,0.4221840241753853,0.012937532342768262,10.275732040405273,107.09178161621094,10.274833679199219,107.09886932373047
01a08e28-4940-7ec8-890a-3adeab4cad99,014e4752-5d28-778d-9d19-29ef5cdd0588,574474000,2026-09-10T08:38:59Z,2026-09-11T01:50:00Z,61861,139.8259382207952,8.137168451768686,9.751529693603516,108.4259262084961,11.869132041931152,109.41270446777344
01a09600-9258-70da-8a2b-35db384d488d,01924a9c-d488-7b40-a7d7-1d7764223d1c,636023775,2026-09-12T09:38:35Z,2026-09-12T14:23:35Z,17100,53.880198876944284,11.343199763567219,10.014933586120605,109.35541534423828,10.886491775512695,109.57282257080078
01a0930c-9ee8-7f4b-8879-fb481e4c3d8a,014e46f1-41c8-7492-a374-c310539bbdd3,413131000,2026-09-11T19:16:24Z,2026-09-12T00:37:53Z,19289,66.05616122611144,12.328383037689937,6.1173200607299805,107.14293670654297,5.154613494873047,106.60778045654297
01a095e7-8c18-78b7-83b4-547d6543cd8b,0164161b-43f8-7e25-af1b-a750c429f7ac,370700000,2026-09-12T09:35:02Z,2026-09-12T13:56:15Z,15673,74.35834094182134,17.079692936295338,22.422073364257812,118.8651351928711,22.317867279052734,117.53062438964844
01a08e6f-cdd8-7d9f-8433-5d82dd4163a9,01851aaf-6b30-78ce-81e3-3dd7e6f390ac,636022523,2026-09-10T23:14:09Z,2026-09-11T03:08:07Z,14038,50.38580880539101,12.921278793233197,13.973714828491211,111.80516052246094,14.623316764831543,112.35343933105469
01a090fe-f880-78b6-8a92-4bcd5c4cfabc,0194f390-7048-72db-b83a-e07547c3baad,563250400,2026-09-11T11:50:54Z,2026-09-11T15:03:44Z,11570,41.09213349562489,12.785797803305929,4.00116491317749,104.81273651123047,3.317183256149292,104.83692169189453
01a093ca-a758-7280-8782-6f61b74f17b1,014e4746-2c10-728d-9bd1-b2fb8fa20e13,255806105,2026-09-11T10:17:37Z,2026-09-12T04:05:27Z,64070,0.1743441729332459,0.009796145193689484,22.359256744384766,113.92265319824219,22.35835075378418,113.91967010498047
01a09764-5c60-7ff1-8d6b-6fa72a4ad3a8,014e95d4-8de0-775f-ad6c-8a007250765f,574946000,2026-09-12T15:52:05Z,2026-09-12T20:52:12Z,18007,46.08949029465417,9.214314714319709,20.35824203491211,111.19202423095703,20.21976089477539,110.38703155517578
01a0971a-a160-7973-8451-3283ad4eda93,014e4820-1920-7043-9e64-380d7d80b1f5,416497000,2026-09-12T16:06:00Z,2026-09-12T19:31:40Z,12340,47.41472207162431,13.832495904201583,10.729166984558105,110.798095703125,10.020687103271484,110.44343566894531
01a095ec-a0e0-7689-8bc0-41f57e4c4b8e,014e95d4-8de0-775f-ad6c-8a007250765f,574946000,2026-09-12T05:45:06Z,2026-09-12T14:01:48Z,29802,79.91908412587193,9.654006538257129,21.136274337768555,112.71358489990234,20.497907638549805,111.46397399902344
01a09676-08a8-78dc-8774-85de9c497c96,014e4704-3940-7bf1-be90-0cc2cc4fa0e9,376212000,2026-09-12T07:26:30Z,2026-09-12T16:31:53Z,32723,109.80214954913696,12.079813537172416,8.796226501464844,110.210205078125,10.170661926269531,111.4333724975586
01a09229-ff48-7849-8b1c-16b0d342a184,014e474b-19c8-7dcb-bd44-d296455903ea,477979600,2026-09-11T03:48:22Z,2026-09-11T20:30:21Z,60119,176.62826701369625,10.576718861745979,21.45164680480957,115.98084259033203,20.587160110473633,118.9933090209961
01a0967e-78d0-75ca-88de-80896841f5be,017a45e0-3f10-70e5-bfcc-1535128fa7b2,352254000,2026-09-11T15:02:36Z,2026-09-12T16:41:06Z,92310,0.020139343257263954,0.0007854147516645026,20.813396453857422,106.90198516845703,20.813671112060547,106.90177917480469
01a0972d-8d20-76ff-8c83-13f7f64a98a9,014e46f0-a1a0-7256-a9cc-9cd3b719985a,477752400,2026-09-12T15:34:50Z,2026-09-12T19:52:20Z,15450,48.77994317886767,11.366200352357515,23.657838821411133,118.34571838378906,24.15872573852539,119.04544067382812
01a094a0-3738-7bdd-81b6-5a5b3b4e92b9,014e46f8-2768-7c76-9026-716af6cb7730,538011924,2026-09-11T20:44:43Z,2026-09-12T07:58:43Z,40440,136.51471311983585,12.152645084851857,15.377552032470703,110.4826431274414,14.902508735656738,112.78614807128906
01a08f48-5b58-7a0f-824b-05ec3d4ac082,014e4752-5d28-778d-9d19-29ef5cdd0588,574474000,2026-09-11T02:17:50Z,2026-09-11T07:04:39Z,17209,29.030698368138044,6.073014941327036,11.919708251953125,109.42530059814453,12.388351440429688,109.54704284667969
01a09305-28c0-7913-8aef-4b2a9d48619d,014e46eb-17a8-72e8-bf44-12876e7b748e,636018571,2026-09-10T01:30:49Z,2026-09-12T00:29:44Z,169135,7.288412883624438,0.15513221025244908,22.360017776489258,113.92450714111328,22.314208984375,113.80297088623047
01a09579-f568-7cc8-87f3-a8664d4fc993,014e46fc-80b0-71a9-9efe-83d63703b7f9,413165000,2026-09-11T12:38:10Z,2026-09-12T11:56:33Z,83903,0.22015322165719456,0.009446046005099941,22.359272003173828,113.92361450195312,22.358272552490234,113.9197998046875
01a09029-4960-76c6-8461-391ee841d698,017f96ad-05e0-7acf-9f46-6e743e4e5b47,229416000,2026-09-10T20:35:01Z,2026-09-11T11:10:20Z,52519,213.32174221275102,14.622484662044283,12.985505104064941,114.2002944946289,15.663658142089844,116.61023712158203
01a0931d-8af0-70ea-8b55-92b81b400285,014e5233-46a8-7e9c-9ed9-ef1f33cd0b7d,416427000,2026-09-11T04:00:22Z,2026-09-12T00:56:22Z,75360,0.1582720255227214,0.007560765550448475,10.27720832824707,107.09405517578125,10.276013374328613,107.09644317626953
01a09123-e1b8-7cdc-8db2-87a8d247eba1,015a5927-4c00-7f86-9553-a82ca87d6414,636017742,2026-09-11T09:14:27Z,2026-09-11T15:44:03Z,23376,96.57066982159749,14.872279746652591,11.822816848754883,112.51618957519531,13.104846954345703,113.5109634399414
01a08fba-62c0-7248-8db7-1355d44bcd9f,014e46ec-ec68-7d4f-b6d5-1861401a4ff4,416083000,2026-09-10T20:49:30Z,2026-09-11T09:09:12Z,44382,199.06543015242326,16.146986358179525,20.697473526000977,113.66845703125,17.976951599121094,111.65977478027344
01a09429-4600-7b5a-87ed-7733f0491099,0172bd3f-8460-7e1e-b34a-8af19ba33786,355341000,2026-09-12T02:11:16Z,2026-09-12T05:48:48Z,13052,59.83937136864929,16.504883307319755,16.264394760131836,118.21028137207031,15.418986320495605,118.75894927978516
01a09500-54b0-7d21-888c-3c8c3d4619a5,01926a45-3730-7381-9acb-074f84e2e999,563240200,2026-09-12T00:14:41Z,2026-09-12T09:43:42Z,34141,172.0011348741567,18.136671027414664,13.07684326171875,111.26851654052734,15.576238632202148,112.71353149414062
01a09253-ca80-7800-8733-e0672f433593,014e46fb-ec40-75ba-a172-0ff73c850ad9,256169000,2026-09-11T15:39:54Z,2026-09-11T21:16:00Z,20166,69.36514062255733,12.382946853178936,22.773719787597656,117.0924301147461,22.28338623046875,115.95990753173828
01a089f0-d180-79c2-8481-be97664e8e87,014e47c5-bc50-78b2-9259-ed0651cba72e,636023060,2026-09-10T02:25:50Z,2026-09-10T06:10:56Z,13506,57.085270434423165,15.215976126456642,6.993833541870117,106.94255828857422,7.937016487121582,107.06353759765625
01a09005-7198-71cc-8068-382d0b4ad7b9,01851aaf-6b30-78ce-81e3-3dd7e6f390ac,636022523,2026-09-11T06:13:58Z,2026-09-11T10:31:11Z,15433,57.88459095539338,13.502528830390474,15.067968368530273,112.87920379638672,15.773797035217285,113.56045532226562
01a08e8c-0480-772f-8d5a-c1d6624f048e,014e4721-8540-7124-868e-227ca5604c1e,416443000,2026-09-10T10:41:30Z,2026-09-11T03:38:56Z,61046,198.2965011602766,11.693925960374076,18.041826248168945,112.73136138916016,15.99344539642334,110.02175903320312
01a09163-57d0-761a-8ccb-dfb16744adab,01808762-f0d0-70b4-8aa0-7a3dc0e7520e,574000520,2026-09-10T11:10:40Z,2026-09-11T16:53:22Z,106962,71.13580139070531,2.3942043436597964,12.000823020935059,110.36327362060547,11.88319206237793,109.15824890136719
01a09596-85e8-7abb-832f-2a897449e1a6,014e4723-5de8-7d30-841f-038683cc90f5,636015142,2026-09-12T03:49:40Z,2026-09-12T12:27:45Z,31085,114.76495110101179,13.291099371518174,23.30811309814453,122.74185180664062,25.21517562866211,122.88400268554688
01a09727-3fd8-73bb-882e-eac9904f88b8,0172bd3f-8460-7e1e-b34a-8af19ba33786,355341000,2026-09-12T16:26:09Z,2026-09-12T19:45:27Z,11958,54.30999702220793,16.350224893790646,12.953022956848145,120.45263671875,12.111603736877441,120.79276275634766
01a09084-3aa0-7e1e-86bb-4006244778a9,017c1419-1e78-713c-a068-b1152c89eb29,538009593,2026-09-11T02:48:51Z,2026-09-11T12:49:40Z,36049,94.1968579799483,9.406881986402228,20.10733413696289,113.82390594482422,20.957731246948242,115.2317886352539
01a094d9-44b0-7fc6-86dd-de54c54518a5,01891a4d-4190-7a25-b98a-fc9eae5131b0,563197800,2026-09-12T04:07:22Z,2026-09-12T09:01:02Z,17620,71.18819928075713,14.544694518202364,21.49543571472168,113.60785675048828,20.44489288330078,113.01914978027344
01a08a7a-29a8-739b-8a9a-b378364ebeb1,014e46ec-d8e0-7703-b992-ada4eaa3980d,256937000,2026-09-10T01:53:52Z,2026-09-10T08:40:57Z,24425,54.7719463101094,8.072835484806298,20.29818344116211,107.82044982910156,19.813833236694336,108.6434097290039
01a09362-1da0-7dcd-8afd-9139ed4ad1ac,0172bd3f-8460-7e1e-b34a-8af19ba33786,355341000,2026-09-11T18:26:01Z,2026-09-12T02:11:16Z,27915,124.10012343466218,16.004314682600175,18.023286819458008,117.07413482666016,16.264394760131836,118.21028137207031
01a08e95-dff0-78fb-8c77-3086c9409286,014e46ec-d8e0-7703-b992-ada4eaa3980d,256937000,2026-09-10T21:58:00Z,2026-09-11T03:49:42Z,21102,52.036085806815976,8.877353279525046,19.70643424987793,108.92987823486328,20.1466007232666,109.72401428222656
01a09080-9cd8-7f5a-8728-9bc48147e69a,014e4765-3560-7f44-8802-7df809a1039c,636025100,2026-09-11T08:32:32Z,2026-09-11T12:45:43Z,15191,55.44156205888627,13.138675756170798,21.79021644592285,117.31106567382812,22.03726577758789,118.27010345458984
01a094df-7a88-7bf9-8d1c-2fa7ae400c86,01808739-5478-7059-a81e-d5f26a9e6269,574005640,2026-09-11T05:33:54Z,2026-09-12T09:07:49Z,99235,0.04296153163408548,0.001558537954176528,20.813350677490234,106.9023208618164,20.813467025756836,106.90156555175781
01a09353-6be8-7662-862f-56e47841e497,014e46fb-ec40-75ba-a172-0ff73c850ad9,256169000,2026-09-11T22:48:39Z,2026-09-12T01:55:13Z,11194,29.206940860596198,9.392977228707014,22.169050216674805,115.64085388183594,22.03324317932129,115.1366958618164
01a09649-b8e8-789c-8eca-9c05a04bbfaa,017f96ad-05e0-7acf-9f46-6e743e4e5b47,229416000,2026-09-12T05:50:02Z,2026-09-12T15:43:29Z,35607,130.48260360857546,13.192276040971485,19.011518478393555,119.61797332763672,20.65131950378418,121.13416290283203
01a08dc7-d1f0-7fd7-8f48-61db3e4b9b9b,018fe606-9470-733a-af09-07a49bdffead,477979400,2026-09-10T09:15:24Z,2026-09-11T00:04:38Z,53354,0.17940461229322105,0.01210512059556164,22.312602996826172,113.79942321777344,22.311805725097656,113.79631042480469
01a08ed5-2340-78b3-8d96-2b0e2641ec99,015a5927-4c00-7f86-9553-a82ca87d6414,636017742,2026-09-11T01:45:38Z,2026-09-11T04:58:48Z,11590,47.49602214539254,14.752862788905361,10.38043212890625,111.32096099853516,11.002532958984375,111.81824493408203
01a093af-b100-7774-89dd-36ac19463184,014e54bc-3790-7f00-984a-af4d2e801f00,567359000,2026-09-11T22:01:21Z,2026-09-12T03:36:00Z,20079,54.16583045351617,9.711489099689139,6.822700023651123,103.65412139892578,6.861376762390137,102.74633026123047
01a09080-0480-7d91-8bd0-de1267451a82,0190159e-72c0-772b-b022-366cc6a69e03,563230700,2026-09-10T21:08:25Z,2026-09-11T12:45:04Z,56199,277.96169111096606,17.805692058568262,2.2379932403564453,108.39229583740234,6.4952216148376465,110.21707153320312
01a09582-f618-7eaa-81b9-789c7f48f4be,0180b67e-6f48-72ad-a2d5-da5870e9e0cf,563291200,2026-09-12T08:46:35Z,2026-09-12T12:06:23Z,11988,64.62624103983,19.407279591540544,7.929116725921631,107.91121673583984,8.786301612854004,108.56922912597656
01a094f8-f5f8-7234-8004-66313c4992b9,0150e9d9-0b58-7342-a1cc-77d29348175b,636018913,2026-09-12T04:07:56Z,2026-09-12T09:35:39Z,19663,24.283916374320494,4.446020390965456,19.81270980834961,109.09172821044922,20.149063110351562,108.85272216796875
01a092e7-86d0-7b1a-828d-39265d44f092,015f7a09-74e8-7d85-8bc9-025588443da9,374747000,2026-09-11T20:54:54Z,2026-09-11T23:57:22Z,10948,38.071048169962616,12.518795525380472,21.821035385131836,120.97490692138672,21.4721622467041,120.40524291992188
01a089cf-4b78-7bf6-8131-7923c440df97,014e46f2-a928-70ec-9c30-f36197e0efb7,565004000,2026-09-10T00:53:56Z,2026-09-10T05:34:19Z,16823,65.81485533273528,14.083901753423705,22.42053985595703,118.688720703125,22.293132781982422,117.51148223876953
01a096af-a2c0-77aa-84e1-2365bc4e2592,0180873e-3a60-7dee-91ae-c09106db93c2,574003200,2026-09-11T20:46:25Z,2026-09-12T17:34:48Z,74903,65.75766907723391,3.1604556383328046,12.051666259765625,109.41000366210938,13.138333320617676,109.55000305175781
01a08b24-3100-713a-8c6e-346c2a46cda3,0186949e-f9a0-7a83-b50a-c1b6dbd5b1f4,372280000,2026-09-10T00:00:49Z,2026-09-10T11:46:40Z,42351,153.78990470328947,13.072741067078512,10.036529541015625,107.4803466796875,7.503311634063721,107.0966567993164
01a08ceb-3560-725d-8805-a1bc0242088e,01808739-5478-7059-a81e-d5f26a9e6269,574005640,2026-09-10T13:57:53Z,2026-09-10T20:03:40Z,21947,64.66950029949598,10.607837111139816,21.2454833984375,108.45574951171875,20.672266006469727,107.47923278808594
01a09051-b508-77dc-82bc-b5a80a4c0489,014e46f8-2768-7c76-9026-716af6cb7730,538011924,2026-09-10T15:51:39Z,2026-09-11T11:54:29Z,72170,217.68415527977356,10.8585694749506,19.968385696411133,108.1771240234375,16.785385131835938,110.00672149658203
01a094ec-c0f8-7068-8983-6fe5214ea6a8,0157f64b-3f08-790e-be6e-e9a8cbb94c3e,412479780,2026-09-12T06:18:15Z,2026-09-12T09:22:19Z,11044,7.6611821202622785,2.497306739672601,22.353673934936523,114.04165649414062,22.300046920776367,114.16682434082031
01a08af4-81f8-7a2d-83ee-bd497946bca8,014e46ef-70f0-70ee-94eb-2e50e66933c9,477655800,2026-09-10T07:28:47Z,2026-09-10T10:54:35Z,12348,68.43639807830256,19.95230264673544,20.19761848449707,114.07593536376953,19.11298179626465,113.70382690429688
01a09102-5f98-7c0a-8699-924f0241bd94,014e47c5-bc50-78b2-9259-ed0651cba72e,636023060,2026-09-10T16:34:40Z,2026-09-11T15:07:27Z,81167,0.8680517303670557,0.03850069892100731,10.267399787902832,107.08606719970703,10.277983665466309,107.09607696533203
01a090a1-adb0-7109-8aba-d2f0bb4ea69d,014e4adb-b6b0-725c-af12-d8365486decc,477612200,2026-09-11T04:38:15Z,2026-09-11T13:21:50Z,31415,108.11124558536828,12.38900156318083,19.02342414855957,113.7672119140625,20.783937454223633,114.16926574707031
01a092e5-5068-7bf6-8d86-ace4bb478ebc,01502a70-4808-7460-80b4-6cbe30b2c562,211886810,2026-09-11T20:39:45Z,2026-09-11T23:54:57Z,11712,63.57450923791318,19.541345052637247,22.89961051940918,117.29545593261719,21.893709182739258,116.93778991699219
01a0921d-7840-7e5e-8577-88ff1a44cf81,014e46f0-c8b0-7a7b-9c7b-ad07c39caa5d,235093619,2026-09-10T08:45:18Z,2026-09-11T20:16:40Z,127882,1.817231894762269,0.051156807221846456,22.5230655670166,114.41034698486328,22.53158950805664,114.37890625
01a08b01-dbf0-773d-829a-ed258145709f,014e46eb-5240-76b2-9d63-11229f2d1a9a,352004357,2026-09-10T07:52:10Z,2026-09-10T11:09:10Z,11820,30.330095522705406,9.237592544986418,7.785860061645508,108.05260467529297,8.238333702087402,108.2794418334961
01a0920f-7a38-7f97-8d74-b14b4f479e9b,0167fccb-c540-7914-aab1-ba9b627d8663,414076000,2026-09-11T16:44:03Z,2026-09-11T20:01:23Z,11840,39.13848104226352,11.900213830417963,16.662939071655273,116.8077621459961,16.2548828125,117.33783721923828
01a08e6c-cc50-78e6-88c3-362155470fb4,014e592c-c0b0-7cf9-9a16-fe36149f66eb,574003890,2026-09-10T21:47:37Z,2026-09-11T03:04:50Z,19033,41.909153833263666,7.9269139809672255,14.74537467956543,109.17980194091797,15.373749732971191,108.86506652832031
01a09515-0590-78cb-88de-94b6094f05b7,014e46f0-b528-7f25-8b62-290cfd5663a5,636022043,2026-09-12T03:01:02Z,2026-09-12T10:06:18Z,25516,0.011080724345365289,0.001563356624992751,20.813575744628906,106.90177154541016,20.813528060913086,106.90196228027344
01a08d90-27f0-7cb2-8a9c-8225e94a75b7,014e473d-5e28-7670-a779-ea7004c20251,563160800,2026-09-10T16:50:44Z,2026-09-10T23:03:50Z,22386,70.27008119906995,11.30046869993084,8.239216804504395,106.90991973876953,9.401700019836426,107.0472640991211
01a09289-bf00-79a4-81d2-a2c3ba421cb9,014e46f7-7f70-7304-8332-94deb5a719ae,477950200,2026-09-11T15:29:36Z,2026-09-11T22:14:56Z,24320,90.82270033780942,13.444149721057316,4.386273384094238,107.2549057006836,2.924281597137451,106.86575317382812
01a096a9-bb08-7db7-8c1f-6dc53f4f0c9b,014e4b47-de30-7934-bc85-87729beada63,563110800,2026-09-12T11:43:51Z,2026-09-12T17:28:21Z,20670,26.445257726067496,4.605850402217851,9.909066200256348,109.46613311767578,9.595316886901855,109.1524658203125
01a095d5-cd20-7a72-8533-bff11f4fdf95,014e473e-b9d0-7847-bc2b-ba94b2aa925a,352456000,2026-09-11T23:41:16Z,2026-09-12T13:36:52Z,50136,0.09380419346143339,0.006735581148499286,22.313318252563477,113.8004150390625,22.31234359741211,113.7990951538086
01a08fbd-1df8-71e6-8146-a29bb7452aab,01797d3d-e940-71f0-bfd3-abd7aa7df6ab,563132500,2026-09-10T15:15:05Z,2026-09-11T09:12:11Z,64626,297.0632651032176,16.547949035551994,20.90081214904785,117.77130889892578,17.080839157104492,114.4449462890625
01a09216-e890-7f9d-86ca-bd02354c43be,018a3b4a-6188-7f97-84d5-f98323f9fbbf,636021536,2026-09-11T15:18:25Z,2026-09-11T20:09:30Z,17465,83.59038424571531,17.23019658085171,5.816063404083252,107.19670104980469,6.904656887054443,108.07000732421875
01a09124-4b30-7329-89c3-87ced24f09a0,014e46eb-61e0-7690-a4f0-542b8c054b36,574206000,2026-09-10T05:38:21Z,2026-09-11T15:44:30Z,122769,337.36892674025387,9.892791635224803,5.318150043487549,114.9162368774414,8.153266906738281,110.03063201904297
01a093ec-ecc8-7ca8-81b3-0b9bd24ab592,014e46ef-3e28-76ae-8124-a9ea954206b5,413295960,2026-09-11T09:32:15Z,2026-09-12T04:42:53Z,69038,0.24420009687475489,0.012733861768143884,22.35996437072754,113.92430877685547,22.358522415161133,113.92019653320312
01a09241-05d0-75f2-89e1-70926c41018e,01903c43-3988-7bf7-80ed-26f406f33899,538007312,2026-09-11T13:38:00Z,2026-09-11T20:55:30Z,26250,118.54847584440896,16.258076687233228,17.47366714477539,111.50133514404297,15.692756652832031,110.6116943359375
01a09200-2470-739c-8778-b61af14635b2,0171779d-6d10-722d-b4df-cd9cecf275d1,440017000,2026-09-11T12:31:20Z,2026-09-11T19:44:38Z,25998,110.94968221795038,15.363445495215839,8.242103576660156,105.91069030761719,8.906689643859863,107.65446472167969
01a093cf-0488-7de1-8d24-f7fb5148e99e,0180873b-dce8-786f-abd5-75ac584feb15,563169900,2026-09-11T21:48:59Z,2026-09-12T04:10:13Z,22874,114.9617910611036,18.093138402551933,8.083294868469238,108.00415802001953,9.64006519317627,109.1324234008789
01a0923d-ba10-7a46-8e63-36d4904755a5,0159b56a-9068-7585-ab5e-a92faa78d915,440716000,2026-09-11T02:25:25Z,2026-09-11T20:51:54Z,66389,0.1703685668983522,0.009238380467156727,24.402057647705078,118.10575866699219,24.399782180786133,118.10389709472656
01a09514-9830-7ff9-862e-adacbc49159d,0185a5c2-7a00-7c51-aa7d-438f1365adf7,538010433,2026-09-12T04:16:12Z,2026-09-12T10:05:50Z,20978,95.45881665643796,16.38153017271316,22.267183303833008,117.07691955566406,22.189228057861328,115.3614273071289
01a092df-9b78-77b5-8ce6-ec7ca546b391,01771463-c5b8-7910-8ad1-a6592b1b677a,563161700,2026-09-11T20:10:38Z,2026-09-11T23:48:43Z,13085,51.4341071742844,14.150766971908585,22.148056030273438,116.7628402709961,22.249900817871094,117.6815185546875
01a09647-0d50-7eb9-83e5-fc913940dfb6,014e47a3-a1d8-7fe9-bedf-4730b96a77f8,370338000,2026-09-12T08:37:55Z,2026-09-12T15:40:34Z,25359,81.25501988513416,11.53507912719283,13.66308307647705,114.74873352050781,14.668107986450195,115.68350982666016
01a0963f-c608-71b1-8a8f-924644497c8e,017520f2-32a8-774f-af52-f4fe139140fd,477629900,2026-09-12T12:01:25Z,2026-09-12T15:32:37Z,12672,58.32276963937132,16.568968647548672,19.604772567749023,119.57604217529297,19.141565322875977,120.48113250732422
01a09400-1320-73cf-8179-eb4ec34d64a2,014e4c56-6030-7001-81b7-8d99b454dbc3,414734000,2026-09-12T01:30:28Z,2026-09-12T05:03:48Z,12800,36.06991112595687,10.14466250417537,22.065418243408203,114.97148132324219,22.442684173583984,115.47663879394531
01a09447-68d8-7f97-82ce-8c2244433a8d,01851185-f998-7314-a95c-a26bf55395f9,477859800,2026-09-11T15:01:44Z,2026-09-12T06:21:43Z,55199,0.14292518373695115,0.009321376500534868,24.401338577270508,118.10511016845703,24.399431228637695,118.10354614257812
01a09508-0188-712d-8ee8-3d452b4d5cbf,01775a9a-1b68-7a08-8c43-fcb84ca626fc,563124300,2026-09-12T05:39:44Z,2026-09-12T09:52:05Z,15141,54.00565227672318,12.840654395099627,3.150291681289673,108.5606689453125,2.2699899673461914,108.37567138671875
01a09410-95b0-7068-8f19-4344304268bc,019360dc-42a0-774c-9560-d48fbb143b13,563246800,2026-09-11T23:51:21Z,2026-09-12T05:21:50Z,19829,91.70432065099074,16.649127759522248,14.221920013427734,112.50663757324219,12.920726776123047,111.68378448486328
01a0968b-07a8-741d-8279-1c1d6443849a,01797d3d-e940-71f0-bfd3-abd7aa7df6ab,563132500,2026-09-12T10:28:29Z,2026-09-12T16:54:49Z,23180,79.98962446722372,12.42289249706667,12.195538520812988,110.18273162841797,11.170815467834473,109.31331634521484
01a08d5d-40b0-71ff-8ff4-70f39a46c683,01884d68-b218-756e-9284-2cd7ea4834f1,477891900,2026-09-10T00:33:56Z,2026-09-10T22:08:14Z,77658,0.18236286164155643,0.008453814184109856,24.401451110839844,118.10565185546875,24.399389266967773,118.10320281982422
01a096dc-4c58-7af6-8010-28fd6b4c679f,014e4747-35b0-7c5b-9e16-8ef96f7f7f2a,477793400,2026-09-10T19:14:07Z,2026-09-12T18:23:35Z,169768,2.2780591065401024,0.04830717675618708,22.512760162353516,114.40968322753906,22.529361724853516,114.37274932861328
01a09623-54c8-76a1-88c6-f40dac46679c,014e4cc0-dde8-72dc-85d5-0ed7abe43752,477024800,2026-09-10T08:19:27Z,2026-09-12T15:01:33Z,196926,38.070907044246596,0.6959734385469046,9.0649995803833,102.61333465576172,9.488333702087402,103.09166717529297
01a095fd-69c0-7ce0-81ac-5e5a954303aa,014e556c-2a88-70fa-88b2-2af4724e2acc,373302000,2026-09-12T10:28:37Z,2026-09-12T14:20:08Z,13891,36.05594606800631,9.344280890131934,24.94853401184082,119.78026580810547,25.407917022705078,120.20765686035156
01a09726-f1b8-76a8-8509-14d68c4077b4,017520f2-32a8-774f-af52-f4fe139140fd,477629900,2026-09-12T16:07:24Z,2026-09-12T19:45:07Z,13063,60.815981139379474,16.7601264718492,19.059329986572266,120.64458465576172,18.716964721679688,121.65214538574219
01a096cc-1018-79fe-85da-5098444e41a6,01925b92-a470-7047-a246-7308666a7a51,563239900,2026-09-12T12:26:51Z,2026-09-12T18:05:51Z,20340,102.6930138823684,18.175754669445734,22.44171714782715,119.29551696777344,22.263629913330078,117.4561996459961
01a093b7-32e0-7017-87b6-ba7ff84976a5,01934cb8-d1a8-7cf0-b931-ba8cc45fc17a,563242900,2026-09-10T21:25:35Z,2026-09-12T03:44:12Z,109117,0.2759770135201749,0.009105063818402537,22.359771728515625,113.92411041259766,22.358015060424805,113.91951751708984
01a092b4-68e0-7df6-8689-675d174e91a3,014e4878-6a80-7f2a-910f-96a10d3de4ec,354625000,2026-09-11T18:04:08Z,2026-09-11T23:01:32Z,17844,99.82139942992428,20.13881629386502,4.9163818359375,106.75442504882812,6.127316474914551,107.89895629882812
01a08d30-73f0-7494-80d8-9fbddb4a92a2,014e46eb-5240-76b2-9d63-11229f2d1a9a,352004357,2026-09-10T15:24:01Z,2026-09-10T21:19:18Z,21317,52.50336651651867,8.866731691113534,8.802536964416504,108.57720184326172,9.468021392822266,109.15178680419922
01a09336-75d8-7774-89b8-29944142a39c,014e47a3-a1d8-7fe9-bedf-4730b96a77f8,370338000,2026-09-11T20:57:31Z,2026-09-12T01:23:35Z,15964,50.85554409118135,11.468301097986272,12.031893730163574,113.28811645507812,12.672916412353516,113.85489654541016
01a08c69-5748-70a7-88a3-2f4117406ea4,014e4708-7730-7554-8280-593cc37a1f8d,419002072,2026-09-10T10:54:35Z,2026-09-10T17:41:49Z,24434,50.24392442318096,7.402722760229658,21.388757705688477,108.5763168334961,20.55632972717285,108.48446655273438
01a09465-5500-761a-8275-833d3646e0a7,014e46ed-1b48-7eab-b04b-c49bd09c9b22,636017802,2026-09-11T22:32:44Z,2026-09-12T06:54:24Z,30100,116.98074834992515,13.991052958795036,9.187968254089355,108.07817077636719,8.188056945800781,106.38652038574219
01a09279-b1a0-7c17-889f-4580e142a6b4,0163a825-8bd8-748a-90c3-5f4becb3c512,351291000,2026-09-11T13:17:10Z,2026-09-11T21:57:24Z,31214,114.89973698551796,13.251715677191793,22.450305938720703,118.2970962524414,22.22410011291504,116.24263000488281
01a08fd3-0b40-75ca-88da-54714e4d31ad,014e46f3-6c78-7a48-aa63-ae0a595277cc,477067900,2026-09-10T03:06:58Z,2026-09-11T09:36:08Z,109750,0.12222310477453223,0.004009140566636137,24.4002742767334,118.10552215576172,24.39963150024414,118.10340118408203
01a08c0e-1400-7fcd-87fb-9f72b1441e9a,014e4b48-5b30-7bf1-a95a-0ac172657cb7,370343000,2026-09-10T02:02:21Z,2026-09-10T16:02:08Z,50387,228.23287744656457,16.306554444750283,5.858166694641113,114.75379943847656,8.957083702087402,116.9741439819336
01a08e38-4ae8-71e6-8e9b-8054f64bb8a3,014e4c1e-0a50-718c-a692-51f1204f0872,574006250,2026-09-10T20:01:18Z,2026-09-11T02:07:29Z,21971,78.50530516467728,12.863278803551873,8.845751762390137,105.89395904541016,9.642483711242676,106.94437408447266
01a0965e-cf58-7177-8a41-e499624ad98b,014e4878-6a80-7f2a-910f-96a10d3de4ec,354625000,2026-09-12T09:34:20Z,2026-09-12T16:06:31Z,23531,131.68431715008077,20.146340645968753,8.772368431091309,110.18065643310547,10.514089584350586,111.53278350830078
01a096ef-14f0-7378-82ee-3cee7447af97,0171779d-6d10-722d-b4df-cd9cecf275d1,440017000,2026-09-12T15:42:20Z,2026-09-12T18:44:06Z,10906,46.767096330992615,15.43751575202397,12.844594955444336,111.16089630126953,13.519775390625,111.559814453125
01a08ec3-e530-7360-8aab-54f00a4b84a5,01932ea0-c748-7c86-80a5-a89d58efa090,563247600,2026-09-10T11:45:38Z,2026-09-11T04:39:58Z,60860,295.0617380271482,17.453536919121483,15.949258804321289,108.70450592041016,20.564035415649414,106.92462921142578
01a08f75-b4b8-719d-8874-8861ab428881,014e489a-dae8-7a2a-bddd-def5a4fe4f19,413468760,2026-09-11T04:33:09Z,2026-09-11T07:54:11Z,12062,40.53722629009924,12.098658153238041,13.676666259765625,110.2699966430664,13.021666526794434,110.10166931152344
01a08c9f-efd8-763a-879f-b3c1c6497293,014e484a-5988-7b74-96a0-d9d9c837004e,351563000,2026-09-10T13:57:16Z,2026-09-10T18:41:27Z,17051,72.36781538048103,15.279111803984033,12.387533187866211,109.59773254394531,11.190699577331543,109.45189666748047
01a08f27-61f0-74bb-87db-0629d745df80,0150e93e-3a88-7978-82be-de4c3e362923,352366000,2026-09-11T02:42:32Z,2026-09-11T06:28:38Z,13566,64.53523129146079,17.125669515646383,8.612567901611328,109.64592742919922,9.429866790771484,110.352783203125
01a09559-3698-71c4-8001-a3abac4896b5,0158188f-0540-7869-8ed5-e88d31ba5951,477995140,2026-09-12T06:01:04Z,2026-09-12T11:20:47Z,19183,6.9113597957947315,1.2970283722494413,22.27411460876465,114.11248016357422,22.17249298095703,114.17089080810547
01a08d14-3578-7423-84c2-9d1dd040edba,014e491c-cc88-7abb-9468-967a22feec68,352003953,2026-09-10T00:01:39Z,2026-09-10T20:48:27Z,74808,0.05382958564269893,0.002590451667117369,10.27655029296875,107.09359741210938,10.276412010192871,107.09269714355469
01a0926c-3c50-7afd-853c-aeba4b479d84,017592a5-c1d0-79b2-b91b-6eb77db2215a,636020254,2026-09-11T18:22:20Z,2026-09-11T21:42:42Z,12022,47.772917250259276,14.3056481534631,22.142677307128906,115.3439712524414,22.437198638916016,116.14282989501953
01a08b9c-0c98-778c-8e09-aba37541578a,01893651-1da8-7df8-908f-660f8c522664,538010758,2026-09-10T03:32:34Z,2026-09-10T13:57:35Z,37501,122.86472654659654,11.79469922316065,20.239791870117188,110.57030487060547,21.119108200073242,112.54541015625
01a09526-10d8-7b6b-8a99-70509648e288,01934cb8-d1a8-7cf0-b931-ba8cc45fc17a,563242900,2026-09-12T07:01:25Z,2026-09-12T10:24:55Z,12210,60.46769714738981,17.828313655250067,22.080097198486328,114.69596099853516,22.201839447021484,115.77528381347656
01a093c1-e140-7dca-8b05-28ac2248c1b5,014e46ef-bf10-7546-af3e-64b9a2702183,533170822,2026-09-11T22:25:20Z,2026-09-12T03:55:52Z,19832,75.82405554732956,13.763947154618116,4.84178352355957,113.78678894042969,3.8078999519348145,113.05947875976562
01a091fe-7aa8-7aa4-8d8a-6cc58a4c0890,01892944-4f90-7fcb-82f4-89ca7ea40a00,563195600,2026-09-11T02:39:51Z,2026-09-11T19:42:49Z,61378,0.11406962869571567,0.006690518806487283,24.40113067626953,118.1052017211914,24.39982032775879,118.10369110107422
01a0934e-18a0-7a97-8ed1-26fc4e43eb84,014e4701-d7e0-74d3-98d7-aa3867e8ebb1,563206600,2026-09-11T11:17:49Z,2026-09-12T01:49:24Z,52295,161.38826517633558,11.11000582531424,7.91902494430542,117.18153381347656,6.152063369750977,119.22261047363281
01a08e20-4678-7327-85d2-e71d5a4a64a1,01903c43-3988-7bf7-80ed-26f406f33899,538007312,2026-09-10T22:30:56Z,2026-09-11T01:41:15Z,11419,53.50675922861709,16.868756740784793,21.256052017211914,113.68875885009766,20.522735595703125,113.14672088623047
01a09288-b560-7738-81f4-f69e524fa7ac,014e4ee3-aa60-7770-9bc2-a14bd3bb195c,574001880,2026-09-11T14:37:29Z,2026-09-11T22:13:48Z,27379,41.30805036372618,5.431497911151403,20.23379898071289,110.57717895507812,20.3745174407959,111.29525756835938
01a09298-0740-7ea3-8c50-095a4047a18d,0150e93e-3a88-7978-82be-de4c3e362923,352366000,2026-09-11T15:25:00Z,2026-09-11T22:30:32Z,25532,121.51675247409233,17.13380498616373,11.430007934570312,112.0536117553711,13.006266593933105,113.35258483886719
01a08e5e-5918-7fc1-8239-4102f14307b1,014e46ea-b218-7cce-b92d-5c1a86c58f8a,574005610,2026-09-10T22:59:10Z,2026-09-11T02:49:03Z,13793,47.94041401737469,12.512541902599065,22.300683975219727,117.00362396240234,22.31599998474121,117.86653137207031
01a091ed-1588-711f-8320-95b3734de9be,017b2f6d-c828-7017-bfcb-219d1feb750d,219027758,2026-09-10T19:13:14Z,2026-09-11T19:23:49Z,87035,0.44636754026218206,0.01846295335145465,10.275785446166992,107.0927734375,10.270870208740234,107.08710479736328
01a0966a-7f88-7f25-81df-c9f8c344c187,01932ea0-c748-7c86-80a5-a89d58efa090,563247600,2026-09-11T06:56:13Z,2026-09-12T16:19:17Z,120184,0.01639226208423051,0.0004910149729017992,20.813283920288086,106.90201568603516,20.813173294067383,106.90174865722656
01a09123-ca48-7186-8662-ad79114d6b80,0160e3c6-1de0-764f-bad2-e93c1a3427a2,352005810,2026-09-11T04:35:06Z,2026-09-11T15:43:57Z,40131,139.34392541483447,12.500015735800355,20.584299087524414,106.90169525146484,18.310302734375,107.39371490478516
01a08e95-0148-7914-8f3c-00e3934b0e98,01893651-1da8-7df8-908f-660f8c522664,538010758,2026-09-10T22:49:05Z,2026-09-11T03:48:45Z,17980,4.295812452916685,0.8601181774471672,21.946630477905273,114.21345520019531,21.998790740966797,114.26626586914062
01a08e08-6d00-7498-8793-f69cc344e8b1,014e47a3-a1d8-7fe9-bedf-4730b96a77f8,370338000,2026-09-10T19:08:32Z,2026-09-11T01:15:12Z,22000,74.95011476541778,12.264564234341092,8.438995361328125,110.02967834472656,9.371834754943848,110.86934661865234
01a09580-5638-7ebb-841f-710b7647bf92,014e46eb-61e0-7690-a4f0-542b8c054b36,574206000,2026-09-11T23:15:38Z,2026-09-12T12:03:31Z,46073,118.59447257127138,9.266600856392616,8.693683624267578,109.02186584472656,9.737799644470215,107.32318878173828
01a09205-0a58-769b-8061-55bfc444d68c,014e481f-de88-7177-8203-1c3b98cdecfd,416481000,2026-09-11T12:20:57Z,2026-09-11T19:49:59Z,26942,115.41199220338652,15.42139306407065,19.968143463134766,117.8788833618164,21.626426696777344,118.91885375976562
01a093ac-d2a0-7665-8075-6c057f452598,018b8370-b6a0-74d3-95db-709ced7d5134,636022182,2026-09-11T16:21:59Z,2026-09-12T03:32:52Z,40253,0.17957329149090387,0.016060016629002905,24.40019416809082,118.10584259033203,24.399261474609375,118.10272216796875
01a095fc-d938-7eca-86ba-6b89b34f1b85,01903c43-3988-7bf7-80ed-26f406f33899,538007312,2026-09-12T02:11:53Z,2026-09-12T14:19:31Z,43658,215.28527274874338,17.752232852981724,14.388754844665527,109.93515014648438,10.942441940307617,108.92035675048828
01a091bf-4ec8-732d-8bba-be8ba2477d8b,014e46f2-4b68-72d9-85f4-7e4c094d0ed7,416475000,2026-09-10T23:02:17Z,2026-09-11T18:33:49Z,70292,265.7316520610268,13.60942849000877,21.44209098815918,119.03736114501953,18.304317474365234,115.71773529052734
01a0914b-5360-71c6-8358-4592154c8eb6,017ac8b1-f258-7e05-b2ff-f91f85d94919,413284510,2026-09-11T12:34:55Z,2026-09-11T16:27:08Z,13933,26.69767757745323,6.8981295685661115,19.828357696533203,112.81873321533203,20.25721549987793,112.94380187988281
01a08e2c-96d0-7a15-8f6a-40cc754d06be,014e46eb-b7d0-7563-bc6a-0fffd6d0a98e,353290000,2026-09-10T21:29:47Z,2026-09-11T01:54:42Z,15895,60.040382892601755,13.598325159695898,10.002866744995117,108.69073486328125,10.777050018310547,109.3342514038086
01a09270-2450-7814-89f8-0720b640b3b5,0180873a-7970-7b90-8543-5342f773d7eb,477719000,2026-09-11T13:58:10Z,2026-09-11T21:46:58Z,28128,123.14435975526565,15.76079689700499,8.42650032043457,105.85885620117188,9.05328369140625,107.834716796875
01a091ef-ec18-71a6-87ad-b898a841d48c,014e4708-7730-7554-8280-593cc37a1f8d,419002072,2026-09-11T13:07:20Z,2026-09-11T19:26:55Z,22775,88.06889539877727,13.920879184878075,20.33306312561035,111.2979736328125,20.898555755615234,112.74402618408203
01a08bf8-a7a0-73a5-83bf-2f54984294a0,01775a9a-1b68-7a08-8c43-fcb84ca626fc,563124300,2026-09-10T12:33:08Z,2026-09-10T15:38:44Z,11136,44.27818042165151,14.314066946654584,12.98237133026123,111.8904037475586,12.283015251159668,111.65057373046875
01a0975d-1518-7373-832f-20e7a94f1994,0161034f-b1d0-751f-bbe0-3fc8683aecb1,477154500,2026-09-12T13:32:45Z,2026-09-12T20:44:15Z,25890,115.47021164041075,16.056112858458043,22.330373764038086,117.23872375488281,20.625953674316406,116.28130340576172
01a09724-ced8-7a64-8d82-a913124a57a2,014e4adb-b6b0-725c-af12-d8365486decc,477612200,2026-09-12T01:26:01Z,2026-09-12T19:42:47Z,65806,0.17993481370804165,0.009843560303755735,22.359346389770508,113.92304229736328,22.358421325683594,113.91996002197266
01a0967c-6978-7886-8526-f281254f6cb4,0180873b-dce8-786f-abd5-75ac584feb15,563169900,2026-09-12T13:26:39Z,2026-09-12T16:38:51Z,11532,52.41545426733013,16.36278489094593,11.690901756286621,110.44316864013672,12.437578201293945,110.90572357177734
01a08cb3-6068-742d-8f8c-af90304d7ea2,017ac8b1-f258-7e05-b2ff-f91f85d94919,413284510,2026-09-10T07:56:10Z,2026-09-10T19:02:41Z,39991,108.18573102324417,9.738907046177365,16.29293441772461,110.96563720703125,17.88884162902832,111.84089660644531
01a091c8-8628-727c-8fb6-209f1944ef92,014e48b3-25a8-758f-bbf3-b75cbbfcb024,416428000,2026-09-11T15:37:12Z,2026-09-11T18:43:53Z,11201,39.81709721975384,12.79721006973608,4.474999904632568,105.62596130371094,5.124218463897705,105.76175689697266
01a08d90-df88-7987-8fc0-b910b841459d,014e46f0-b528-7f25-8b62-290cfd5663a5,636022043,2026-09-10T14:25:08Z,2026-09-10T23:04:37Z,31169,144.4907384519051,16.68858989466644,21.33116340637207,113.98592376708984,20.441570281982422,111.59249877929688
01a08d0f-bcf0-7827-84d7-94273140058d,014e46eb-b7d0-7563-bc6a-0fffd6d0a98e,353290000,2026-09-10T17:19:14Z,2026-09-10T20:43:34Z,12260,45.93135946225392,13.487185486469341,9.316366195678711,108.0389175415039,9.877182960510254,108.56661224365234
01a0905a-9290-710c-82f6-e5439b4e3cb4,015c3877-d748-7bed-a3b4-efef4d7c0546,414305000,2026-09-11T04:46:16Z,2026-09-11T12:04:10Z,26274,76.09552062981837,10.426424384081074,19.99759292602539,118.78370666503906,19.376995086669922,119.95738983154297
01a093fa-c3c0-7ea4-878d-e2e42046baaa,014e46eb-5240-76b2-9d63-11229f2d1a9a,352004357,2026-09-11T17:37:50Z,2026-09-12T04:58:00Z,40810,115.47347489825573,10.186339368628294,11.748827934265137,111.37023162841797,13.13415813446045,112.73644256591797
01a08b57-fad0-70ba-8595-ee22b7423995,0167fccb-c540-7914-aab1-ba9b627d8663,414076000,2026-09-10T01:24:22Z,2026-09-10T12:43:14Z,40732,113.5020399585736,10.031605220732224,20.2337589263916,110.5516128540039,19.830734252929688,112.51753234863281
01a0947f-ed98-70dc-81e6-c4de1b4adfbe,016684dd-0040-7554-9d8b-620e1ab51fec,353800000,2026-09-11T16:50:09Z,2026-09-12T07:23:27Z,52398,239.87250177897093,16.48041922218969,15.457266807556152,110.89276123046875,19.07413101196289,112.67021179199219
01a09220-eb10-7647-896c-c740c8488685,019360dc-42a0-774c-9560-d48fbb143b13,563246800,2026-09-11T14:18:57Z,2026-09-11T20:20:26Z,21689,106.90165910598014,17.743832024599037,16.644763946533203,113.98596954345703,15.117230415344238,113.03486633300781
01a0978e-cf90-7b8b-8667-32efbb4f81b3,0198313e-9610-7aff-8f63-a6621de0bf9b,563268700,2026-09-11T00:16:08Z,2026-09-12T21:38:34Z,163346,0.8091598491758014,0.017833160634682727,22.535743713378906,114.39215850830078,22.531055450439453,114.37847900390625
01a0934a-53c8-761c-8272-e83c204dcea3,014e4c1e-0a50-718c-a692-51f1204f0872,574006250,2026-09-11T12:27:58Z,2026-09-12T01:45:17Z,47839,3.224116897734657,0.24262256384633385,10.230611801147461,107.03414916992188,10.265246391296387,107.07585144042969
01a0957c-df80-75af-8e80-437a50477281,0150e93e-3a88-7978-82be-de4c3e362923,352366000,2026-09-12T04:57:03Z,2026-09-12T11:59:44Z,25361,120.55621428041526,17.112983376424232,14.437986373901367,114.58849334716797,15.974788665771484,115.92770385742188
01a09110-59b8-774e-869d-9e9ec740e0b2,017520b6-2790-7dbd-9e6b-7834a19b98f1,636020220,2026-09-11T08:40:05Z,2026-09-11T15:22:43Z,24158,105.27701389836271,15.68827096755136,1.5361382961273193,107.6562271118164,3.2784149646759033,107.45854949951172
01a0976d-16c0-760a-8537-8782494fe99c,014e4896-7db8-702c-9a73-0e3ab7fcbf79,440764000,2026-09-12T16:07:37Z,2026-09-12T21:01:44Z,17647,68.90327517477022,14.056314990036425,12.282999992370605,112.86334991455078,13.241033554077148,113.51117706298828
01a09163-1950-7888-8d3b-6e550d4ad4af,014e556c-2a88-70fa-88b2-2af4724e2acc,373302000,2026-09-11T13:42:33Z,2026-09-11T16:53:06Z,11433,34.99970616484697,11.020636945110565,22.65778350830078,116.92930603027344,23.04344940185547,117.40365600585938
01a09300-1fb0-7f59-8673-13d4d74f0db0,01993772-2eb0-7deb-a945-3f0525d2577c,563295100,2026-09-11T17:02:16Z,2026-09-12T00:24:14Z,26518,18.110334333925927,2.458601840339895,16.549570083618164,108.63621520996094,16.423465728759766,108.35045623779297
01a08ff3-ba70-710e-8b56-0550f54834b5,019360dc-42a0-774c-9560-d48fbb143b13,563246800,2026-09-10T19:44:14Z,2026-09-11T10:11:50Z,52056,255.8276573488139,17.692092486086715,20.51515007019043,118.03846740722656,17.68122100830078,114.67074584960938
01a09006-11c0-7a44-8f61-b4df654bdca9,0167fccb-c540-7914-aab1-ba9b627d8663,414076000,2026-09-10T16:10:33Z,2026-09-11T10:31:52Z,66079,200.18497569900018,10.906126190111845,19.477373123168945,113.00757598876953,17.427200317382812,115.77965545654297
01a094e8-f068-7b15-80a1-bda4be4f8aba,01808744-1660-77db-87a8-3ced7171b3d3,370442000,2026-09-12T05:15:23Z,2026-09-12T09:18:09Z,14566,72.58642136095754,17.939799320297073,9.875633239746094,108.55125427246094,10.662333488464355,109.48418426513672
01a09573-5230-79f3-8d5e-c841bc495ea3,014e4c1e-0a50-718c-a692-51f1204f0872,574006250,2026-09-12T05:25:38Z,2026-09-12T11:49:18Z,23020,85.81655967278073,13.420487177324526,10.360848426818848,107.84532165527344,11.207989692687988,109.01724243164062
01a0941b-4be0-71a8-8cc2-4aa5eb4e169c,014e46ed-2ae8-71ca-a902-d9152e62b25a,574004460,2026-09-12T01:45:01Z,2026-09-12T05:33:32Z,13711,48.571754491019746,12.753140993922479,4.479000091552734,103.67338562011719,5.179049968719482,104.08027648925781
01a08f24-f8c0-78fa-8cee-46af8d4217b0,014e46ed-1b48-7eab-b04b-c49bd09c9b22,636017802,2026-09-11T00:34:27Z,2026-09-11T06:26:00Z,21093,97.85962580775131,16.701969985677938,14.449711799621582,110.44453430175781,12.872586250305176,110.02116394042969
01a09456-b2e8-706b-8b3a-2f125e429288,014e46eb-b7d0-7563-bc6a-0fffd6d0a98e,353290000,2026-09-12T02:40:07Z,2026-09-12T06:38:25Z,14298,53.668383595105375,13.512811647949318,15.43280029296875,112.48052215576172,16.183483123779297,112.98486328125
01a09075-1f70-78fb-85d0-01d97e4693ac,014e46f3-3d98-7a3f-a242-0468b28a43a9,248455000,2026-09-11T09:03:12Z,2026-09-11T12:33:10Z,12598,54.075446004311345,15.452580220314402,8.336277961730957,108.0680160522461,8.967328071594238,108.71802520751953
01a08ff6-fa78-7438-8172-c157a94135bd,014e4b48-5b30-7bf1-a95a-0ac172657cb7,370343000,2026-09-10T21:52:02Z,2026-09-11T10:15:23Z,44601,196.50769705009478,15.861252200182534,10.25078296661377,117.83538818359375,12.904333114624023,119.7912826538086
01a08e7d-3b58-7629-8029-5a69cc42118c,01993772-2eb0-7deb-a945-3f0525d2577c,563295100,2026-09-10T23:35:30Z,2026-09-11T03:22:47Z,13637,54.836431569718584,14.476142381094588,18.581668853759766,112.52133178710938,18.153377532958984,111.67134857177734
01a08f7b-e2c0-787b-8a27-20a73448c7bb,014e46ea-b218-7cce-b92d-5c1a86c58f8a,574005610,2026-09-11T04:42:03Z,2026-09-11T08:00:56Z,11933,42.27411472090643,12.753441129243539,22.286434173583984,118.3176498413086,22.247983932495117,119.07734680175781
01a094e5-eaf8-7b9e-8114-0c5373458388,014e4744-c898-7dc2-ac4d-ec33fe5f6556,563299000,2026-09-12T05:45:19Z,2026-09-12T09:14:51Z,12572,41.49101480234841,11.8809778307711,20.953645706176758,107.94639587402344,20.616378784179688,107.3012466430664
01a08b5f-cad0-73f1-819d-c54b46442a84,014e484a-5988-7b74-96a0-d9d9c837004e,351563000,2026-09-10T00:59:53Z,2026-09-10T12:51:46Z,42713,176.07020559822442,14.83980849281502,15.540666580200195,108.86872100830078,12.691483497619629,109.58458709716797
01a093b4-a688-75ec-8fd1-2100704841bd,01808739-7b88-7028-beda-024906088ebe,574003500,2026-09-11T17:47:46Z,2026-09-12T03:41:25Z,35619,139.93459418752653,14.1431409942754,20.16966438293457,109.91055297851562,20.517099380493164,107.45258331298828
01a09138-9a68-7452-81b5-1917ee444c8d,014e478a-68d0-7890-b37b-890b6dd400cb,352828000,2026-09-11T05:58:42Z,2026-09-11T16:06:41Z,36479,110.08690325481639,10.864136947760054,4.513381481170654,106.11375427246094,2.9162700176239014,105.2112045288086
01a0973d-63d0-7264-84d9-f6fb14459190,019360dc-42a0-774c-9560-d48fbb143b13,563246800,2026-09-12T15:02:02Z,2026-09-12T20:09:38Z,18456,86.50780013022751,16.874083250369473,10.766783714294434,110.43367767333984,9.535026550292969,109.67427825927734
01a0950b-5900-7703-8879-1f66b6413c8c,014e4711-c9e8-7f48-9917-19fec529e334,354506000,2026-09-12T06:29:55Z,2026-09-12T09:55:44Z,12349,40.45677767471544,11.79402377755086,21.141433715820312,108.31866455078125,20.47468376159668,108.2144775390625
01a095c6-8ae0-7d0e-8df4-6fe47747af8e,014e6d4b-b150-7207-9992-23f91c1b1bd4,563127500,2026-09-12T09:20:40Z,2026-09-12T13:20:12Z,14372,61.7065778881992,15.45669916487038,23.941917419433594,122.45357513427734,24.95055389404297,122.67029571533203
01a095f6-da10-7e48-8c46-8593eb4a10a7,0153bbde-acf0-76e1-924a-c14b81eb1ce8,566645000,2026-09-12T08:45:43Z,2026-09-12T14:12:58Z,19635,43.57620593788086,7.989525916800157,17.496740341186523,108.96112060546875,17.036312103271484,109.54863739013672
01a092ef-4b18-750d-8b6a-a8c75d4a84b9,014e46f0-b528-7f25-8b62-290cfd5663a5,636022043,2026-09-11T08:16:14Z,2026-09-12T00:05:51Z,56977,160.09014167585556,10.115037822859751,20.148212432861328,109.82740020751953,20.53887939453125,107.01429748535156
01a095f6-3600-7a42-8669-222e4d42c880,014e486d-a4b0-70d8-8f6e-2f9aca54a308,565688000,2026-09-12T10:18:58Z,2026-09-12T14:12:16Z,13998,48.27604963677384,12.41561499445534,9.876866340637207,109.22752380371094,10.637716293334961,109.49178314208984
01a08fde-1f30-7b2a-85af-56d08048e7af,014e4ee3-aa60-7770-9bc2-a14bd3bb195c,574001880,2026-09-10T16:13:34Z,2026-09-11T09:48:14Z,63280,161.36667326834788,9.180152082270107,20.605802536010742,106.96815490722656,20.199405670166016,109.80274963378906
01a09483-d980-740c-8fab-72e3784fa6b7,015c3877-d748-7bed-a3b4-efef4d7c0546,414305000,2026-09-11T21:56:05Z,2026-09-12T07:27:44Z,34299,119.30082024338768,12.521733953648667,18.73077964782715,122.01126861572266,17.448440551757812,123.60807037353516
01a08c01-cf60-7e57-8a09-e96ece4db59b,014e46eb-b7d0-7563-bc6a-0fffd6d0a98e,353290000,2026-09-10T08:40:12Z,2026-09-10T15:48:44Z,25712,97.40102376237618,13.637355536113654,8.509583473205566,106.237548828125,9.136300086975098,107.75178527832031
01a0901a-7480-71b8-82b2-8a99864616a3,014e4b47-de30-7934-bc85-87729beada63,563110800,2026-09-11T04:24:57Z,2026-09-11T10:54:08Z,23351,97.32733286842294,15.004856251394912,15.384966850280762,110.77274322509766,13.796299934387207,110.439697265625
01a090b7-1240-7db4-8b1f-54283d486284,01872aac-a028-72ad-913d-d3eed3c62efa,538012751,2026-09-10T21:01:53Z,2026-09-11T13:45:12Z,60199,0.10560616392125399,0.006315423680069676,24.401554107666016,118.10540008544922,24.400331497192383,118.10401153564453
01a08fa9-c4d8-7bcb-87ee-892c9e4d3cbb,018fc9b5-86a0-70eb-b3c6-fd7e2b15e3b3,636022792,2026-09-11T05:39:07Z,2026-09-11T08:51:03Z,11516,46.005133698391006,14.381597891126052,13.223333358764648,109.67833709716797,12.460000038146973,109.61000061035156
01a0931c-7980-79d2-8e92-816a1144d8bd,0166c81e-4d28-7f76-b476-9a62719afce6,413496790,2026-09-11T12:13:54Z,2026-09-12T00:55:12Z,45678,9.402982130473076,0.7410730695236892,22.3206844329834,114.11241149902344,22.33971405029297,113.9443588256836
01a094eb-9430-784a-8aba-5dfe5c46a8b3,0167fccb-c540-7914-aab1-ba9b627d8663,414076000,2026-09-11T20:01:23Z,2026-09-12T09:21:02Z,47979,165.45876302850905,12.414838719077775,16.2548828125,117.33783721923828,14.558897018432617,119.59101104736328
01a092ce-3658-7636-8700-ec77674c2690,0153bbde-acf0-76e1-924a-c14b81eb1ce8,566645000,2026-09-11T12:21:23Z,2026-09-11T23:29:43Z,40100,133.53919173281054,11.98855586628723,21.032907485961914,108.25918579101562,18.816774368286133,108.05844116210938
01a08ff7-3510-7d53-84fb-eb29d44185b2,014e5199-1dd0-7193-a707-9c9b235b41e1,566919000,2026-09-10T22:43:54Z,2026-09-11T10:15:38Z,41504,135.06674045820202,11.715503702041426,21.10686683654785,119.02247619628906,19.248647689819336,117.6715316772461
01a08c4d-d838-797b-883c-62934d46df8a,01993772-2eb0-7deb-a945-3f0525d2577c,563295100,2026-09-10T13:53:47Z,2026-09-10T17:11:47Z,11880,54.026640515969014,16.37170924726334,19.77896499633789,114.92411041259766,19.36258316040039,114.0774917602539
01a09113-ad48-7883-8da1-ad116f4f56ba,014e479a-7630-7f7c-a485-9b1803e80d74,255983000,2026-09-11T06:19:59Z,2026-09-11T15:26:21Z,32782,1.4300260365760586,0.1570402578144656,22.537891387939453,114.39729309082031,22.52927589416504,114.37325286865234
01a08f7a-0a18-7e18-81f7-4582314ac482,017ac8b1-f258-7e05-b2ff-f91f85d94919,413284510,2026-09-10T22:16:15Z,2026-09-11T07:58:55Z,34960,71.27551320942675,7.339583740101153,18.322885513305664,112.02326965332031,19.359163284301758,112.63520050048828
01a09373-4c10-7aa6-812e-9242f045bb96,014e46ea-c5a0-7f7f-9f0a-49cf25953202,574005160,2026-09-11T22:31:57Z,2026-09-12T02:30:02Z,14285,61.177953210431426,15.417615089783208,20.497154235839844,114.21622467041016,19.479263305664062,114.16690826416016
01a093c6-ea50-71cb-8bcb-855284498792,014e46f7-7f70-7304-8332-94deb5a719ae,477950200,2026-09-11T23:08:48Z,2026-09-12T04:01:22Z,17554,66.45654755205216,13.6290059922176,2.7218034267425537,106.81400299072266,1.6402666568756104,106.57840728759766
01a09489-f7e8-7ba7-8ac9-f0e0584fcfb5,014e4ee3-aa60-7770-9bc2-a14bd3bb195c,574001880,2026-09-11T22:13:48Z,2026-09-12T07:34:25Z,33637,45.12934926567062,4.829968705782746,20.3745174407959,111.29525756835938,20.916872024536133,111.85138702392578
01a09692-f6e8-70df-8859-172c7e4a7d82,01906d5c-7048-7b18-909d-f686df6a7e01,563232900,2026-09-12T13:42:33Z,2026-09-12T17:03:29Z,12056,60.40956581939769,18.03868919623687,21.304445266723633,114.04838562011719,20.43342399597168,113.5093765258789
01a08c2a-1bc8-78f9-8cfe-f0d9e643fe9f,018c19f2-7bb8-7228-b008-178658031f10,352003279,2026-09-10T11:11:56Z,2026-09-10T16:32:45Z,19249,58.509246310078694,10.94255736486484,15.651269912719727,115.9202651977539,16.411556243896484,116.55453491210938
01a092c7-e140-7536-83c7-492698479584,014e46e9-cf88-75c5-998d-38cafd95b350,563250800,2026-09-11T08:50:44Z,2026-09-11T23:22:48Z,52324,0.1378505616152982,0.009484405278936502,24.401569366455078,118.10533142089844,24.399736404418945,118.10381317138672
01a08d64-e1d0-797d-8728-fbbd60454e99,019b910f-6580-7db5-be06-db41791bdacc,563320600,2026-09-10T18:40:17Z,2026-09-10T22:16:34Z,12977,60.842300292285536,16.87849896372258,18.787166595458984,113.46463775634766,19.794126510620117,113.58506774902344
01a09567-6b50-7bb4-831a-7512484c4286,017520f2-32a8-774f-af52-f4fe139140fd,477629900,2026-09-12T07:32:17Z,2026-09-12T11:36:18Z,14641,62.57926149250545,15.387291945428567,20.14030647277832,118.48350524902344,19.66362190246582,119.46927642822266
01a09445-3e28-739f-86f0-64554e42a3a6,014e48c8-b918-7a89-90fc-e501618109d4,352002648,2026-09-12T00:57:19Z,2026-09-12T06:19:21Z,19322,89.6843649150465,16.709642567755274,13.154674530029297,110.10693359375,14.607620239257812,110.46405029296875
01a09632-e910-7f44-82c7-bfd191461f8c,014e4ee3-aa60-7770-9bc2-a14bd3bb195c,574001880,2026-09-12T09:25:33Z,2026-09-12T15:18:34Z,21181,35.01800447019377,5.951787738666616,21.157011032104492,111.92102813720703,21.399383544921875,112.4903335571289
01a08c22-e808-7925-802c-8ec6494c518a,014e473d-5e28-7670-a779-ea7004c20251,563160800,2026-09-10T13:14:35Z,2026-09-10T16:24:53Z,11418,36.49084434111347,11.505258331407296,7.565166473388672,106.7593994140625,8.157150268554688,106.89833068847656
01a08e44-7fe8-7178-836a-976e024a64b3,014e4adb-b6b0-725c-af12-d8365486decc,477612200,2026-09-10T22:29:33Z,2026-09-11T02:20:49Z,13876,65.18602700788061,16.911912455201083,17.362499237060547,113.40421295166016,18.426332473754883,113.63204956054688
01a09726-16f8-7e12-8fc1-f119a444fbae,014e479c-ef00-714e-8834-f01cf5c923ef,414310000,2026-09-12T16:16:09Z,2026-09-12T19:44:11Z,12482,59.64133128208738,17.201473531125984,12.254561424255371,111.1596450805664,13.147473335266113,111.6058349609375
01a08e62-3560-78fa-8a41-07fdc247eeab,014e556c-2a88-70fa-88b2-2af4724e2acc,373302000,2026-09-10T20:51:43Z,2026-09-11T02:53:16Z,21693,65.60267556916766,10.886905086848458,21.56118392944336,114.05821228027344,22.038999557495117,115.11653137207031
01a08bda-5db8-7f22-8cde-4ef635402bb0,017d7f44-bcd8-740f-af4b-9acfb9a43e59,477745300,2026-09-10T09:39:42Z,2026-09-10T15:05:39Z,19557,72.49176380702637,13.34408905789717,22.351652145385742,116.3452377319336,23.02781867980957,117.429443359375
01a090bc-bb78-7cbe-88b1-8500904e7b90,01502a70-4808-7460-80b4-6cbe30b2c562,211886810,2026-09-10T08:43:32Z,2026-09-11T13:51:23Z,104871,0.07414237998976198,0.0025451513570304766,24.401342391967773,118.10513305664062,24.400564193725586,118.10408020019531
01a093ce-7fb8-7497-8c62-7d53d141f491,01961918-38e0-770a-b683-427b84c7906a,219700000,2026-09-11T21:47:43Z,2026-09-12T04:09:39Z,22916,60.140155329944264,9.447746517184472,19.700531005859375,114.11483764648438,20.671241760253906,114.37808227539062
01a09666-e1c0-7ad1-87e6-87c8b9471ebf,01961eb2-9818-763a-9745-791524fc655a,477128800,2026-09-11T21:33:10Z,2026-09-12T16:15:20Z,67330,0.14225671633182577,0.007606181179185693,24.40118408203125,118.10498809814453,24.399328231811523,118.1033706665039
01a0900a-3840-705e-8df5-0e189a4f5ea3,01876e75-ddd8-7f33-9bd5-a9df3063982d,477887800,2026-09-11T04:17:57Z,2026-09-11T10:36:24Z,22707,105.4279736348304,16.714700536635814,7.279900074005127,108.94713592529297,8.770315170288086,109.88479614257812
01a09386-0120-7b44-8947-a96faa42b3a0,018c19f2-7bb8-7228-b008-178658031f10,352003279,2026-09-11T22:44:59Z,2026-09-12T02:50:28Z,14729,45.62487902273806,11.15144032058232,20.773056030273438,120.27555847167969,21.357696533203125,120.79576110839844
01a090fd-d388-78fb-8f07-d0a022401a9c,014e46ea-c5a0-7f7f-9f0a-49cf25953202,574005160,2026-09-11T05:59:38Z,2026-09-11T15:02:29Z,32571,0.10694570681895409,0.011820470496706726,22.31190299987793,113.80048370361328,22.310970306396484,113.79884338378906
01a09733-ceb0-7f83-8a5d-8801894115b5,01502a70-4808-7460-80b4-6cbe30b2c562,211886810,2026-09-12T14:02:21Z,2026-09-12T19:59:10Z,21409,107.2915693115862,18.041461512527924,17.870250701904297,114.68010711669922,16.309097290039062,113.77034759521484
01a08eca-3660-776f-8331-949c8543e082,019b910f-6580-7db5-be06-db41791bdacc,563320600,2026-09-11T00:58:28Z,2026-09-11T04:46:52Z,13704,66.75073809541621,17.53522016517063,20.552480697631836,113.66787719726562,21.649824142456055,113.85918426513672
01a08e39-4100-7cfa-83d8-f80dbc468687,015b8bf2-c190-7542-aa86-72cc81d0a4e6,414788000,2026-09-10T08:58:57Z,2026-09-11T02:08:32Z,61775,0.06851544556833049,0.003992806216851312,22.640256881713867,114.66983795166016,22.641210556030273,114.66915893554688
01a08ae5-5340-7386-84d2-6bc4d64c6981,01961918-38e0-770a-b683-427b84c7906a,219700000,2026-09-10T03:00:12Z,2026-09-10T10:38:00Z,27468,73.43793043215443,9.62489258612771,14.495028495788574,112.15038299560547,15.518596649169922,112.8436508178711
01a095b9-82f0-7e9e-8705-dfe30f4c42aa,014e46ed-2ae8-71ca-a902-d9152e62b25a,574004460,2026-09-12T08:03:46Z,2026-09-12T13:05:58Z,18132,57.82999287165915,11.481798717073291,5.643899917602539,104.32453155517578,6.491366863250732,104.78485107421875
01a09314-9dc8-7433-83ea-45680d4ba38f,0160e3c6-1de0-764f-bad2-e93c1a3427a2,352005810,2026-09-11T16:19:38Z,2026-09-12T00:46:37Z,30419,108.22215409949784,12.80777654617812,18.19207000732422,107.42453002929688,16.55019187927246,108.2038803100586
01a08db9-5ad0-7e6f-8863-87716d49c0b7,01876e75-ddd8-7f33-9bd5-a9df3063982d,477887800,2026-09-10T20:40:56Z,2026-09-10T23:48:50Z,11274,53.6705526192389,17.13801573791556,5.683788299560547,107.4879379272461,6.343801498413086,108.09414672851562
01a0959e-7528-7b56-8c86-fc6d7548a5b4,0160c3d6-55e0-7428-b1a4-967c1c704531,538007820,2026-09-11T23:37:58Z,2026-09-12T12:36:25Z,46707,0.07654146598228233,0.00589952849757459,22.31301498413086,113.79989624023438,22.312625885009766,113.798583984375
01a09110-2308-7470-8137-d2adfe444496,01961918-38e0-770a-b683-427b84c7906a,219700000,2026-09-11T09:15:59Z,2026-09-11T15:22:29Z,21990,70.9456402090992,11.614565927819786,17.376848220825195,113.48632049560547,18.51380729675293,113.82461547851562
01a09075-5238-75d2-85e4-34add44d5494,01993772-2eb0-7deb-a945-3f0525d2577c,563295100,2026-09-11T03:22:47Z,2026-09-11T12:33:23Z,33036,138.23769242307563,15.064042036659169,18.153377532958984,111.67134857177734,17.042417526245117,109.5556411743164
01a091c8-3808-749a-8a05-74ae6e4e39b6,018ac9ab-0130-737d-a57b-3e826e1f8dbb,563205700,2026-09-10T20:33:28Z,2026-09-11T18:43:33Z,79805,0.2617061307853286,0.011805551918140256,22.359683990478516,113.92379760742188,22.358108520507812,113.91940307617188
01a0977c-8bc8-71d6-80fa-89e9ef4fa7ac,014e4711-c9e8-7f48-9917-19fec529e334,354506000,2026-09-12T15:29:36Z,2026-09-12T21:18:37Z,20941,72.08020621192854,12.391420770877358,19.333232879638672,108.28089904785156,18.158567428588867,108.54263305664062
01a09250-a9b8-725c-84f9-e4f42b4b2c91,0158188f-0540-7869-8ed5-e88d31ba5951,477995140,2026-09-11T16:21:56Z,2026-09-11T21:12:35Z,17439,5.942369228669174,1.22670618861225,22.230907440185547,114.09361267089844,22.165714263916016,114.17404174804688
01a08cba-c6f0-7b7d-85b8-37cacc4efe8b,01577955-87d8-705e-877e-7dee3871c9f5,538007157,2026-09-10T16:07:48Z,2026-09-10T19:10:46Z,10978,39.724123002272265,13.026675424319562,14.941666603088379,109.3949966430664,15.566666603088379,109.16999816894531
01a08fe1-4bb0-765e-8557-3148a34f478d,014e46ea-c988-7105-9216-17ecade86523,574005850,2026-09-11T02:25:04Z,2026-09-11T09:51:42Z,26798,81.32755165174983,10.92541181977384,8.57878303527832,105.8213882446289,9.524333000183105,106.80354309082031
01a08e21-57e8-776f-837a-0b1d3f4f86a4,014e46fb-05c8-7292-9f98-f6f12ce2e56b,574005100,2026-09-10T21:09:25Z,2026-09-11T01:42:25Z,16380,77.35823978585312,17.00181094194574,11.061666488647461,109.22833251953125,9.87833309173584,108.70999908447266
01a0940a-adf8-7f72-8fdd-c874f449e397,01808744-1660-77db-87a8-3ced7171b3d3,370442000,2026-09-12T01:20:21Z,2026-09-12T05:15:23Z,14102,55.573742882048414,14.18702839138947,9.486433029174805,107.6993179321289,9.875633239746094,108.55125427246094
01a092c6-9150-77c5-85c4-1719d54de98e,01740a5e-47a8-7c8e-a729-132a99959a09,636026657,2026-09-11T16:18:34Z,2026-09-11T23:21:22Z,25368,0.3228407088577479,0.04581467013118466,22.329124450683594,114.0868911743164,22.33399772644043,114.08934783935547
01a09654-f7d0-72b1-80df-312cf44210b3,014e46ef-2e88-7247-b7ac-c18958c000f4,533170729,2026-09-12T04:24:27Z,2026-09-12T15:55:46Z,41479,0.16704020484814752,0.01449757075757205,22.313261032104492,113.80030822753906,22.311267852783203,113.79821014404297
01a08fba-7a30-715d-8781-d020d94f289d,01903c43-3988-7bf7-80ed-26f406f33899,538007312,2026-09-11T06:07:06Z,2026-09-11T09:09:18Z,10932,52.31653140943104,17.228275985542606,19.375680923461914,112.50752258300781,18.603464126586914,112.08062744140625
01a09669-cfc0-7b9d-8823-efd9c94129b2,01867a25-1cd0-7b65-b3bb-4cb04b3f1dc1,567614000,2026-09-12T12:14:35Z,2026-09-12T16:18:32Z,14637,73.66845961230594,18.11890787759113,20.273456573486328,112.99407958984375,19.15422248840332,112.45997619628906
01a08e90-b3b8-749d-82a4-975e154efeb4,014e4708-7730-7554-8280-593cc37a1f8d,419002072,2026-09-10T18:56:56Z,2026-09-11T03:44:03Z,31627,74.08095723817252,8.432397826459072,20.368669509887695,108.49762725830078,20.08830451965332,109.77819061279297
01a094f2-8d58-7096-8a1a-5f68be44039a,01502a70-4808-7460-80b4-6cbe30b2c562,211886810,2026-09-12T01:17:03Z,2026-09-12T09:28:39Z,29496,160.41964743391387,19.579289760038307,21.47365379333496,116.79485321044922,19.13825798034668,115.41072082519531
01a09323-c4b0-7bea-8980-4391d346b3a0,014e4b47-de30-7934-bc85-87729beada63,563110800,2026-09-11T15:45:57Z,2026-09-12T01:03:10Z,33433,104.76971413225186,11.281397747019613,12.833450317382812,110.19148254394531,11.13878345489502,109.76616668701172
01a09731-2ae8-72e4-854a-be7d7243e0aa,01867a25-1cd0-7b65-b3bb-4cb04b3f1dc1,567614000,2026-09-12T16:25:58Z,2026-09-12T19:56:17Z,12619,63.714382498357956,18.176699975757877,19.12152862548828,112.43975830078125,18.20876121520996,111.86842346191406
01a08cac-e440-7c50-846b-7784b1403988,014e556c-2a88-70fa-88b2-2af4724e2acc,373302000,2026-09-10T01:56:53Z,2026-09-10T18:55:36Z,61123,183.78974208757614,10.824780712911247,20.232616424560547,110.70794677734375,21.414234161376953,113.72925567626953
01a093b9-af98-7ae9-8592-2fb0f84fd3ad,017520f2-32a8-774f-af52-f4fe139140fd,477629900,2026-09-11T21:35:50Z,2026-09-12T03:46:55Z,22265,88.5667418199915,14.32024570186254,21.303661346435547,116.16962432861328,20.617237091064453,117.56784057617188
01a091e7-3988-7528-82ef-f96e924be495,014e47bd-f420-7905-bba5-3c61da4b1f82,574642000,2026-09-11T04:11:46Z,2026-09-11T19:17:25Z,54339,149.65980809259023,9.915075896378749,21.22804069519043,112.94075012207031,20.240070343017578,110.49370574951172
01a08bec-0540-785f-8ab2-7d5474456193,015c3877-d748-7bed-a3b4-efef4d7c0546,414305000,2026-09-10T12:14:16Z,2026-09-10T15:24:56Z,11440,33.280139920557346,10.472771303671893,21.401966094970703,116.10978698730469,21.127595901489258,116.62660217285156
01a08f08-50d0-7be3-8f59-33adfc41e48e,01903c43-3988-7bf7-80ed-26f406f33899,538007312,2026-09-11T02:31:19Z,2026-09-11T05:54:42Z,12203,60.17858702824779,17.75325029105073,20.31844711303711,113.03374481201172,19.429738998413086,112.5409164428711
01a0902e-46b8-734f-8bc4-b071af437dbd,014e479c-df60-7ed4-aa69-4c305679072c,636026309,2026-09-10T22:23:08Z,2026-09-11T11:15:47Z,46359,0.10734839213035413,0.008336120530409951,22.359548568725586,113.92283630371094,22.358591079711914,113.92120361328125
01a08aa6-ac30-7a50-8a81-8bf9124ee39f,019b910f-6580-7db5-be06-db41791bdacc,563320600,2026-09-10T02:45:10Z,2026-09-10T09:29:34Z,24264,111.63633399505035,16.563254301936254,14.555005073547363,112.3001480102539,16.224788665771484,113.1485366821289
01a08ca3-dbc0-7342-8272-acb1344127ab,014e5199-1dd0-7193-a707-9c9b235b41e1,566919000,2026-09-10T15:34:06Z,2026-09-10T18:45:44Z,11498,37.44723248186991,11.72465097710312,22.229475021362305,119.87740325927734,21.71479606628418,119.49752044677734
01a096b1-2190-75a8-8fd9-8abf8e4adfa7,0161e52f-41d8-70f0-9d3a-150ee87483b9,219406000,2026-09-12T13:14:40Z,2026-09-12T17:36:26Z,15706,47.0764185408141,10.790469040298662,19.91106414794922,112.93021392822266,20.65833282470703,113.18333435058594
01a09290-23b8-7281-8aab-bb917045a1a9,017ac8b1-f258-7e05-b2ff-f91f85d94919,413284510,2026-09-11T17:17:12Z,2026-09-11T22:21:55Z,18283,39.881265217815276,7.852789738234152,20.36613655090332,112.97125244140625,20.978490829467773,113.24633026123047
01a094db-1588-7b83-8d8c-4cf672484f96,014e4710-c430-7113-888c-84b4d8bf440d,477770800,2026-09-12T03:55:35Z,2026-09-12T09:03:01Z,18446,0.6106862568446166,0.11918413339697603,22.345481872558594,114.11585235595703,22.355350494384766,114.11318969726562
01a09053-acf0-7a3a-8f97-7ebacd4ac8aa,017592a5-c1d0-79b2-b91b-6eb77db2215a,636020254,2026-09-10T16:36:13Z,2026-09-11T11:56:38Z,69625,0.1896910918622434,0.009808085180668958,22.35958480834961,113.92478942871094,22.359037399291992,113.92142486572266
01a08d0e-3268-7359-8672-00006d44d2bf,01993772-2eb0-7deb-a945-3f0525d2577c,563295100,2026-09-10T17:11:47Z,2026-09-10T20:41:53Z,12606,56.472519570318674,16.127325912513662,19.36258316040039,114.0774917602539,18.92031478881836,113.19879913330078
01a0907d-5cd0-759c-88ac-7295774ed88e,014e484a-5988-7b74-96a0-d9d9c837004e,351563000,2026-09-11T05:10:19Z,2026-09-11T12:42:10Z,27111,92.23960478275347,12.248260013201744,9.005416870117188,109.06354522705078,7.64591646194458,108.34040069580078
01a08c1d-4e70-762a-879c-f3c96d451796,019b910f-6580-7db5-be06-db41791bdacc,563320600,2026-09-10T12:35:35Z,2026-09-10T16:18:46Z,13391,62.94183372249625,16.92111129870708,17.074159622192383,113.27821350097656,18.115921020507812,113.40107727050781
01a08e9e-8e98-796e-8671-ba47094e2082,014e4b47-de30-7934-bc85-87729beada63,563110800,2026-09-10T02:49:37Z,2026-09-11T03:59:11Z,90574,391.36492942529736,15.55538836676166,21.457733154296875,113.6199722290039,15.51181697845459,110.80180358886719
01a09385-1e90-7ff6-881e-a5bf81455ca3,014e484a-5988-7b74-96a0-d9d9c837004e,351563000,2026-09-11T14:45:12Z,2026-09-12T02:49:30Z,43458,138.10104757602528,11.440097824881287,7.300566673278809,108.09687805175781,5.476783275604248,106.68647766113281
01a09709-ff90-7e5f-877f-76658043d08e,014e46eb-8120-7d4e-a319-738c373c8ec7,255806137,2026-09-11T22:24:10Z,2026-09-12T19:13:30Z,74960,0.7841452751500224,0.03765905803815476,22.535274505615234,114.38861083984375,22.530073165893555,114.37564086914062
01a0930d-79a8-793d-8575-7d00464eaa8d,017520b6-2790-7dbd-9e6b-7834a19b98f1,636020220,2026-09-11T15:22:43Z,2026-09-12T00:38:49Z,33366,146.40631538621835,15.796401588155192,3.2784149646759033,107.45854949951172,5.712721824645996,107.31582641601562
01a08a4e-1868-7b4d-8215-f0e50048dbbe,01577955-87d8-705e-877e-7dee3871c9f5,538007157,2026-09-10T03:28:45Z,2026-09-10T07:52:49Z,15844,48.820564274395295,11.09278158216505,12.529999732971191,109.61833190917969,13.341666221618652,109.5683364868164
01a09608-b848-7d58-8d18-11fe6642d6bb,018bc61c-5b08-731f-b845-145111916a8d,477928500,2026-09-11T13:02:56Z,2026-09-12T14:32:29Z,91773,0.02214450639679962,0.0008686675060037116,20.813474655151367,106.9019546508789,20.813232421875,106.90165710449219
01a09634-0250-78d1-87e8-0f5d714d3f83,014e46f0-c8b0-7a7b-9c7b-ad07c39caa5d,235093619,2026-09-12T08:23:47Z,2026-09-12T15:19:46Z,24959,82.646504548621,11.920646515286492,22.214134216308594,117.36271667480469,22.38353157043457,118.83918762207031
01a094d8-7990-7583-8224-6c515e4ac596,0162fb84-1c50-767e-83b1-8b1bcf2926cf,413304740,2026-09-11T07:57:58Z,2026-09-12T09:00:10Z,90132,0.06587723355936408,0.002631230204740943,22.312559127807617,113.79874420166016,22.311946868896484,113.79776000976562
01a09300-13f8-7d10-8cad-fb1f9e4a218d,014e4744-c898-7dc2-ac4d-ec33fe5f6556,563299000,2026-09-10T01:08:44Z,2026-09-12T00:24:11Z,170127,0.08524694789031642,0.0018038818788619038,21.641197204589844,108.65890502929688,21.64020347595215,108.6578140258789
01a0966c-4c78-7047-81f6-a4c36a428b8c,018a3b4a-6188-7f97-84d5-f98323f9fbbf,636021536,2026-09-12T10:29:56Z,2026-09-12T16:21:15Z,21079,85.569798690653,14.614131376552532,9.581908226013184,110.29236602783203,10.70771312713623,111.1801986694336
01a08ec1-7048-73aa-8762-27f652410896,014e491c-cc88-7abb-9468-967a22feec68,352003953,2026-09-10T23:05:35Z,2026-09-11T04:37:17Z,19902,95.85262955752071,17.338431635367026,10.2261381149292,107.73310089111328,11.024134635925293,109.13995361328125
01a08b1c-0ef8-743d-80d5-a7f849401c99,01993772-2eb0-7deb-a945-3f0525d2577c,563295100,2026-09-10T02:23:18Z,2026-09-10T11:37:47Z,33269,149.33351791706107,16.159207204948146,21.369125366210938,117.73365020751953,20.054996490478516,115.47594451904297
01a09627-6f90-78d6-8a8d-5146a24384a9,014e491c-cc88-7abb-9468-967a22feec68,352003953,2026-09-12T11:18:56Z,2026-09-12T15:06:02Z,13626,62.82092011692346,16.59733688690184,17.868942260742188,114.2335433959961,18.72138214111328,114.87257385253906
01a09254-d420-7dd4-8180-baf5df44dc83,01808744-1660-77db-87a8-3ced7171b3d3,370442000,2026-09-11T06:11:52Z,2026-09-11T21:17:08Z,54316,0.3171927969754676,0.021023162035342872,10.2743501663208,107.09086608886719,10.27768325805664,107.09503173828125
01a09659-c260-74a5-85a1-e0a92a410fbd,014e46ee-f7d8-70c5-9b17-305e385d6ba1,636011023,2026-09-10T00:13:09Z,2026-09-12T16:01:00Z,229671,68.679798314168,1.0765280506942747,9.066532135009766,102.82848358154297,8.53100872039795,103.851318359375
01a0978c-bc50-73d7-8761-d2894b4a38a2,01577955-87d8-705e-877e-7dee3871c9f5,538007157,2026-09-12T01:23:05Z,2026-09-12T21:36:18Z,72793,0.058588431063653454,0.0028975087141504324,21.641841888427734,108.65568542480469,21.641202926635742,108.65489196777344
01a09410-3bd8-7b8a-8d36-cfc67a489ba3,014e48b3-25a8-758f-bbf3-b75cbbfcb024,416428000,2026-09-11T21:58:11Z,2026-09-12T05:21:27Z,26596,97.54666429585528,13.203789722705633,5.768396854400635,105.9775161743164,7.238936901092529,106.67273712158203
01a094d1-3e00-78a5-85e5-1d571046f3ae,01533f94-d1d8-718e-a296-d4d62493e460,477997030,2026-09-11T09:34:06Z,2026-09-12T08:52:16Z,83890,0.23642950753760625,0.010145979582016719,22.361059188842773,113.92725372314453,22.359281539916992,113.92345428466797
01a096db-c788-71a0-8843-2a984d4f1785,016684dd-0040-7554-9d8b-620e1ab51fec,353800000,2026-09-12T12:34:40Z,2026-09-12T18:23:01Z,20901,69.59100364744842,11.98639362378902,19.982820510864258,113.28488159179688,21.075559616088867,113.69757080078125
01a092ce-9030-720a-879f-6812c44f13be,014e5199-1dd0-7193-a707-9c9b235b41e1,566919000,2026-09-11T18:41:02Z,2026-09-11T23:30:06Z,17344,55.49836987468965,11.519495592071191,17.934240341186523,116.71541595458984,17.173566818237305,116.16459655761719
01a096a2-3158-75d3-8f8a-1464074d6795,014e48c8-b918-7a89-90fc-e501618109d4,352002648,2026-09-12T07:09:29Z,2026-09-12T17:20:07Z,36638,183.02082196292756,17.983376796400982,14.805198669433594,110.5205307006836,17.767732620239258,111.26861572265625
01a09411-2e08-7d01-8cd6-379f3a40e0ab,01797d3d-e940-71f0-bfd3-abd7aa7df6ab,563132500,2026-09-11T23:06:47Z,2026-09-12T05:22:29Z,22542,96.41731426064005,15.398027297413902,14.235804557800293,111.94391632080078,13.001518249511719,110.8868637084961
01a094ab-6e50-7ad0-8e67-0ae6c44637aa,014e4c56-6030-7001-81b7-8d99b454dbc3,414734000,2026-09-12T05:03:48Z,2026-09-12T08:10:58Z,11230,32.131714709957265,10.300460637208028,22.442684173583984,115.47663879394531,22.63311767578125,116.01813507080078
01a0964c-d5c8-73ee-8972-215c0b44c199,017b2f6d-c828-7017-bfcb-219d1feb750d,219027758,2026-09-12T12:16:49Z,2026-09-12T15:46:53Z,12604,32.33088317112162,9.234463615997923,12.34333324432373,109.66500091552734,12.856666564941406,109.8316650390625
01a09427-7cf8-7b3d-8aaf-4f230c4aefb1,019b910f-6580-7db5-be06-db41791bdacc,563320600,2026-09-11T07:47:57Z,2026-09-12T05:46:51Z,79134,0.09910071501406392,0.004508334900935503,22.31264877319336,113.7998275756836,22.312129974365234,113.79813385009766
01a0968b-a3e8-7d5b-8fae-ca82924bc1b1,014e47bd-f420-7905-bba5-3c61da4b1f82,574642000,2026-09-11T22:11:54Z,2026-09-12T16:55:29Z,67415,163.528137231694,8.732497130224704,20.153793334960938,110.00834655761719,20.57305335998535,107.13773345947266
01a08ea2-c4b8-7d4f-8e41-1d45274926ae,015c3877-d748-7bed-a3b4-efef4d7c0546,414305000,2026-09-10T17:48:18Z,2026-09-11T04:03:47Z,36929,107.63640842007712,10.492866590275328,20.93450927734375,117.0177993774414,20.04934310913086,118.6821060180664
01a09251-6920-757d-8ff7-4d3a714226b9,018a732a-ee60-7c92-82c8-4b282be0e15a,538010792,2026-09-11T14:15:11Z,2026-09-11T21:13:24Z,25093,109.112170004757,15.653919898661986,22.285770416259766,117.8167724609375,22.11063575744629,115.86310577392578
01a091ff-d650-7ee8-8b36-437e3d4f48ba,014e486d-a4b0-70d8-8f6e-2f9aca54a308,565688000,2026-09-11T15:13:58Z,2026-09-11T19:44:18Z,16220,53.9738148262753,11.979391700036441,6.485766887664795,107.35147857666016,7.271944999694824,107.79058837890625
01a08cac-b560-7c46-8ebc-18231446d485,014e46f7-4ca8-750c-ac1b-c6d5d79b38f4,636022118,2026-09-10T01:37:34Z,2026-09-10T18:55:24Z,62270,0.18319777172834437,0.010591167146652317,22.359466552734375,113.9238510131836,22.357282638549805,113.92154693603516
01a091f6-d988-7289-81f1-77ae6c4c3488,014e46ed-1b48-7eab-b04b-c49bd09c9b22,636017802,2026-09-11T11:20:14Z,2026-09-11T19:34:29Z,29655,125.8606359888067,15.278984642040266,11.597861289978027,109.5811767578125,9.780960083007812,108.51710510253906
01a090ad-1790-71ca-8b72-82170d49e384,018c19f2-7bb8-7228-b008-178658031f10,352003279,2026-09-11T06:25:38Z,2026-09-11T13:34:18Z,25720,77.4654183767781,10.842749072954945,18.53207015991211,118.3556900024414,19.53090476989746,119.2196273803711
01a08b4d-38e8-7d59-8765-6b3e3f415c85,014e46ea-2190-7e78-92da-a5c903911a68,636013118,2026-09-10T04:33:22Z,2026-09-10T12:31:29Z,28687,119.13565889624643,14.95061777203915,22.239397048950195,118.86695861816406,22.1877498626709,116.72433471679688
01a092fb-8400-7a2e-8400-8d1c44403eb9,01872719-f000-74de-99e8-d8c033f626e8,440442000,2026-09-11T06:14:06Z,2026-09-12T00:19:12Z,65106,280.91272627719087,15.532912705401761,17.368499755859375,114.00083923339844,21.340124130249023,116.62290954589844
01a096d7-c048-7135-8663-f66542480984,014e471d-62a8-76d1-9719-07cc53c762e1,538004438,2026-09-12T13:42:38Z,2026-09-12T18:18:37Z,16559,57.85508533431639,12.577952002146207,9.191828727722168,110.59635925292969,8.480605125427246,109.93840026855469
01a09021-cf50-7fa7-81ab-0034ca421b90,0180873b-2168-717c-bb21-851e3a3ef294,574114000,2026-09-11T08:02:06Z,2026-09-11T11:02:10Z,10804,17.20727516100059,5.733634818548882,18.448333740234375,106.29000091552734,18.1733341217041,106.375
01a09317-8bc8-710b-804f-9e2c2a4cf8a8,014e4875-3e00-75b0-97ac-878f31749bbd,636019863,2026-09-11T11:25:40Z,2026-09-12T00:49:49Z,48249,0.1525382486401614,0.011381328008965597,22.359310150146484,113.92334747314453,22.358657836914062,113.92069244384766
01a08c31-f780-7036-8196-80955b4484ad,014e4852-f4a8-76d6-9447-6d0318c7b6c3,355368000,2026-09-10T08:04:39Z,2026-09-10T16:41:20Z,31001,68.84954977344665,7.995173677765489,20.25248146057129,114.31732177734375,21.02308464050293,115.22476196289062
01a08c1f-7150-7d5b-815e-4c82634eecac,0180888c-9420-7b0a-8f6c-df72d174eab6,357293000,2026-09-10T06:35:47Z,2026-09-10T16:21:06Z,35119,103.24955299516598,10.583968529360105,12.947641372680664,113.8354263305664,11.632773399353027,112.70108032226562
01a09333-0ad8-7e4f-82ba-dca1a34a2bae,014e4752-12f0-7fa1-9b07-ac648430a556,636026671,2026-09-11T22:09:27Z,2026-09-12T01:19:51Z,11424,51.77606082871192,16.315985555266362,20.481529235839844,114.05669403076172,19.634159088134766,113.88630676269531
01a0947a-cd18-7bb9-8b2b-228642461898,014e46fc-80b0-7c9a-88b7-0163a57240ab,352830000,2026-09-11T13:00:31Z,2026-09-12T07:17:51Z,65840,0.12168762705125853,0.006653636959060309,22.312702178955078,113.80043029785156,22.312402725219727,113.79826354980469
01a08da4-57e8-7c0e-887c-e141a04f50a4,014e46f6-4ad8-78dd-96e7-02ad880fc326,440190000,2026-09-10T18:57:55Z,2026-09-10T23:25:53Z,16078,73.55131702120612,16.468761119314717,13.3951416015625,109.84559631347656,12.218607902526855,109.49561309814453
01a089e7-dc88-758c-83fc-431a354aea88,014e47e8-1930-725f-b5b5-7cf445fe4077,413468970,2026-09-10T01:27:01Z,2026-09-10T06:01:09Z,16448,56.770079730690775,12.425357917709556,14.956865310668945,115.56761169433594,14.343194961547852,114.82410430908203
01a0922c-9370-7652-8691-5ba67945b1a9,01742e02-da48-7b8f-836c-993dac77e74c,563113200,2026-09-11T13:36:37Z,2026-09-11T20:33:10Z,24993,98.04354566766902,14.122224799088084,16.297922134399414,112.98104095458984,17.879491806030273,113.40626525878906
01a09753-8bb0-7857-8588-b157ab4e13a3,017b3a33-26e0-732c-a43e-fe5a065edcc1,352978272,2026-09-12T13:22:01Z,2026-09-12T20:33:50Z,25909,83.90418355490384,11.658306410809134,15.922060012817383,112.9999771118164,16.787561416625977,114.14344024658203
01a0977b-2468-7a49-8207-0be89448d89e,019e7185-a320-7a90-a677-4eadbefac256,574946430,2026-09-12T10:15:10Z,2026-09-12T21:17:05Z,39715,0.27424910217250054,0.02485954344255324,8.616040229797363,105.21739959716797,8.616365432739258,105.2127914428711
01a0963e-4350-76ac-868f-ef08394a90b5,016878c9-f158-7981-be7c-5deaa0083fd7,477996280,2026-09-12T05:00:51Z,2026-09-12T15:30:58Z,37807,2.2483052550191944,0.21408466469355147,22.33368492126465,114.0824966430664,22.366666793823242,114.10166931152344
01a094d1-5958-714d-8d07-e52dce47f0b5,01523363-e5f8-7f75-8dad-cd898bbb9d86,441106000,2026-09-11T18:40:03Z,2026-09-12T08:52:23Z,51140,153.69166551047786,10.819123892016432,9.822375297546387,111.99136352539062,11.715417861938477,113.74541473388672
01a0932e-6b40-7c18-8df7-d8625c4b268f,0180874c-8e58-782e-b9b1-68478c4fc791,574480000,2026-09-11T13:39:08Z,2026-09-12T01:14:48Z,41740,148.31613863817896,12.792000457533403,10.320536613464355,107.47850036621094,11.949344635009766,109.37141418457031
01a08be0-9778-7958-85db-f54cb94417a9,014e46ec-82f0-7e8f-92f8-782c5a51dcb7,414736000,2026-09-10T08:25:55Z,2026-09-10T15:12:27Z,24392,92.59851710411947,13.666557132454496,19.174312591552734,107.67060089111328,20.56690788269043,106.9658432006836
01a0936d-ae90-77ac-8acd-c08840487688,0193aee3-fbc8-70c8-ae0c-83dc0cb641bd,636024083,2026-09-11T22:38:23Z,2026-09-12T02:23:54Z,13531,35.68549147052001,9.494329265676745,12.717448234558105,112.7970962524414,12.325949668884277,112.33899688720703
01a096a6-57d8-7a6a-8933-f9f12b406a8a,014e4752-12f0-7fa1-9b07-ac648430a556,636026671,2026-09-12T09:50:58Z,2026-09-12T17:24:39Z,27221,109.52602437128319,14.484908259675231,17.49993324279785,113.40682983398438,15.75002670288086,112.86901092529297
01a08f0c-2548-7ede-8782-76d99d407387,01742e02-da48-7b8f-836c-993dac77e74c,563113200,2026-09-11T01:55:53Z,2026-09-11T05:58:53Z,14580,71.69461962666794,17.70237521646122,13.446945190429688,111.50231170654297,14.513148307800293,112.05641174316406
01a089df-4938-784f-8b58-f959214d009a,0175f2b0-abd0-775b-a171-174fc34d4a3f,636093181,2026-09-10T02:18:44Z,2026-09-10T05:51:47Z,12783,49.862627823952984,14.042514289777888,9.934782981872559,110.35321807861328,10.56152629852295,110.90693664550781
01a094a0-c3d8-7914-8742-8439eb4fd08b,01742e02-da48-7b8f-836c-993dac77e74c,563113200,2026-09-12T04:00:16Z,2026-09-12T07:59:19Z,14343,66.95440054412796,16.805120404299007,19.589977264404297,113.90831756591797,20.639665603637695,114.30924224853516
01a09668-b298-7a15-8973-44c7a84808b4,014e46ec-a618-7a22-8038-90230147cbcd,414381000,2026-09-12T13:09:58Z,2026-09-12T16:17:19Z,11241,33.58156682031173,10.754705146617047,21.041032791137695,114.75505065917969,20.566499710083008,115.07176208496094
01a08bdb-f3f8-70ad-8aad-e0c9c84811bb,01898a7b-8490-7f39-8999-47bed3552332,441491000,2026-09-10T12:01:57Z,2026-09-10T15:07:23Z,11126,52.67843029596547,17.04497115454572,10.147729873657227,108.79576873779297,10.890111923217773,109.2713851928711
01a094af-4e80-7094-827b-da05074338ae,0173223e-ecc0-7a1b-9915-8e12a99ddf8d,538009167,2026-09-11T16:38:41Z,2026-09-12T08:15:12Z,56191,235.76648916209794,15.104898666753618,22.15928077697754,116.8255615234375,18.59514617919922,115.06689453125
01a090da-9be8-75f9-8896-eb0b37494086,019bea1d-d3f0-7844-893b-65a471e7e57d,636093421,2026-09-11T05:50:54Z,2026-09-11T14:24:01Z,30787,92.01407055953642,10.759432683091276,9.669170379638672,109.239013671875,8.935625076293945,107.87549591064453
01a090e4-ae08-7047-849c-95db3b450a8c,015ea1ac-c8e8-756d-a14c-01fa3ea43b90,371364000,2026-09-11T09:36:49Z,2026-09-11T14:35:01Z,17892,48.25500613901527,9.709256768413535,16.5598087310791,117.923583984375,15.970203399658203,117.35462951660156
01a09523-3e30-7c0c-8cdb-60123840b49d,014e5e03-df88-7fa8-ae1a-f1701504a547,412356090,2026-09-12T04:06:50Z,2026-09-12T10:21:50Z,22500,0.29100014627461696,0.046560023403938715,22.641849517822266,114.67066955566406,22.639759063720703,114.66593170166016
01a0927b-3070-7648-8dfe-e325474506b3,01809811-f7a0-7f84-9244-e307da6c3d85,412536055,2026-09-11T12:15:10Z,2026-09-11T21:59:02Z,35032,0.6930995083897443,0.07122511504347681,22.36895751953125,113.97189331054688,22.37952995300293,113.9769058227539
01a08cf4-0b18-7a90-84df-3f422b4e4b93,0193999a-8930-711f-9544-62b14e9e2d4e,413388820,2026-09-10T04:13:24Z,2026-09-10T20:13:19Z,57595,153.19895038495318,9.575765628714844,19.329729080200195,117.32579803466797,17.074783325195312,116.06869506835938
01a094db-86d0-754f-88cd-b76ca643ff93,014e47e8-1930-725f-b5b5-7cf445fe4077,413468970,2026-09-11T22:55:21Z,2026-09-12T09:03:30Z,36489,108.85991402224417,10.74010497629639,9.458660125732422,109.12406158447266,8.59915542602539,107.50757598876953
01a08c5a-3060-7abf-8dd4-e0f168410e9f,014e4711-fcb0-7f69-9b9e-718367bff3e8,477947600,2026-09-10T10:25:06Z,2026-09-10T17:25:16Z,25210,79.0183089262824,11.283852127513551,17.559484481811523,114.25164031982422,16.44234275817871,113.52407836914062
01a08fc0-2368-76c6-89d3-2920af4edbb7,015ea1ac-c8e8-756d-a14c-01fa3ea43b90,371364000,2026-09-10T13:26:53Z,2026-09-11T09:15:29Z,71316,193.08680548832444,9.74693616801234,18.95507049560547,120.26260375976562,16.599197387695312,117.96350860595703
01a09353-fc70-7437-8a77-eaf69341e8ab,015ea1ac-c8e8-756d-a14c-01fa3ea43b90,371364000,2026-09-11T21:37:38Z,2026-09-12T01:55:50Z,15492,41.44474754255993,9.630847608650642,15.041872024536133,116.6458969116211,14.539031982421875,116.15678405761719
01a08d81-fef0-7a92-88a9-73c16449debd,018f23e6-ea98-7052-ba5e-e22db24a513f,352003238,2026-09-10T02:45:59Z,2026-09-10T22:48:22Z,72143,0.13948490628835183,0.006960421144644201,22.311357498168945,113.80037689208984,22.312097549438477,113.7979965209961
01a09577-cea0-7144-83d5-9368f043c4a1,018fb7d1-f770-715a-9a8c-3979aeaad430,636023774,2026-09-11T17:36:32Z,2026-09-12T11:54:12Z,65860,169.98978128907237,9.291879936845742,15.367382049560547,110.68202209472656,18.000919342041016,111.76728820800781
01a093ef-c358-707d-855d-01e7534000ae,0186598d-5118-78b4-bc17-a99ee7170408,256381000,2026-09-12T01:43:03Z,2026-09-12T04:45:59Z,10976,56.559670283437875,18.550912264975977,13.396666526794434,109.88666534423828,12.491666793823242,109.61833190917969
01a0962a-84a0-7175-8a61-4f5f1d477e9d,014e4723-7940-73d1-a05e-109feb6ee171,636014908,2026-09-12T12:06:23Z,2026-09-12T15:09:24Z,10981,33.039394283110425,10.831601804862721,20.44499969482422,107.36166381835938,19.953332901000977,107.625
01a08f94-d960-754e-8477-53b7aa4feba8,0198cd4f-3cf8-7eec-b592-7b04dfe22a34,412466309,2026-09-11T01:48:40Z,2026-09-11T08:28:12Z,23972,5.863774786581421,0.8805935771605671,22.563684463500977,116.66133117675781,22.559816360473633,116.55565643310547
01a0973c-13e0-7a0c-8a6b-e98d154f9485,01896ce7-b1d8-7c00-a095-20ccf25e8782,352002938,2026-09-12T16:29:31Z,2026-09-12T20:08:12Z,13121,43.7817065136052,12.012357552700154,25.302906036376953,124.541748046875,25.74852180480957,125.18138885498047
01a0957e-f2c0-7d1c-80f0-4cad224bf885,0175f2b0-abd0-775b-a171-174fc34d4a3f,636093181,2026-09-11T21:20:00Z,2026-09-12T12:02:00Z,52920,177.39346923512554,12.067582941165004,17.49333381652832,116.55999755859375,20.062101364135742,118.10199737548828
01a09419-01f0-7a30-8bc0-37880a458cb7,01a08dc2-53b0-78d5-b3d2-f9c6f3d91785,413623518,2026-09-12T02:24:30Z,2026-09-12T05:31:02Z,11192,3.9169222265612875,1.259910651860314,21.421024322509766,111.22911071777344,21.48599624633789,111.23543548583984
01a08d3c-e770-7843-8371-5a1f8f4bd296,014e46ed-80d8-771a-a0e3-a1415a88a9b7,413382250,2026-09-10T18:15:04Z,2026-09-10T21:32:54Z,11870,34.95384767090229,10.600998451158235,21.927509307861328,114.70445251464844,21.688318252563477,114.13277435302734
01a091bd-37a0-71ce-83f0-a23a214b8dae,0196dc64-1a30-700a-9141-91c5f3a1ab05,352005509,2026-09-11T11:07:09Z,2026-09-11T18:31:32Z,26663,70.45960508913993,9.513354773315221,20.298078536987305,111.23233032226562,20.67218589782715,112.41973114013672
01a08c2c-e2b8-7551-8570-e9f6d645d4b8,014e4abb-d688-7997-a1a4-54d9d2f73c90,566894000,2026-09-10T12:31:27Z,2026-09-10T16:35:47Z,14660,46.109873981241535,11.323024988572273,10.663784980773926,110.17182922363281,9.99655532836914,109.7853012084961
01a09323-d838-72fa-8dbf-aa889e40a698,01808944-6aa0-7445-a8ab-b61d5d88cd79,413488420,2026-09-11T10:11:58Z,2026-09-12T01:03:15Z,53477,1.9330995533254716,0.13013367226979258,21.77113151550293,112.68618774414062,21.803176879882812,112.68954467773438
01a08c2b-f858-772a-8d58-a4e9554c538a,0198d49c-60f8-7601-b01a-50fd8fb31c7c,412446306,2026-09-10T04:34:13Z,2026-09-10T16:34:47Z,43234,24.300457625312884,2.02344560880618,22.69681739807129,117.40380096435547,23.09847640991211,117.4578628540039
01a09657-0728-7537-8308-921aa14a8bba,018fb7d1-f770-715a-9a8c-3979aeaad430,636023774,2026-09-12T12:09:14Z,2026-09-12T15:58:01Z,13727,36.20493905553761,9.494993851528767,18.033170700073242,111.78455352783203,18.568143844604492,112.07762908935547
01a0920b-9df0-786e-8d97-3609a74bdb96,018ca994-ced8-72e0-a7e7-4cd9dbaa2b55,413567610,2026-09-10T22:38:53Z,2026-09-11T19:57:10Z,76697,0.11958463225641631,0.005613057565786129,21.641956329345703,108.65623474121094,21.6400203704834,108.65573120117188
01a090f9-4778-7cdf-869f-679f9d4983b8,0191a804-b330-7a82-9d2f-4e68ca53b84a,413577230,2026-09-10T05:30:03Z,2026-09-11T14:57:31Z,120448,5.756455282779431,0.17205133350496438,20.166959762573242,109.75218200683594,20.260364532470703,109.77523040771484
01a093f2-0578-73a1-8642-76635b4d4baa,0196dc64-1a30-700a-9141-91c5f3a1ab05,352005509,2026-09-12T00:42:19Z,2026-09-12T04:48:27Z,14768,39.58800698685093,9.650380901453369,21.008241653442383,113.37767791748047,21.192785263061523,114.0561752319336
01a08ec2-b480-770c-81d3-5abddf4f21a2,014e4c20-f850-7c3d-9056-d2545db85dc8,477995137,2026-09-11T01:33:33Z,2026-09-11T04:38:40Z,11107,3.2907657727352073,1.0666027533849596,22.235050201416016,114.14775848388672,22.20515251159668,114.09813690185547
01a08d8e-0128-7ff1-82d8-f6e38c40f69b,014e4725-c718-7327-b109-9be193859b8d,566282000,2026-09-10T13:52:16Z,2026-09-10T23:01:29Z,32953,69.15599859011144,7.55505097940707,12.500788688659668,110.19566345214844,11.391366958618164,109.87915802001953
01a09539-d370-7634-8094-a7959e4cd789,015ea1ac-c8e8-756d-a14c-01fa3ea43b90,371364000,2026-09-12T07:11:19Z,2026-09-12T10:46:30Z,12911,31.55519593959414,8.79859851154356,13.978936195373535,115.59871673583984,13.597945213317871,115.22594451904297
01a09692-3f50-7eb4-8716-44dc684c9fba,0173f0f2-7b90-770a-a34b-7b6240cfe33f,440251000,2026-09-12T12:06:43Z,2026-09-12T17:02:42Z,17759,4.422061017308228,0.8964141934967971,11.00763988494873,109.47160339355469,11.024961471557617,109.5445327758789
01a095c9-22f0-7818-8147-10e9484b78a1,01808739-fc70-79df-86c2-dec738284360,413142000,2026-09-12T02:47:21Z,2026-09-12T13:23:02Z,38141,146.93699142388513,13.868885690621287,18.38600730895996,114.745849609375,20.514636993408203,116.02660369873047
01a090b0-f7c0-7b69-8a03-0050de470592,014e484b-a1a8-7198-8e3b-6964028f5459,352978233,2026-09-11T06:03:14Z,2026-09-11T13:38:32Z,27318,89.41698871635498,11.783481930554139,11.036499977111816,109.1716537475586,10.338966369628906,107.83258819580078
01a094c2-5d68-7176-8be4-a4eb29473a93,019376c2-8d90-7cca-82c9-c2465c76c89e,413604860,2026-09-11T06:10:59Z,2026-09-12T08:36:01Z,95102,0.20061407151456975,0.00759406382045016,22.646196365356445,114.68831634521484,22.646928787231445,114.68478393554688
01a08cb1-fcf0-722a-8e9f-7c6ba049ddb3,014e47e8-1930-725f-b5b5-7cf445fe4077,413468970,2026-09-10T15:20:09Z,2026-09-10T19:01:10Z,13261,40.706383739245744,11.050673513406583,13.106234550476074,113.3332290649414,12.647254943847656,112.82135772705078
01a0950d-1268-74e1-8c49-4b559e49fc8c,016edc3a-94a8-7d30-9b21-af48816d76db,354690000,2026-09-12T03:55:55Z,2026-09-12T09:57:37Z,21702,91.82682609600371,15.232539579099317,21.415124893188477,108.67079162597656,20.241514205932617,109.72007751464844
01a0938b-e4f0-7b6d-8d74-ba0b374dc6b6,01808792-e628-7de6-8261-9657063741f8,351376000,2026-09-11T22:53:55Z,2026-09-12T02:56:54Z,14579,53.56429625659044,13.226659340402332,13.4399995803833,109.47166442871094,12.550000190734863,109.53500366210938
01a08c6f-6de0-7abc-8ed6-ed09a64c4eb7,01856db2-22c8-7c5c-8db6-4a35e5220161,412444913,2026-09-10T02:39:02Z,2026-09-10T17:48:28Z,54566,3.280368066745491,0.21642277316064523,23.00608253479004,117.7091064453125,22.999906539916992,117.65013122558594
01a09066-b7f0-74be-8ab7-d17a4943a181,0186c9d9-6100-76a1-a234-2275a64c39ef,413514090,2026-09-11T03:22:20Z,2026-09-11T12:17:26Z,32106,111.69307406591653,12.523985131666963,7.399236679077148,108.58633422851562,8.823373794555664,109.79534912109375
01a08c6e-1238-75da-87f0-6d0345449e92,0175f2b0-abd0-775b-a171-174fc34d4a3f,636093181,2026-09-10T13:23:15Z,2026-09-10T17:46:59Z,15824,63.19905891607309,14.377945658358389,11.924071311950684,112.11682891845703,12.717677116394043,112.82463836669922
01a092a2-7338-713c-8771-0fe83d4983b8,014e49d5-cfd0-7231-b6da-8c193e247abb,563122200,2026-09-10T21:12:04Z,2026-09-11T22:41:55Z,91791,309.4969447882934,12.138325121611663,20.322750091552734,116.03186798095703,15.75671672821045,113.51493072509766
01a0965f-bda0-7c79-8810-a0868b4904b8,01896ce7-b1d8-7c00-a095-20ccf25e8782,352002938,2026-09-11T21:47:12Z,2026-09-12T16:07:32Z,66020,208.93216351305392,11.392847449969617,22.68476676940918,121.91661071777344,25.259145736694336,124.4793701171875
01a08ef7-2a30-7339-8fe3-525b8b49d9b8,014e4711-fcb0-7f69-9b9e-718367bff3e8,477947600,2026-09-10T21:13:49Z,2026-09-11T05:35:58Z,30129,91.37681416900092,10.918269142965359,15.825255393981934,113.15494537353516,14.54671859741211,112.29946899414062
01a0961a-e0b8-7de2-8593-2b79be4898ba,01856b22-82f0-7102-aa5d-faa6489d1fb6,412536624,2026-09-11T22:45:25Z,2026-09-12T14:52:19Z,58014,18.016649121177686,1.1180049097845293,21.892656326293945,115.80341339111328,21.80278778076172,115.49495697021484
01a08e99-bc38-7378-82a9-f28cd6409cb2,018c94ad-13e0-766c-a6d4-f0939c652967,352003387,2026-09-10T16:11:25Z,2026-09-11T03:53:55Z,42150,147.66908394897055,12.612306102403178,7.690014839172363,104.66045379638672,5.799685001373291,106.24494934082031
01a08f56-0758-70b7-8b52-28654446a380,0169e638-a5d0-7e24-9166-6c548842a670,477351200,2026-09-11T03:29:37Z,2026-09-11T07:19:35Z,13798,43.97497776915916,11.473396142120087,8.268012046813965,108.82049560546875,7.681029796600342,108.37815856933594
01a0928d-d1f8-7fa9-8ade-ca16e44ed7a3,014e47a2-c330-736a-90a7-43da5eb1e46c,567567000,2026-09-11T04:01:12Z,2026-09-11T22:19:23Z,65891,213.28148914578784,11.652780515166505,21.817882537841797,116.82877349853516,18.733734130859375,114.94938659667969
01a08c0e-1fb8-7840-85ff-e3c00140a8ac,0180873b-2168-717c-bb21-851e3a3ef294,574114000,2026-09-10T12:56:04Z,2026-09-10T16:02:11Z,11167,26.23404535243522,8.457290522859031,20.364999771118164,106.94499969482422,20.058332443237305,106.61333465576172
01a08d2c-0338-70d3-8293-f8bfd44171b4,0186c9d9-6100-76a1-a234-2275a64c39ef,413514090,2026-09-10T18:08:27Z,2026-09-10T21:14:27Z,11160,40.64760137532548,13.112129475911445,5.873266696929932,107.30165100097656,6.391594886779785,107.73966979980469
01a08dcc-eaa0-7d62-8326-fec36042beb8,01963712-7658-78bd-b2ce-885e48622b8c,563263200,2026-09-10T02:38:26Z,2026-09-11T00:10:12Z,77506,0.2318936391536461,0.010770999676839548,22.358240127563477,113.92552185058594,22.35866928100586,113.92137145996094
01a08b72-54e8-7244-8795-79460348bf9a,018fb7d1-f770-715a-9a8c-3979aeaad430,636023774,2026-09-10T06:58:50Z,2026-09-10T13:12:01Z,22391,84.33557064009345,13.559378960490216,10.614218711853027,108.30872344970703,11.428128242492676,109.47505187988281
01a08c6c-b2a8-70ec-8327-ba5b5b4a3aa4,014e4b1e-5d30-78eb-925f-cd872881cfea,249346000,2026-09-10T12:04:51Z,2026-09-10T17:45:29Z,20438,81.12207903109648,14.289044158525654,20.47806739807129,112.69522857666016,21.31730079650879,113.82868194580078
01a090cb-c320-7c6c-8e55-3c4b644b22b6,014e4cf2-3e88-756f-8a76-46af46a4aa49,574003740,2026-09-11T05:15:10Z,2026-09-11T14:07:48Z,31958,0.02900165780357379,0.003266974406810991,20.813318252563477,106.90218353271484,20.813140869140625,106.90170288085938
01a094f5-8710-7be5-8846-364fb64a88a6,014e476d-3058-7d65-a16d-d656a3be9d4e,477466300,2026-09-12T01:07:53Z,2026-09-12T09:31:54Z,30241,130.71542797962414,15.560845895527493,23.513334274291992,122.61166381835938,25.18833351135254,124.13833618164062
01a095c2-be38-7c8b-813c-5eaf6641cb9f,01647e42-c758-78a7-9fd3-b4a123a13bdc,636019058,2026-09-12T01:43:11Z,2026-09-12T13:16:03Z,41572,129.63603274024354,11.226058834428864,14.890371322631836,112.2458267211914,12.965015411376953,111.23897552490234
01a092b6-c270-71ff-8d71-62cbdd432f83,01808739-fc70-79df-86c2-dec738284360,413142000,2026-09-11T14:09:25Z,2026-09-11T23:04:06Z,32081,116.09528943038566,13.027743584968935,16.02231788635254,113.26197052001953,17.686546325683594,114.29069519042969
01a08f70-9c08-7b4d-8a4c-2252c1487d9f,014e46ef-ab88-7ce8-98bc-9350c9624d1c,255915694,2026-09-10T23:09:33Z,2026-09-11T07:48:37Z,31144,124.69424548202093,14.413668242206375,20.95057487487793,114.24910736083984,18.874305725097656,114.19745635986328
01a08de7-5840-7d24-8be1-ea13704beeae,014e484b-a1a8-7198-8e3b-6964028f5459,352978233,2026-09-10T14:08:18Z,2026-09-11T00:39:04Z,37846,145.59876169404723,13.849694607054115,13.206533432006836,112.16664123535156,11.702099800109863,110.21880340576172
01a094a2-cb60-7fb0-8c0b-e8dc9a4e369c,01808739-2980-752d-9290-a238ac86e5e1,563161900,2026-09-12T01:13:40Z,2026-09-12T08:01:32Z,24472,66.52645627306305,9.786500595906626,8.11061954498291,106.7048568725586,7.046896457672119,106.39192962646484
01a08d67-8980-7962-867e-db49ee41fda0,01809811-f7a0-7f84-9244-e307da6c3d85,412536055,2026-09-10T11:54:16Z,2026-09-10T22:19:28Z,37512,0.1735416987242982,0.01665467358198639,22.371471405029297,113.97610473632812,22.368532180786133,113.97325134277344
01a091bd-4b28-7aa3-8128-33eff1475a9d,014e46ed-80d8-771a-a0e3-a1415a88a9b7,413382250,2026-09-10T21:32:54Z,2026-09-11T18:31:37Z,75523,215.41238946396473,10.268191174480265,21.688318252563477,114.13277435302734,20.2450008392334,110.61499786376953
01a09475-c020-7257-8911-e23885491ba4,017becd3-b698-737b-a206-c14992c9032a,563139600,2026-09-11T17:58:32Z,2026-09-12T07:12:20Z,47628,188.4548339851715,14.244507481872372,11.79895305633545,109.37173461914062,14.93764877319336,109.34577941894531
01a0903d-36f0-7b06-8812-d0327d4728ab,019fa0bd-bca8-75d2-85b4-f064d72d853f,574021269,2026-09-11T01:34:52Z,2026-09-11T11:32:06Z,35834,2.8021964321647013,0.28151775285463315,8.06673526763916,109.05631256103516,8.021247863769531,109.06686401367188
01a08feb-dad0-7ffc-84db-05202843e791,01857755-fc50-7437-aed5-bc9273f40fcc,431432000,2026-09-11T06:06:13Z,2026-09-11T10:03:14Z,14221,65.63120954693986,16.614327710356758,8.853581428527832,107.62620544433594,9.357437133789062,108.60865783691406
01a08f50-a470-7e47-8f7a-48056742f989,01896ce7-b1d8-7c00-a095-20ccf25e8782,352002938,2026-09-10T22:45:23Z,2026-09-11T07:13:42Z,30499,80.94018261715019,9.553908568206849,21.93931770324707,118.09666442871094,21.866039276123047,119.54749298095703
01a08fcb-d398-752c-8803-b9a57f453083,014e47c3-0118-78a0-8ef4-885ca22b72d9,636090967,2026-09-10T15:08:29Z,2026-09-11T09:28:15Z,65986,0.04262125841631356,0.00232528915677157,22.31267738342285,113.79942321777344,22.311969757080078,113.79936218261719
01a08c6e-73e0-7f48-8ff9-fa9ec54e1fbb,014e49d5-cfd0-7231-b6da-8c193e247abb,563122200,2026-09-10T06:49:38Z,2026-09-10T17:47:24Z,39466,137.92043403952513,12.580792645372991,23.054216384887695,117.48735046386719,20.987300872802734,116.40606689453125
01a09295-5f90-792c-8a8f-49739f421397,0180874a-dcc0-7deb-b01d-14eef6079fd2,477995139,2026-09-11T18:52:41Z,2026-09-11T22:27:38Z,12897,2.1380722268568753,0.5968101121721913,22.27340316772461,114.11221313476562,22.24677085876465,114.13775634765625
01a0924f-bf58-71d0-8c21-c728e841e68b,01647e42-c758-78a7-9fd3-b4a123a13bdc,636019058,2026-09-11T07:40:06Z,2026-09-11T21:11:35Z,48689,160.20543235170757,11.84537691195439,18.218189239501953,113.45002746582031,15.662670135498047,112.64759826660156
01a09592-4fc8-7943-8209-7f8caf4d60b1,018573a0-f330-77bc-9cf3-c76304e5f30e,412529475,2026-09-12T00:36:54Z,2026-09-12T12:23:09Z,42375,4.995183926474227,0.42436960791285466,22.118907928466797,116.4228286743164,22.13479995727539,116.510986328125
01a09556-8330-74fe-8212-b7ce6b4ef290,0197f444-f790-7af2-9dd9-2a6d9423981e,574988589,2026-09-11T18:38:33Z,2026-09-12T11:17:50Z,59957,8.85783358039258,0.5318511748321845,7.876888275146484,107.99468994140625,7.7367448806762695,107.94815826416016
01a0937e-d918-7d95-80f5-5d079747c0af,01692d7e-1ed0-7713-9c24-5e3ae1b59215,372604000,2026-09-11T13:50:06Z,2026-09-12T02:42:39Z,46353,167.90810753433823,13.040562361090277,17.407434463500977,111.39598846435547,19.7412166595459,113.0217056274414
01a0933e-2a80-7c17-855e-d24fcb4701b6,0168fb5f-dfd8-7b77-bd8d-8689d0283b5f,357527000,2026-09-10T22:01:37Z,2026-09-12T01:32:00Z,99023,321.92606316740853,11.703683259471745,20.797897338867188,116.31349182128906,16.2393741607666,113.33531951904297
01a08ac4-1770-74cd-8ae8-18b8c34e4889,01856ab1-a080-7922-8044-3fab395d6c76,431864000,2026-09-10T01:31:36Z,2026-09-10T10:01:42Z,30606,125.62014866162464,14.775943775137184,17.14628028869629,113.82283020019531,15.345250129699707,112.71366882324219
01a09075-5238-7a65-8b28-50d81f4e7c81,0180874c-8e58-782e-b9b1-68478c4fc791,574480000,2026-09-10T01:11:56Z,2026-09-11T12:33:23Z,127287,5.61878702280294,0.15891358333600905,10.275805473327637,107.11833190917969,10.280425071716309,107.21332550048828
01a091a6-5ff8-75d8-80b9-6958c84ea58a,014e46f7-2598-7034-ae0e-5120be3e8b00,574380000,2026-09-10T15:25:36Z,2026-09-11T18:06:35Z,96059,0.055274979534337576,0.0020715385994400865,20.81367301940918,106.90235137939453,20.812824249267578,106.90196990966797
01a095bc-da68-7e40-82df-25852242c783,017940fe-6b30-7923-88d4-d57e17ef24fb,219027760,2026-09-12T10:06:05Z,2026-09-12T13:09:37Z,11012,51.85628016049992,16.952652431692673,20.558053970336914,106.93404388427734,19.827957153320312,107.42569732666016
01a091b6-a7f0-74f3-8f39-38a1f1408298,014e46ea-e8c8-7bc7-9c32-2ffb4e4ee709,477848700,2026-09-11T15:09:15Z,2026-09-11T18:24:22Z,11707,60.39684250542357,18.57253207649482,10.293702125549316,109.56366729736328,9.493905067443848,108.94434356689453
01a093a9-e0b8-7709-8e10-a16b2e4f3999,014e4712-9508-7d10-bb1c-0a899d44cf5b,538003278,2026-09-12T00:10:30Z,2026-09-12T03:29:39Z,11949,40.36912199011617,12.162426911408335,21.98649787902832,116.02716064453125,21.83051872253418,115.32222747802734
01a090d9-d0c8-7913-824c-1ded8e4dae8b,018d49d1-f100-7b1f-acf2-2e2134edc758,352003337,2026-09-11T06:50:48Z,2026-09-11T14:23:09Z,27141,63.02929880888111,8.360247437897351,12.931180000305176,112.96923828125,12.167768478393555,112.23101043701172
01a08fba-33e0-7718-8bea-92691f4f318c,01550ef6-1ff8-7b22-9dd7-54c8a5ed706a,249622000,2026-09-10T09:51:03Z,2026-09-11T09:09:00Z,83877,235.57877627087146,10.111038718303435,19.45599365234375,107.66917419433594,18.7662296295166,111.75716400146484
01a092ea-0388-78fa-80de-8459cd4679b0,01856ab1-a080-7922-8044-3fab395d6c76,431864000,2026-09-11T20:35:37Z,2026-09-12T00:00:05Z,12268,44.558392846582926,13.07549838993304,8.942193031311035,108.03981018066406,8.549421310424805,107.40271759033203
01a08a7a-29a8-76bd-8c8d-f4a5c64c2291,01550ef6-1ff8-7b22-9dd7-54c8a5ed706a,249622000,2026-09-10T04:45:30Z,2026-09-10T08:40:57Z,14127,52.916748270451976,13.4848371043836,20.472753524780273,107.08587646484375,19.720619201660156,107.5750961303711
01a09612-8030-71bb-8d2b-b1287046f3ac,01807ded-c098-7046-8d1d-0b88018516fb,477809100,2026-09-12T11:13:18Z,2026-09-12T14:43:10Z,12592,52.65144482201463,15.052827299813586,10.734999656677246,109.32333374023438,10.050000190734863,108.76667022705078
01a08d46-bb10-7354-8a07-1ca8174b57b2,014e46f9-e8a0-766a-a3e1-a7dce528bf54,477182500,2026-09-10T08:47:36Z,2026-09-10T21:43:38Z,46562,0.2784307919229244,0.021527229305496498,24.403179168701172,118.10711669921875,24.39926528930664,118.10438537597656
01a08a1c-0fd0-7443-8cc7-3ef6e443bca5,014e4852-f4a8-76d6-9447-6d0318c7b6c3,355368000,2026-09-10T02:21:58Z,2026-09-10T06:58:10Z,16572,42.17267783275098,9.161334793501299,19.680927276611328,113.63653564453125,20.14991569519043,114.19269561767578
01a090a6-a720-7fa7-8685-a803b24e1892,014e4752-12f0-7fa1-9b07-ac648430a556,636026671,2026-09-10T13:40:43Z,2026-09-11T13:27:16Z,85593,0.16531684659308676,0.0069531462588659386,22.358644485473633,113.92320251464844,22.358549118041992,113.92022705078125
01a091b4-bbc0-74eb-8fc7-1ba3f34d7193,0173f0f2-7b90-770a-a34b-7b6240cfe33f,440251000,2026-09-11T07:11:53Z,2026-09-11T18:22:16Z,40223,170.38467893008323,15.249604558294996,18.037097930908203,111.62959289550781,15.387022972106934,110.56962585449219
01a09167-ef98-7f87-83bd-e37a8f4dae9d,017becd3-b698-737b-a206-c14992c9032a,563139600,2026-09-11T09:43:00Z,2026-09-11T16:58:23Z,26123,115.97796525645919,15.982876198110977,10.366397857666016,107.75904083251953,11.548852920532227,109.31489562988281
01a08c56-f440-754f-8125-fb40724c4ab2,0196f8e3-9e88-7ea8-8394-1ad70c8dc47a,413609820,2026-09-10T05:05:13Z,2026-09-10T17:21:44Z,44191,117.76396088052056,9.593588268422847,20.237226486206055,110.7353744506836,21.376644134521484,112.44332122802734
01a093eb-52a0-7865-8c15-f2a8cf400eb6,014e46ec-82f0-7e8f-92f8-782c5a51dcb7,414736000,2026-09-11T22:58:17Z,2026-09-12T04:41:08Z,20571,80.03128013646943,14.005765810669875,20.38991928100586,108.24125671386719,20.17818260192871,109.64430236816406
01a08fba-6a90-7833-8fc2-cf483a47e9b1,014eae60-8148-7960-8270-75c8c59d4d29,229334000,2026-09-11T01:04:48Z,2026-09-11T09:09:14Z,29066,128.47056741278809,15.911857245098643,20.003585815429688,113.24707794189453,18.420520782470703,111.7225341796875
01a0939d-caf8-74b8-89c0-33b10e4f0d97,014e471d-62a8-76d1-9719-07cc53c762e1,538004438,2026-09-11T20:20:26Z,2026-09-12T03:16:27Z,24961,78.57311540232332,11.332206860637152,11.74180793762207,112.80274963378906,10.74920654296875,111.93318939208984
01a0936e-b060-7725-87ff-17f12b450aaf,016aaf7e-f818-742a-9a62-508a4cad934b,416039000,2026-09-11T21:56:21Z,2026-09-12T02:25:00Z,16119,83.38933451467705,18.6240836437023,19.181812286376953,116.73416137695312,18.17859649658203,115.72023010253906
01a09007-2330-78a0-8c7e-0b9c3c4aa0aa,014e4798-95b8-780d-b18f-48a403871e33,477311600,2026-09-10T19:55:12Z,2026-09-11T10:33:02Z,52670,163.56226426274094,11.179497842146713,19.030241012573242,115.34689331054688,21.40489387512207,116.76972198486328
01a094d7-a2b8-713b-8524-9955af4cde96,01694513-61e0-7d70-a8f1-7f6e210783ab,574014131,2026-09-11T04:04:35Z,2026-09-12T08:59:15Z,104080,218.10808161879646,7.5440919852773565,15.884343147277832,108.61030578613281,18.784481048583984,106.31829071044922
01a08eec-4908-7bf8-854b-b2232d432fbd,01808739-fc70-79df-86c2-dec738284360,413142000,2026-09-11T01:24:55Z,2026-09-11T05:24:05Z,14350,51.56441539273057,12.936020586329619,13.65970516204834,111.761962890625,14.392776489257812,112.22314453125
01a08b8a-0368-72ea-889c-a78d1244fc9d,01808739-fc70-79df-86c2-dec738284360,413142000,2026-09-10T10:05:07Z,2026-09-10T13:37:53Z,12766,52.08683048095199,14.688437234171014,10.504572868347168,109.7684555053711,11.247870445251465,110.22398376464844
01a0930a-ddb0-7104-84cb-ad207b47ad8a,018d49d1-f100-7b1f-acf2-2e2134edc758,352003337,2026-09-11T17:34:57Z,2026-09-12T00:35:58Z,25261,57.15681752362964,8.145542262185453,11.86269474029541,111.93701171875,11.171003341674805,111.26949310302734
01a0952e-2728-73ec-8708-946dd64c9981,01980820-a958-7def-a943-5279e54e85d6,412279000,2026-09-10T12:56:58Z,2026-09-12T10:33:45Z,164207,0.13038011480927542,0.0028583946683965454,22.312955856323242,113.79993438720703,22.31174087524414,113.79798889160156
01a092e5-5450-727c-8bcc-d9642944b586,0169e638-a5d0-7e24-9166-6c548842a670,477351200,2026-09-11T14:08:17Z,2026-09-11T23:54:58Z,35201,116.32785647991072,11.896829161889679,6.633018493652344,107.63433074951172,5.085858345031738,106.46190643310547
01a096e3-ce38-77fa-87df-e89050465d8e,018d49d1-f100-7b1f-acf2-2e2134edc758,352003337,2026-09-12T09:01:07Z,2026-09-12T18:31:47Z,34240,94.71832988865641,9.958702908854063,10.265253067016602,110.48507690429688,9.056755065917969,109.45642852783203
01a09715-cf00-7ec6-8165-41f2a444c193,01822507-fa00-736e-b575-8717b43f6f11,563166100,2026-09-11T21:32:42Z,2026-09-12T19:26:24Z,78822,402.0602371724879,18.363107429663756,19.363296508789062,112.74678802490234,13.056902885437012,110.39985656738281
01a08b5c-11b0-7c24-85aa-4cec9d4e7c94,014e46f4-7de8-7bda-9f8d-034c43faee43,477238800,2026-09-10T07:35:34Z,2026-09-10T12:47:42Z,18728,66.02014877023122,12.690759054508352,8.110573768615723,106.86532592773438,7.021856784820557,106.70968627929688
01a08f01-f000-7587-822f-124267430cb0,0193aee3-fbc8-70c8-ae0c-83dc0cb641bd,636024083,2026-09-11T01:32:26Z,2026-09-11T05:47:44Z,15318,48.21280636456312,11.330859310120593,15.210453033447266,115.7157211303711,14.679368019104004,115.09233093261719
01a09084-4270-78a2-8163-ecd91c437dac,01523363-e5f8-7f75-8dad-cd898bbb9d86,441106000,2026-09-11T05:40:42Z,2026-09-11T12:49:42Z,25740,80.82769576221754,11.304572833876579,7.757428169250488,110.79434967041016,8.987480163574219,111.34732055664062
01a095ab-7548-70b0-8309-dca903473b98,014e471d-62a8-76d1-9719-07cc53c762e1,538004438,2026-09-12T09:17:21Z,2026-09-12T12:50:37Z,12796,41.776340857166254,11.75326876256631,9.864566802978516,111.15641021728516,9.329560279846191,110.7052230834961
01a09247-5ed0-7df9-8828-fba0ae40c7b5,014e47a4-49d0-7927-ba3f-5b99c44cc5c9,538010380,2026-09-10T02:59:25Z,2026-09-11T21:02:26Z,151381,5.699489340348121,0.13553987373087267,9.49666690826416,103.07499694824219,9.426666259765625,103.13999938964844
01a0905d-ea08-778b-82de-50398848ff8c,014e46ea-d540-7866-b3b9-0b89a992adca,477967300,2026-09-10T23:12:59Z,2026-09-11T12:07:49Z,46490,0.0479003702262067,0.0037092134397578858,24.39797592163086,118.10657501220703,24.39788055419922,118.10570526123047
01a092c0-1910-7de7-88d7-2eef39492694,014e4711-fcb0-7f69-9b9e-718367bff3e8,477947600,2026-09-11T17:37:08Z,2026-09-11T23:14:18Z,20230,45.12615311007719,8.03035843777943,12.778657913208008,111.27152252197266,12.14400863647461,110.85916900634766
01a096bf-c790-7247-8e3f-146aff420abf,016edc3a-94a8-7d30-9b21-af48816d76db,354690000,2026-09-12T14:16:57Z,2026-09-12T17:52:26Z,12929,33.393838239233204,9.298307499515781,20.217575073242188,110.45648193359375,20.289215087890625,111.04438781738281
01a0956e-9358-7447-8684-d2059c4868af,014e4704-1230-7973-a46d-126e4d2011b7,566358000,2026-09-12T08:39:55Z,2026-09-12T11:44:07Z,11052,36.15836109249716,11.777967782572365,20.422964096069336,107.39803314208984,19.879911422729492,107.67535400390625
01a090b3-6ca8-7e0e-8be1-4e8590400486,014e46fa-b3c0-7d8f-b59a-18171600fb21,219532000,2026-09-10T21:56:15Z,2026-09-11T13:41:13Z,56698,1.8853475335420593,0.11970882783786753,22.52147674560547,114.41158294677734,22.531883239746094,114.37950897216797
01a09712-aa50-7778-8a11-11ca054f3bb5,01694513-61e0-7d70-a8f1-7f6e210783ab,574014131,2026-09-12T16:14:56Z,2026-09-12T19:22:58Z,11282,26.489175627737595,8.45249355254878,19.711788177490234,106.40509796142578,20.07256507873535,106.67515563964844
01a0928b-8bf0-7ec1-8c9c-9b352a44939a,0196dc64-1a30-700a-9141-91c5f3a1ab05,352005509,2026-09-11T18:36:35Z,2026-09-11T22:16:54Z,13219,34.49665307097696,9.39465550007694,20.676525115966797,112.43189239501953,20.857725143432617,113.0150146484375
01a09772-c3e0-7fde-8f2a-487ce04c8291,015ea1ac-c8e8-756d-a14c-01fa3ea43b90,371364000,2026-09-12T16:00:00Z,2026-09-12T21:07:56Z,18476,53.90545669627737,10.503336442227674,12.997668266296387,114.6359634399414,12.3484468460083,114.00032043457031
01a08c15-fb70-7889-810a-c5c4ac4279b3,0176211a-1088-7902-9510-6c36d82e71d2,636019985,2026-09-10T01:21:42Z,2026-09-10T16:10:46Z,53344,57.02912118088673,3.84869594052175,8.79610824584961,106.26044464111328,9.274595260620117,107.09127807617188
01a08d6d-88a8-758e-8e8c-fff1c14021bd,018fb7d1-f770-715a-9a8c-3979aeaad430,636023774,2026-09-10T13:52:03Z,2026-09-10T22:26:01Z,30838,71.407482251695,8.336044364294118,11.524100303649902,109.5009994506836,12.671603202819824,109.82071685791016
01a08f4d-b670-7506-87c7-2114a84f66b1,017becd3-b698-737b-a206-c14992c9032a,563139600,2026-09-10T04:30:12Z,2026-09-11T07:10:30Z,96018,0.14815971457483718,0.005554947743854421,10.276863098144531,107.09310150146484,10.277114868164062,107.09559631347656
01a08e8e-8908-7412-8dee-cd60574a1a83,0175f2b0-abd0-775b-a171-174fc34d4a3f,636093181,2026-09-10T23:33:36Z,2026-09-11T03:41:41Z,14885,57.490057483297285,13.904212760488427,13.73460865020752,113.75171661376953,14.452163696289062,114.40540313720703
01a096b6-5d68-718e-8cd6-c0147f4ff8bb,01647e42-c758-78a7-9fd3-b4a123a13bdc,636019058,2026-09-12T13:16:03Z,2026-09-12T17:42:09Z,15966,47.7316272862214,10.762486423048795,12.965015411376953,111.23897552490234,12.24746036529541,110.8882827758789
01a08f4e-eef0-7ec6-8587-ce03af41adb6,018fb7d1-f770-715a-9a8c-3979aeaad430,636023774,2026-09-11T01:23:31Z,2026-09-11T07:11:50Z,20899,50.270168918589285,8.659390789364153,13.08856201171875,109.95581817626953,13.891236305236816,110.20077514648438
01a0904c-c368-7381-8e9c-c15cd64a78a6,014e46f6-4ad8-78dd-96e7-02ad880fc326,440190000,2026-09-11T02:44:41Z,2026-09-11T11:49:05Z,32664,119.67928782642676,13.190222758239539,11.346355438232422,109.33861541748047,10.22775650024414,107.65904998779297
01a095a7-5a80-7e99-816f-e451e34a6db1,01898a7b-8490-7f39-8999-47bed3552332,441491000,2026-09-12T09:39:53Z,2026-09-12T12:46:08Z,11175,42.42615914598319,13.667487510115391,20.134159088134766,113.2935562133789,20.64179039001465,113.8179702758789
01a08e99-6a30-701e-8a57-04d92d46acad,014e46ef-9be8-702f-a4c3-0bad3173f282,373630000,2026-09-10T20:28:24Z,2026-09-11T03:53:34Z,26710,110.10100339233577,14.8395212359569,25.210779190063477,123.02536010742188,23.4030818939209,122.68717193603516
01a08984-5410-7329-85db-40b2ca456888,014e46f4-7de8-7bda-9f8d-034c43faee43,477238800,2026-09-10T00:21:00Z,2026-09-10T04:12:26Z,13886,48.13394298279495,12.478913635176568,9.577253341674805,107.04839324951172,8.77735710144043,106.99407196044922
01a08e44-3998-7ce2-8f68-9c34cb4d7da7,014e47f8-af48-7ea9-9cca-9eda68a483af,574453000,2026-09-10T08:09:51Z,2026-09-11T02:20:31Z,65440,126.84525439785787,6.978039667363819,11.777297019958496,109.30224609375,10.41645622253418,107.65541076660156
01a092f4-7368-73d5-849d-2d573149a68b,014e4abb-d688-7997-a1a4-54d9d2f73c90,566894000,2026-09-11T15:46:32Z,2026-09-12T00:11:29Z,30297,92.56058758232659,10.998386483690654,6.435579776763916,107.58085632324219,5.150215148925781,106.72530364990234
01a08b9c-eb40-7697-82e7-d520bd4c8794,01a06daa-2f9e-7bd2-83ab-43fe2b6493da,413463105,2026-09-10T09:06:47Z,2026-09-10T13:58:32Z,17505,18.652692463035326,3.836029298310607,22.08643913269043,114.51422882080078,22.207170486450195,114.82328033447266
01a09777-f400-7343-8fee-d62acb4948a5,017940fe-6b30-7923-88d4-d57e17ef24fb,219027760,2026-09-12T16:19:41Z,2026-09-12T21:13:36Z,17635,81.26378708288209,16.58914848303802,19.075286865234375,107.95474243164062,18.05712890625,108.89550018310547
01a08e16-99e8-7947-8c0b-e36eee4be58f,01523363-e5f8-7f75-8dad-cd898bbb9d86,441106000,2026-09-10T21:31:13Z,2026-09-11T01:30:41Z,14368,44.21243603630723,11.077726178362058,6.373169898986816,110.14140319824219,7.042363166809082,110.45082092285156
01a09464-08f8-7acf-8bfb-4aca6b43818e,014e46ea-6010-766a-a572-e98c0fee4f48,416426000,2026-09-12T03:44:31Z,2026-09-12T06:52:59Z,11308,49.53652466366956,15.770382807676903,7.134980201721191,107.5091323852539,7.830386638641357,107.9569320678711
01a08d6a-2960-79f0-83bc-cb009e485cbb,016edc3a-94a8-7d30-9b21-af48816d76db,354690000,2026-09-10T14:01:29Z,2026-09-10T22:22:20Z,30051,59.23845696466673,7.096550699570737,20.689565658569336,107.85945129394531,21.360326766967773,108.63462829589844
01a0961a-11b0-7975-84a6-8febd041e1a9,0174061a-9ae8-7317-b512-719d377bc891,412476310,2026-09-12T11:48:26Z,2026-09-12T14:51:26Z,10980,34.84809868030669,11.425606124690718,22.578332901000977,115.70500183105469,22.433332443237305,115.09666442871094
01a08eb2-06f8-7ed5-8d6b-427dd647b69d,014e4854-f460-7d77-bff6-22a96e6294cc,542543110,2026-09-11T00:56:28Z,2026-09-11T04:20:27Z,12239,34.93026073844634,10.274445515026295,15.52833366394043,108.90333557128906,14.992406845092773,109.13799285888672
01a08b3a-1a60-792f-8816-f366d44f37bb,014e47f5-3890-78bd-910e-657e57774769,567304000,2026-09-10T08:49:38Z,2026-09-10T12:10:36Z,12058,30.15535058563513,9.003090239532797,22.460546493530273,116.41393280029297,22.676618576049805,116.9049301147461
01a08e19-39c8-73bf-8fc9-9ec67f4ad896,017ac282-05f8-7ff6-972c-4a7b1f2bdd5e,352978189,2026-09-10T21:39:42Z,2026-09-11T01:33:33Z,14031,36.6246885176483,9.396969472135549,18.578384399414062,112.3741455078125,18.978878021240234,112.8601303100586
01a08a9d-a798-79d3-8bba-8d0cc344d59b,0179dab5-0518-7cf0-8a27-62513ed9cafb,477708900,2026-09-10T03:26:33Z,2026-09-10T09:19:43Z,21190,72.34248954754078,12.290371041583143,17.076828002929688,113.5744400024414,15.908553123474121,113.26698303222656
01a08e1f-5448-790f-80c9-35a39e424694,018d49d1-f100-7b1f-acf2-2e2134edc758,352003337,2026-09-10T21:58:37Z,2026-09-11T01:40:13Z,13296,34.7667194740114,9.41337169873955,13.958160400390625,113.94597625732422,13.536569595336914,113.53732299804688
01a09781-1fa8-7689-8924-80be0a48238a,014e4704-1230-7973-a46d-126e4d2011b7,566358000,2026-09-12T16:35:07Z,2026-09-12T21:23:37Z,17310,56.083317864722865,11.663774945869573,19.00758934020996,108.0810317993164,18.158098220825195,108.49085235595703
01a08ba7-91d0-7ff7-8ddf-5f5b744b9fa0,014e47e8-1930-725f-b5b5-7cf445fe4077,413468970,2026-09-10T10:46:25Z,2026-09-10T14:10:10Z,12225,42.07345185268185,12.389728152936986,13.69605541229248,114.06133270263672,13.248015403747559,113.50727844238281
01a08b91-df20-7cae-813e-2a53154aed8f,016edc3a-94a8-7d30-9b21-af48816d76db,354690000,2026-09-10T08:18:47Z,2026-09-10T13:46:28Z,19661,48.38034307375548,8.858615282311161,20.59882926940918,106.96379852294922,20.678762435913086,107.82061004638672
01a090f3-6b78-7e4c-8f3f-8b0cb4422c97,014e471d-62a8-76d1-9719-07cc53c762e1,538004438,2026-09-11T09:34:27Z,2026-09-11T14:51:07Z,19000,61.368231471216696,11.627664910335795,13.261474609375,114.1383056640625,12.495291709899902,113.44432067871094
01a092df-8fc0-754b-8abb-190770478f9f,014e46ea-6010-766a-a572-e98c0fee4f48,416426000,2026-09-11T18:58:27Z,2026-09-11T23:48:40Z,17413,74.93850368992484,15.492942817649425,5.176333427429199,106.31591033935547,6.250743389129639,106.95429229736328
01a095a6-6c38-75ac-87bd-32b39947119e,01692d7e-1ed0-7713-9c24-5e3ae1b59215,372604000,2026-09-12T09:07:56Z,2026-09-12T12:45:07Z,13031,44.41279764934333,12.26967013564853,20.928176879882812,113.79178619384766,21.578886032104492,114.16925048828125
01a08a71-b598-7797-8a65-2ed42c42bbbb,014e48ac-c0f0-72c6-a588-b07b68ed1116,477248100,2026-09-10T05:16:48Z,2026-09-10T08:31:43Z,11695,56.21910199621321,17.30558077694464,13.563333511352539,109.6500015258789,12.62833309173584,109.70166778564453
01a09116-7050-7e11-8d5e-579e1745bc9a,017ac282-05f8-7ff6-972c-4a7b1f2bdd5e,352978189,2026-09-11T04:00:52Z,2026-09-11T15:29:22Z,41310,70.51196260010569,6.144833342057141,19.196086883544922,113.1044921875,19.962730407714844,114.04875946044922
01a08d07-5880-7db6-8654-b5497543e3b6,01692d7e-1ed0-7713-9c24-5e3ae1b59215,372604000,2026-09-10T08:08:56Z,2026-09-10T20:34:24Z,44728,177.3787703792446,14.276595720025052,10.557060241699219,108.22579956054688,13.04975700378418,109.84590911865234
01a0967d-6760-7612-8dd7-5f4bb6457eb1,0176211a-1088-7902-9510-6c36d82e71d2,636019985,2026-09-11T18:39:51Z,2026-09-12T16:39:56Z,79205,0.909736798644759,0.04134906224507458,10.269726753234863,107.0823745727539,10.278169631958008,107.09516143798828
01a0954b-fbe0-70d2-84c1-0f576146d8ba,014e46ea-6010-766a-a572-e98c0fee4f48,416426000,2026-09-12T06:57:46Z,2026-09-12T11:06:20Z,14914,67.06328941134538,16.188000662521347,7.8516998291015625,107.9723129272461,8.747264862060547,108.64690399169922
01a0940c-adb0-78ef-8c40-d8271343cf9f,014e46ea-e8c8-7bc7-9c32-2ffb4e4ee709,477848700,2026-09-12T02:06:01Z,2026-09-12T05:17:34Z,11493,57.40623759617826,17.981593608826394,8.36478042602539,106.94264221191406,8.197349548339844,105.99137115478516
01a08b29-9000-73d1-84ac-978f584e6b93,014e46ed-80d8-771a-a0e3-a1415a88a9b7,413382250,2026-09-10T04:24:12Z,2026-09-10T11:52:32Z,26900,86.20300068101567,11.536461057682393,22.9598388671875,117.23423767089844,22.344999313354492,115.82833099365234
01a089e2-df30-77be-8d45-b5c14648c4b5,014e46ec-82f0-7e8f-92f8-782c5a51dcb7,414736000,2026-09-10T01:06:10Z,2026-09-10T05:55:42Z,17372,77.06189923982141,15.969539331300776,17.482519149780273,108.58738708496094,18.63985824584961,108.00369262695312
01a09295-9640-7082-8105-b25bef4ee59c,019bea1d-d3f0-7844-893b-65a471e7e57d,636093421,2026-09-11T15:44:08Z,2026-09-11T22:27:52Z,24224,76.14671081990393,11.316387010884005,8.795378684997559,107.65703582763672,8.27904987335205,106.48565673828125
01a08f3d-62c0-7d93-8645-71f7634eeeb8,01808da9-85f8-7e98-93fa-1713a4a3858f,574005800,2026-09-10T14:37:21Z,2026-09-11T06:52:40Z,58519,179.61887665206982,11.04988048236387,12.786149978637695,109.75716400146484,10.43280029296875,107.87138366699219
01a0964c-1e30-79b0-84e2-9de6f64a63b0,018f23e6-ea98-7052-ba5e-e22db24a513f,352003238,2026-09-12T00:30:21Z,2026-09-12T15:46:06Z,54945,0.10416215130640437,0.006824710978306593,22.359134674072266,113.92230987548828,22.358388900756836,113.92061614990234
01a096eb-bd78-78f6-8d3b-330e5e451088,0182f78b-0760-7de3-a987-95870a5d2a2e,413385020,2026-09-11T22:56:03Z,2026-09-12T18:40:27Z,71064,0.8131660388029583,0.04119382162122383,22.649999618530273,114.69285583496094,22.64471435546875,114.6793441772461
01a089d8-09c0-79eb-8a7c-d3435a432483,0168fb5f-dfd8-7b77-bd8d-8689d0283b5f,357527000,2026-09-10T01:32:22Z,2026-09-10T05:43:52Z,15090,54.01490744328762,12.886260225038797,24.17585563659668,118.88981628417969,23.57001495361328,118.16252136230469
01a096ad-a308-780c-893b-068c1d419996,0180874c-8e58-782e-b9b1-68478c4fc791,574480000,2026-09-12T03:58:09Z,2026-09-12T17:32:37Z,48868,164.64457308405704,12.129010049574473,12.473984718322754,109.50084686279297,15.178216934204102,109.03231811523438
01a08ecf-7df0-736c-88f3-24304d4dd789,014e471d-62a8-76d1-9719-07cc53c762e1,538004438,2026-09-10T20:12:52Z,2026-09-11T04:52:38Z,31186,103.2192033719374,11.91525467001137,15.272788047790527,115.91004180908203,13.963981628417969,114.75802612304688
01a08cee-0038-77b5-80c8-c04d7441c0b9,01898a7b-8490-7f39-8999-47bed3552332,441491000,2026-09-10T16:19:22Z,2026-09-10T20:06:43Z,13641,56.097647567740744,14.804745344466438,11.221271514892578,109.35289001464844,12.116074562072754,109.62745666503906
01a095f7-89d8-7ff0-89cd-dee88e4e8599,01523363-e5f8-7f75-8dad-cd898bbb9d86,441106000,2026-09-12T10:33:03Z,2026-09-12T14:13:43Z,13240,39.86740761581492,10.840080620614328,11.933571815490723,113.94102478027344,12.423933029174805,114.39905548095703
01a08d9f-75e8-7bb5-859a-754a544cab92,014e46ea-e8c8-7bc7-9c32-2ffb4e4ee709,477848700,2026-09-10T19:53:01Z,2026-09-10T23:20:33Z,12452,67.95388577256509,19.64616035827452,15.269878387451172,112.74630737304688,14.29911994934082,112.14447784423828
01a08c30-b730-7449-8ebd-9f482c4417b7,0169e638-a5d0-7e24-9166-6c548842a670,477351200,2026-09-10T10:30:12Z,2026-09-10T16:39:58Z,22186,67.17250410424039,10.899712195766043,11.206121444702148,110.06675720214844,10.140069961547852,109.7213363647461
01a09007-9860-784e-8603-e9aaf84f5c97,014e46f8-8910-730b-9cbc-1d6b7f46c4d9,273251960,2026-09-11T00:47:23Z,2026-09-11T10:33:32Z,35169,0.03356559868904872,0.0034358712297925843,20.813400268554688,106.9017562866211,20.812942504882812,106.902099609375
01a09510-d358-73a5-8df4-dd0111435396,017ac282-05f8-7ff6-972c-4a7b1f2bdd5e,352978189,2026-09-11T21:52:52Z,2026-09-12T10:01:43Z,43731,91.02858959533498,7.493606881690469,20.42518424987793,114.63240051269531,21.48385238647461,115.79457092285156
01a08b6d-9228-739b-8ba1-a43bf84c619c,014e4cf2-3e88-756f-8a76-46af46a4aa49,574003740,2026-09-10T01:14:59Z,2026-09-10T13:06:49Z,42710,0.11281387939537929,0.009509013482167301,20.81181526184082,106.90300750732422,20.813232421875,106.90168762207031
01a09648-8068-7636-82d2-60506647b9bd,0197f703-b5e8-7f31-8642-81f448e44ffb,413442490,2026-09-10T19:09:36Z,2026-09-12T15:42:09Z,160353,0.1541720409870953,0.0034612345734320103,22.310510635375977,113.79661560058594,22.31244659423828,113.7984390258789
01a09137-e2d0-705d-876c-b880604440a2,0193aee3-fbc8-70c8-ae0c-83dc0cb641bd,636024083,2026-09-11T13:01:14Z,2026-09-11T16:05:54Z,11080,33.55557100569285,10.902532095712477,13.805025100708008,114.06382751464844,13.435566902160645,113.6323471069336
01a08d54-5f40-760a-89d4-dcaec6434ea6,019bea1d-d3f0-7844-893b-65a471e7e57d,636093421,2026-09-10T12:29:06Z,2026-09-10T21:58:32Z,34166,89.8223103340101,9.464389076931345,12.290131568908691,110.55975341796875,10.891915321350098,110.01659393310547
01a08c5d-4570-7c06-8564-025265470e8e,014e4700-87f0-7457-9fce-f0fe8d622d6e,311001965,2026-09-10T06:04:22Z,2026-09-10T17:28:38Z,41056,123.25673488421442,10.807780728350837,22.61095428466797,117.3517074584961,20.77814483642578,116.35638427734375
01a08c2e-6958-7aa9-8c73-0a227440e982,0198cd4f-3cf8-7eec-b592-7b04dfe22a34,412466309,2026-09-10T06:04:22Z,2026-09-10T16:37:27Z,37985,16.471200307182638,1.5610457050377122,22.568401336669922,116.84765625,22.556949615478516,116.55084228515625
01a08f63-1330-7eaa-8b66-0cd5d5400eac,014e47f5-3890-78bd-910e-657e57774769,567304000,2026-09-11T03:31:16Z,2026-09-11T07:33:50Z,14554,33.11644862451612,8.191508523310295,24.260173797607422,119.11608123779297,24.627788543701172,119.5677719116211
01a0924e-9e48-77bd-841a-372ed247c4ab,01808739-2980-752d-9290-a238ac86e5e1,563161900,2026-09-11T18:02:42Z,2026-09-11T21:10:21Z,11259,32.78644586694723,10.483276056577852,9.304426193237305,106.95834350585938,8.758646965026855,106.94022369384766
01a093c0-3390-7ae8-873a-c194c24ae7af,0196f8e3-9e88-7ea8-8394-1ad70c8dc47a,413609820,2026-09-11T00:05:24Z,2026-09-12T03:54:02Z,100118,0.9636991787031866,0.03465228074203911,22.048307418823242,113.09929656982422,22.040298461914062,113.08428955078125
01a08f26-0a30-7ce9-843e-bcd1484deeaa,0173f0f2-7b90-770a-a34b-7b6240cfe33f,440251000,2026-09-10T17:05:25Z,2026-09-11T06:27:10Z,48105,226.64734828527827,16.9614479539965,21.238176345825195,114.14376068115234,18.19961929321289,111.76393127441406
01a08dec-1b00-728a-8178-f8c6f9491eab,01808944-6aa0-7445-a8ab-b61d5d88cd79,413488420,2026-09-10T11:54:48Z,2026-09-11T00:44:16Z,46168,0.6932045297197063,0.054053376949206,21.803125381469727,112.68911743164062,21.79202651977539,112.69254302978516
01a08a55-1d48-737e-870d-5adb89465099,01742e02-da48-7b8f-836c-993dac77e74c,563113200,2026-09-10T03:55:17Z,2026-09-10T08:00:29Z,14712,74.10608781971722,18.1336267095556,7.508883476257324,108.29800415039062,8.518445014953613,109.01509094238281
01a0924c-67e0-7fa6-80c9-e0556d476398,014e46f6-4ad8-78dd-96e7-02ad880fc326,440190000,2026-09-11T16:03:01Z,2026-09-11T21:07:56Z,18295,71.24040156925041,14.018335373014564,9.551451683044434,106.9691162109375,8.747723579406738,106.08499145507812
01a09002-b278-7040-89a3-ad4e8c45d787,018fb7d1-f770-715a-9a8c-3979aeaad430,636023774,2026-09-11T07:11:50Z,2026-09-11T10:28:11Z,11781,27.625646841152793,8.441756101192603,13.891236305236816,110.20077514648438,14.327408790588379,110.3518295288086
01a09276-3700-724b-8024-d8813f4b26b8,014e4712-9508-7d10-bb1c-0a899d44cf5b,538003278,2026-09-11T17:05:53Z,2026-09-11T21:53:36Z,17263,68.39931104872159,14.2638892298788,23.080102920532227,117.38821411132812,22.30033302307129,116.48799896240234
01a09675-87c0-74a4-897f-3de3a24a2ab8,014e4700-87f0-7457-9fce-f0fe8d622d6e,311001965,2026-09-12T03:35:53Z,2026-09-12T16:31:20Z,46527,121.91416393156247,9.433038669022823,15.508881568908691,113.36526489257812,13.766469955444336,112.28761291503906
01a08c97-0698-7e8d-879d-9fecac4f1ea6,014e4798-95b8-780d-b18f-48a403871e33,477311600,2026-09-10T09:09:53Z,2026-09-10T18:31:43Z,33710,113.46683289746103,12.11749031239572,17.136451721191406,114.21822357177734,18.78107452392578,115.1969223022461
01a09765-b808-767e-87a3-dbe5654b1a81,014e4875-3e00-75b0-97ac-878f31749bbd,636019863,2026-09-12T15:11:59Z,2026-09-12T20:53:41Z,20502,101.42064591522374,17.808717456580112,19.73903465270996,111.76899719238281,18.13204574584961,111.21861267089844
01a09379-0cb8-7fd0-8344-2ab3ec44d380,016edc3a-94a8-7d30-9b21-af48816d76db,354690000,2026-09-11T06:26:51Z,2026-09-12T02:36:19Z,72568,0.09991386232861121,0.004956591119818658,21.641395568847656,108.6568374633789,21.641725540161133,108.65508270263672
01a09201-f548-7914-8bc6-e500754858bb,016aaf7e-f818-742a-9a62-508a4cad934b,416039000,2026-09-11T09:14:39Z,2026-09-11T19:46:37Z,37918,187.91719041938407,17.841180587314273,21.89214515686035,119.53144073486328,19.643823623657227,117.20252227783203
01a08ab2-1610-746b-8e31-f1796e4d5ab7,019fa0bd-bca8-75d2-85b4-f064d72d853f,574021269,2026-09-10T04:12:42Z,2026-09-10T09:42:02Z,19760,28.502514952755046,5.192765882080879,8.59255313873291,108.91415405273438,8.15792465209961,109.1071548461914
01a08a3b-9df0-70f2-8241-40e42a421e88,015a8c40-07f8-7e2e-8a80-765510e93527,352005808,2026-09-10T03:30:05Z,2026-09-10T07:32:38Z,14553,46.71256469274498,11.555365415645015,8.48664379119873,103.74295043945312,9.041498184204102,103.19111633300781
01a0923a-2be8-7ed9-85f1-feada1438c99,014e46ef-ab88-7ce8-98bc-9350c9624d1c,255915694,2026-09-11T09:43:25Z,2026-09-11T20:48:01Z,39876,177.4978653755965,16.024483783532634,18.381423950195312,114.05001068115234,15.56460952758789,113.11164093017578
01a09322-a788-7599-8717-38d2544483b9,014e4700-87f0-7457-9fce-f0fe8d622d6e,311001965,2026-09-10T20:15:19Z,2026-09-12T01:01:57Z,103598,304.1702798397605,10.569827674502768,20.323461532592773,116.0976791381836,15.852205276489258,113.5911636352539
01a08b61-12f0-7b36-8af7-0da8254e6ebf,014e484b-a1a8-7198-8e3b-6964028f5459,352978233,2026-09-10T08:31:04Z,2026-09-10T12:53:10Z,15726,71.23746273677455,16.307698451760675,14.148316383361816,113.40717315673828,13.41218376159668,112.44906616210938
01a08d41-9a90-72d4-8cdd-7f7c3444f3a2,01896ce7-b1d8-7c00-a095-20ccf25e8782,352002938,2026-09-10T10:32:11Z,2026-09-10T21:38:02Z,39951,87.50846103626051,7.885421134152783,22.006948471069336,116.3653564453125,21.935657501220703,117.93511962890625
01a094b0-b9c8-7435-8358-39c8404617af,017940fe-6b30-7923-88d4-d57e17ef24fb,219027760,2026-09-11T09:06:59Z,2026-09-12T08:16:45Z,83386,0.061716876425186716,0.0026644851069804547,20.812828063964844,106.90232849121094,20.813547134399414,106.90154266357422
01a09570-b638-7518-87af-3dde8645d5a9,014e4875-3e00-75b0-97ac-878f31749bbd,636019863,2026-09-12T07:37:04Z,2026-09-12T11:46:27Z,14963,72.98139619336803,17.558846908783327,21.31859588623047,113.46481323242188,20.458431243896484,112.54551696777344
01a08adf-67a0-75cb-83cf-7ba3fa46069e,0175f2b0-abd0-775b-a171-174fc34d4a3f,636093181,2026-09-10T07:15:32Z,2026-09-10T10:31:32Z,11760,47.10493578562568,14.419878301722147,10.811028480529785,111.12960815429688,11.403240203857422,111.6540298461914
01a08e87-97b0-7135-8c3c-36a1e444dbae,019fdcc8-5f78-78d7-81b5-19b13e5977a5,574560246,2026-09-10T22:58:45Z,2026-09-11T03:34:06Z,16521,1.1608469843704328,0.25295376452597046,10.187872886657715,107.09855651855469,10.204513549804688,107.10855865478516
01a09726-e600-7f35-8285-5064fb4ebab4,01808739-fc70-79df-86c2-dec738284360,413142000,2026-09-12T16:37:45Z,2026-09-12T19:45:04Z,11239,39.632145284557254,12.694699085719915,21.143590927124023,116.41436004638672,21.755313873291016,116.68083953857422
01a0961e-b148-7560-892b-811e31417197,015ea1ac-c8e8-756d-a14c-01fa3ea43b90,371364000,2026-09-12T10:46:30Z,2026-09-12T14:56:29Z,14999,39.0595966046132,9.374928180319188,13.597945213317871,115.22594451904297,13.128043174743652,114.76351928710938
01a08fb4-a9e8-76ac-86ab-81142c458a93,01898a7b-8490-7f39-8999-47bed3552332,441491000,2026-09-11T00:33:25Z,2026-09-11T09:02:57Z,30572,133.81901920002113,15.757832955648176,13.201416969299316,109.95634460449219,15.338796615600586,110.60834503173828
01a0950e-a4c0-755b-8a2f-5c768044abb9,014e46f7-2598-7034-ae0e-5120be3e8b00,574380000,2026-09-11T19:21:38Z,2026-09-12T09:59:20Z,52662,100.52949866642543,6.872245550855105,20.648860931396484,106.90962982177734,19.305347442626953,105.84638977050781
01a094a0-1fc8-7922-8a9d-2126764f20be,018d49d1-f100-7b1f-acf2-2e2134edc758,352003337,2026-09-12T04:28:58Z,2026-09-12T07:58:37Z,12579,29.645397664292798,8.484254041772324,10.762861251831055,110.90750122070312,10.391510009765625,110.57646179199219
01a093e0-d708-749e-813b-8be8df45b9b7,014e4764-0c80-7b4c-94c5-dbb0e47036b9,249662000,2026-09-11T09:50:51Z,2026-09-12T04:29:41Z,67130,0.13185484583829857,0.007071018099476759,24.40134048461914,118.10521697998047,24.39971160888672,118.10359954833984
01a0906b-a1c0-705f-8ecf-dbe6be468ebe,01808739-2980-752d-9290-a238ac86e5e1,563161900,2026-09-10T03:01:40Z,2026-09-11T12:22:48Z,120068,0.16977430652278327,0.005090344667038843,10.279165267944336,107.09666442871094,10.27751636505127,107.09432983398438
01a09540-8648-7a2f-8a2a-1e55cc45fca0,017b3a33-26e0-732c-a43e-fe5a065edcc1,352978272,2026-09-11T20:55:10Z,2026-09-12T10:53:49Z,50319,159.20143256287574,11.389835990905079,13.737868309020996,110.67852020263672,15.581511497497559,112.64848327636719
01a0961b-5db8-7bf3-89c6-49519449ceaf,016aaf7e-f818-742a-9a62-508a4cad934b,416039000,2026-09-12T09:34:45Z,2026-09-12T14:52:51Z,19086,92.47641797702326,17.442895563097753,16.672931671142578,114.1819839477539,15.466083526611328,113.18605041503906
01a08f8d-0960-7a7b-8408-d3859544bfb2,014e4abb-d688-7997-a1a4-54d9d2f73c90,566894000,2026-09-11T03:09:51Z,2026-09-11T08:19:40Z,18589,55.04885945763237,10.660922806362716,8.344411849975586,108.85186004638672,7.581628322601318,108.33818054199219
01a08cad-cea0-78b1-8b8b-1323ef4404b6,01742e02-da48-7b8f-836c-993dac77e74c,563113200,2026-09-10T14:45:11Z,2026-09-10T18:56:36Z,15085,76.94272750393652,18.362202122252004,10.33460521697998,109.9296646118164,11.482991218566895,110.50890350341797
01a08e45-1070-7a80-86c7-6592af4f89af,0196dc64-1a30-700a-9141-91c5f3a1ab05,352005509,2026-09-10T17:51:50Z,2026-09-11T02:21:26Z,30576,97.64311971069405,11.496442666094275,20.473264694213867,108.10552215576172,20.20646095275879,109.81646728515625
01a0979a-3588-76f8-866d-74c1ae4cbbbd,01616472-7088-77ae-bd73-19848319f969,416032000,2026-09-12T10:29:57Z,2026-09-12T21:51:01Z,40864,0.20570056673187442,0.01812162392900225,22.35960578918457,113.92407989501953,22.358112335205078,113.92074584960938
01a093e9-a8d8-7b7d-854c-6c014647dfb2,01857755-fc50-7437-aed5-bc9273f40fcc,431432000,2026-09-12T01:30:02Z,2026-09-12T04:39:19Z,11357,51.30562644954829,16.263120121367777,12.676473617553711,111.48237609863281,13.38081169128418,111.97901153564453
01a08fe5-a4f8-7d7d-88dd-09e5204d1788,01856b22-82f0-7102-aa5d-faa6489d1fb6,412536624,2026-09-11T05:38:22Z,2026-09-11T09:56:27Z,15485,6.371738482243887,1.481321184118695,22.088211059570312,115.63450622558594,22.108566284179688,115.74691772460938
01a08d3b-5ce8-7138-8b39-02400b4cc2b8,01523363-e5f8-7f75-8dad-cd898bbb9d86,441106000,2026-09-10T15:00:43Z,2026-09-10T21:31:13Z,23430,68.90678746907221,10.587470545824155,5.326284885406494,109.66863250732422,6.373169898986816,110.14140319824219
01a08cf1-4040-7465-8d5e-73bb154f57bf,0168fb5f-dfd8-7b77-bd8d-8689d0283b5f,357527000,2026-09-10T09:20:45Z,2026-09-10T20:10:16Z,38971,125.95542576935121,11.635306581038833,23.021011352539062,117.53609466552734,21.1439151763916,116.525146484375
01a0934c-4f98-76a2-8904-81dfae45809c,014e46ec-09d8-7b89-9ebf-77ed002c61e6,215219000,2026-09-11T03:03:20Z,2026-09-12T01:47:27Z,81847,7.170571274933039,0.31539404730483633,22.35991668701172,113.92436218261719,22.314823150634766,113.80480194091797
01a09411-c278-756d-83c6-bed4fb454190,01898a7b-8490-7f39-8999-47bed3552332,441491000,2026-09-11T15:33:14Z,2026-09-12T05:23:07Z,49793,175.9895583819428,12.723925254051656,16.910673141479492,111.05158996582031,19.39305305480957,112.69212341308594
01a08ddf-0b40-783a-8b52-e6f92e47fbbe,0180888c-9420-7b0a-8f6c-df72d174eab6,357293000,2026-09-10T20:53:08Z,2026-09-11T00:30:00Z,13012,38.17899255292489,10.562893728137842,10.98611831665039,112.21461486816406,10.545465469360352,111.7479476928711
01a09436-3680-71f0-83b9-61ff0349c690,0180888c-9420-7b0a-8f6c-df72d174eab6,357293000,2026-09-12T00:56:58Z,2026-09-12T06:02:56Z,18358,55.85186040042921,10.952538263511558,7.198348522186279,108.81038665771484,6.505488395690918,108.1852035522461
01a09252-ad58-7823-8cd9-c2899746df99,018089e0-c9e0-7833-912b-6e8af5b369e6,413772491,2026-09-10T18:01:14Z,2026-09-11T21:14:47Z,98013,0.041755210654760316,0.0015336614363108683,22.36045265197754,113.92662811279297,22.36052703857422,113.9258804321289
01a094b0-9e70-70fb-8698-a35a29480aba,01856ad5-8400-74d5-b31e-762ee220cf32,413509140,2026-09-12T05:02:38Z,2026-09-12T08:16:38Z,11640,0.02255457420643119,0.006975641507143667,21.627058029174805,108.3997573852539,21.626829147338867,108.3994369506836
01a090f9-5ee8-7eaa-895b-41b53f415981,019e3969-8830-7e9f-9e87-4612e46b7c53,412468391,2026-09-11T09:04:07Z,2026-09-11T14:57:37Z,21210,16.297531774289936,2.766200584037896,22.209190368652344,115.05545043945312,22.39250373840332,115.2718276977539
01a093ef-a800-73c5-814d-19e4614ea69b,01a08deb-01c0-7e35-84e4-4783f811e667,414578560,2026-09-11T14:54:18Z,2026-09-12T04:45:52Z,49894,13.87220099341449,1.0009204228222264,23.003538131713867,116.96629333496094,23.068439483642578,117.2072525024414
01a091f1-ad50-78fd-863f-7d04614a11a3,018b0e0f-d6e8-7904-a3e9-47bd8e7b7883,413068558,2026-09-11T04:05:18Z,2026-09-11T19:28:50Z,55412,1.3773269999601891,0.0894820111141392,21.37356948852539,111.1073226928711,21.350950241088867,111.10321807861328
01a08e03-7778-7737-8f82-5c70384b499c,01808833-9ac8-7db0-8ff4-a4d54b8443a9,574567562,2026-09-10T06:45:48Z,2026-09-11T01:09:47Z,66239,10.679894369419245,0.5804378044642775,13.360346794128418,113.57495880126953,13.417510032653809,113.74810791015625
01a094b4-dc60-7167-8803-ec70524e53ae,0186e9c7-2d30-7750-8035-c1fd196d99f0,413512380,2026-09-11T21:22:39Z,2026-09-12T08:21:16Z,39517,85.90327672710848,7.825791335819786,22.90801239013672,116.49459838867188,22.457448959350586,115.02278900146484
01a095d0-27d0-7a71-817f-7c74ef491fbb,0180b0c2-ebb0-78a2-9ac6-1f8a49818086,574020015,2026-09-12T05:58:32Z,2026-09-12T13:30:42Z,27130,11.523050313312437,1.5290446416485357,7.427690029144287,108.99333953857422,7.243020057678223,109.04602813720703
01a09192-f738-76c3-8df2-ae5a224710b7,01809c44-f2f0-7fb1-8d49-b48a1fe9bc38,636093045,2026-09-11T08:39:24Z,2026-09-11T17:45:23Z,32759,128.6034023798701,14.132673420053491,12.480449676513672,112.29631805419922,14.054633140563965,113.78874969482422
01a09467-73f8-76a4-8833-59d9e449b198,0185ae82-9e90-7ba7-ba36-16bd1086ea88,412465874,2026-09-10T23:48:28Z,2026-09-12T06:56:43Z,112095,196.3171024645889,6.304844719858336,22.16189956665039,113.50782775878906,22.87018585205078,116.96345520019531
01a08ef1-8cb0-7f12-851e-ad227c4fd9b8,014e4827-4510-7946-9ba1-a990be2186e8,412271730,2026-09-10T20:07:52Z,2026-09-11T05:29:50Z,33718,73.75476355872266,7.874641105979048,22.451950073242188,115.24002838134766,22.83413314819336,116.50498962402344
01a0908e-9ae0-7cd3-8b21-b2395045a1bb,0197fe4e-2e50-7202-b8e9-a1e4fbdd04da,412459905,2026-09-10T23:57:00Z,2026-09-11T13:01:00Z,47040,15.103751048269778,1.1558993149186054,22.30864143371582,115.83946990966797,22.201717376708984,115.59343719482422
01a09498-47f8-7bc6-8c71-c84cbb4277b3,01809c44-f2f0-7fb1-8d49-b48a1fe9bc38,636093045,2026-09-12T03:03:59Z,2026-09-12T07:50:03Z,17164,63.747094931551814,13.370399775902268,15.849833488464355,115.01451873779297,16.862882614135742,115.34575653076172
01a08a00-65c8-72a5-8fb3-897ee74f3ab0,0197f3de-7948-76f4-b599-66c885009ed8,412473680,2026-09-10T00:11:46Z,2026-09-10T06:27:57Z,22571,0.0025340938444597325,0.00040417960391896844,21.627351760864258,108.39988708496094,21.62737464904785,108.39984893798828
01a08fdc-c388-7e4c-8744-e974d8418289,01a05c7c-a238-7db9-b1f5-2b4fd5d68e1d,412000446,2026-09-11T00:03:22Z,2026-09-11T09:46:45Z,35003,10.663445287180497,1.0967175108947744,22.278982162475586,115.89789581298828,22.1436824798584,116.02217102050781
01a0939b-a430-7e6d-8d55-1bdbb4499689,0198bb83-f0b8-7696-a0ee-5796f55cf38a,412446018,2026-09-11T08:37:27Z,2026-09-12T03:14:06Z,66999,3.89237743641404,0.20914578980418433,22.946155548095703,117.63430786132812,22.913982391357422,117.57319641113281
01a08c7a-3798-7d8b-8230-7b55e245d79e,0187c177-0318-7d20-afb0-e63cd7c7eebe,412488591,2026-09-10T09:16:00Z,2026-09-10T18:00:15Z,31455,63.34931618534619,7.250279391742053,19.093952178955078,108.24747467041016,19.699628829956055,109.16342163085938
01a09761-10a0-7266-85b1-0f354c49f584,0197f3d6-f380-7c6a-9811-6cc1882905af,574080000,2026-09-12T13:14:04Z,2026-09-12T20:48:36Z,27272,0.9480064822719543,0.12514019273170413,20.802927017211914,106.90521240234375,20.7906436920166,106.91582489013672
01a08a38-d700-7f1d-8f29-d0a91545759a,0197c074-93f8-7fff-811e-c1a76cf71fb8,352005841,2026-09-10T03:32:08Z,2026-09-10T07:29:36Z,14248,40.02938811100377,10.11410704657591,12.809318542480469,113.04476165771484,12.26954174041748,112.64386749267578
01a08efc-1400-7701-83ee-13f3cb452ca4,01756803-e0b0-700e-8e91-05db45d98535,413256210,2026-09-11T02:41:07Z,2026-09-11T05:41:20Z,10813,31.940574110357215,10.634057782048087,20.93666648864746,108.94166564941406,21.409643173217773,108.6805191040039
01a09292-36f8-7e90-8b27-2b515442b6ae,0180875e-c668-71e0-9839-b42f0c2e5c76,574014254,2026-09-10T16:01:59Z,2026-09-11T22:24:11Z,109332,178.72400793762893,5.884886662417811,17.822111129760742,106.64378356933594,15.595723152160645,108.70693969726562
01a094d0-9220-7287-833d-3a2f464c9396,01808739-44d8-7bab-b780-d80522c8bae9,412554010,2026-09-10T09:14:07Z,2026-09-12T08:51:32Z,171445,82.47377179304655,1.7317832450929895,22.556846618652344,114.97125244140625,22.874736785888672,116.41998291015625
01a08eba-0da8-7d4f-8cc8-8b8d82404581,0197f3e6-f910-795d-8334-88de8cab4bf2,412502276,2026-09-10T03:21:42Z,2026-09-11T04:29:13Z,90451,246.91350090197636,9.82729437205907,21.594684600830078,108.32817077636719,21.609695434570312,112.75141143798828
01a094b4-01a0-7f9e-8322-32247b4b7e84,0188d427-1880-7ebf-b6b5-583e3d26a3e6,412532021,2026-09-12T03:19:57Z,2026-09-12T08:20:20Z,18023,4.662547247050536,0.9313194301382638,22.215513229370117,114.07281494140625,22.247732162475586,114.1491470336914
01a09245-8240-7503-84de-9e159544c99a,019e06a7-1610-740a-aa3c-a00b2501be80,574015414,2026-09-11T15:39:21Z,2026-09-11T21:00:24Z,19263,50.53863981687862,9.44500354777361,13.303333282470703,109.44499969482422,12.46166706085205,109.4566650390625
01a094ed-2688-74f9-8f5d-9300814a0dac,01980c20-7330-74b9-b66b-e3529967b0d1,574183241,2026-09-12T01:25:18Z,2026-09-12T09:22:45Z,28647,0.1918824499135724,0.024113408723037688,8.533353805541992,104.84972381591797,8.53017520904541,104.8493881225586
01a09544-6678-7feb-8987-6ae2734bf28e,014e46ea-f098-7392-b5e4-846a43da76d4,413507530,2026-09-12T04:43:55Z,2026-09-12T10:58:03Z,22448,0.1770437463464969,0.028392617910165216,22.362287521362305,113.9307632446289,22.361324310302734,113.92774963378906
01a096b4-9c30-76dd-84dc-ea332c4203a8,014e47d6-eea8-7401-98b6-8653b320fabb,636020659,2026-09-11T07:10:39Z,2026-09-12T17:40:14Z,124175,66.49035489877619,1.9276446759459978,19.769012451171875,109.06497192382812,20.864038467407227,109.24119567871094
01a092c6-3b60-7acd-81e4-fd7dd74dc184,0197fe4e-2e50-7202-b8e9-a1e4fbdd04da,412459905,2026-09-11T13:01:00Z,2026-09-11T23:21:00Z,37200,5.850849992522134,0.5662112895989162,22.201717376708984,115.59343719482422,22.162334442138672,115.49717712402344
01a096d9-6a10-7d58-88e0-c59ad74313b0,0180873d-bd60-76e7-8dad-7a852444adce,412529042,2026-09-12T08:53:25Z,2026-09-12T18:20:26Z,34021,2.426229055893127,0.25673626881088907,21.97299575805664,113.94442749023438,21.953765869140625,113.9061050415039
01a091f0-a3b0-7ead-8108-fbdd05484b81,0198bb14-8548-7221-87f7-99613e848753,412255218,2026-09-11T16:17:32Z,2026-09-11T19:27:42Z,11410,6.026289837946173,1.9013710268717112,22.114765167236328,114.14250946044922,22.06827163696289,114.23851013183594
01a096b0-d370-7edd-88c1-a914424a6588,01a0059f-96a0-7f2e-a9f8-76f3e56a10fb,574211013,2026-09-12T12:07:55Z,2026-09-12T17:36:06Z,19691,1.6584498703470112,0.3032055016631578,7.082065105438232,108.39981079101562,7.081693172454834,108.42764282226562
01a09227-28b8-79ba-8a99-bdc2ba498186,014e46f2-c868-784f-9a4a-0531277370af,636018226,2026-09-11T15:52:54Z,2026-09-11T20:27:15Z,16461,43.020587603816104,9.408548409801226,21.75226402282715,119.03365325927734,21.12401580810547,118.66349029541016
01a08fe5-56d8-7186-8314-4d8c224254b3,0198c33d-9228-7ade-a089-0ce6a60701b0,412502811,2026-09-10T19:29:26Z,2026-09-11T09:56:07Z,52001,97.19308696258787,6.728622777741127,20.160533905029297,110.05508422851562,21.48634147644043,109.06130981445312
01a08ff8-f260-7aa1-87ec-0a5ca34d7483,0197f40d-9f98-7684-a76e-fb5ea26a5fe6,413354560,2026-09-10T22:37:03Z,2026-09-11T10:17:32Z,42029,45.3257087524169,3.8823800592138964,20.87076759338379,110.83856964111328,21.386882781982422,111.42921447753906
01a094ee-6ea8-78d4-8bc5-789eb5436fad,01837dd3-7690-772b-bd39-76c7ef01dfee,413348310,2026-09-11T15:48:38Z,2026-09-12T09:24:09Z,63331,0.021809412579193804,0.001239738600134179,21.612546920776367,108.327392578125,21.61290168762207,108.32747650146484
01a096fa-09a0-7512-84c0-aa88424aafaf,01808741-f768-73f6-8aad-950a3e3a9a43,413236120,2026-09-12T11:04:17Z,2026-09-12T18:56:04Z,28307,0.09760975811671524,0.012413718487306139,21.41915512084961,109.12400817871094,21.420766830444336,109.12423706054688
01a08fb8-7690-71bd-81f1-182762429f89,01808739-4ca8-716c-8546-f0445926b6a8,413867112,2026-09-10T22:33:30Z,2026-09-11T09:07:06Z,38016,4.490652749335645,0.42525120732345123,22.165117263793945,113.41789245605469,22.094972610473633,113.3898696899414
01a08d58-c440-77f4-8cfc-0fc5d9417aa3,0180b0c2-ebb0-78a2-9ac6-1f8a49818086,574020015,2026-09-10T02:11:32Z,2026-09-10T22:03:20Z,71508,3.201393415946979,0.16117100600505013,10.265703201293945,107.10057830810547,10.23114013671875,107.14183807373047
01a0894e-9e10-7672-8ca2-857403456090,0197f404-e538-7ddd-a581-788bf03a2169,412529396,2026-09-10T00:01:47Z,2026-09-10T03:13:46Z,11519,9.622805031689907,3.00738763035712,22.16657257080078,116.74120330810547,22.124710083007812,116.57417297363281
01a09441-0420-70c9-8318-5b12d94dd79f,0197c074-93f8-7fff-811e-c1a76cf71fb8,352005841,2026-09-12T00:49:59Z,2026-09-12T06:14:44Z,19485,56.49547408056644,10.437962878626594,6.699321746826172,108.36823272705078,6.005791664123535,107.72836303710938
01a08ffb-4bf0-7fc4-8a77-09e9de4de5b6,0197f3df-3c98-721f-bd95-623b83de48dd,412452567,2026-09-11T03:01:28Z,2026-09-11T10:20:06Z,26318,9.565181254194394,1.308406889395084,22.321226119995117,115.7536392211914,22.229692459106445,115.89454650878906
01a08d8f-b2c0-75d9-86db-6dceb4475caf,01987d1c-56d0-750b-9c1e-701225d28337,412821116,2026-09-10T18:25:50Z,2026-09-10T23:03:20Z,16650,6.113234460731255,1.321780423941893,21.728099822998047,115.49981689453125,21.764860153198242,115.60204315185547
01a09392-1ac8-7fdf-8eb8-7eb08e423ba5,01856ac6-2e38-7b37-a7d6-497427edb8a5,412467842,2026-09-11T13:37:54Z,2026-09-12T03:03:41Z,48347,0.01368601992884197,0.001019084363948768,21.493398666381836,111.2339859008789,21.493255615234375,111.23417663574219
01a09314-e030-757c-8d6c-228e90486680,018cc2dc-1b30-7adb-90ea-3eacd9f13464,412488583,2026-09-11T11:56:46Z,2026-09-12T00:46:54Z,46208,96.55637605885079,7.522570849460329,19.86836051940918,109.08531951904297,21.475923538208008,109.03738403320312
01a09173-3e20-708e-8e04-8f4120414ba9,017ac1dd-26f0-73f7-bc30-83d4ace74cfc,636024345,2026-09-11T10:21:55Z,2026-09-11T17:10:44Z,24529,103.20121067414577,15.146331217209212,21.81096076965332,113.78154754638672,20.36202621459961,112.79044342041016
01a08ccd-7048-70f8-8c55-7a311345849c,0197f40d-9f98-7684-a76e-fb5ea26a5fe6,413354560,2026-09-10T13:03:28Z,2026-09-10T19:31:09Z,23261,34.607016176040375,5.355971722356965,20.19711685180664,110.39006805419922,20.710683822631836,110.66936492919922
01a09533-7e58-7c7f-8cce-efef1444ad93,014e46f2-c868-784f-9a4a-0531277370af,636018226,2026-09-12T04:57:02Z,2026-09-12T10:39:35Z,20553,56.2652783634835,9.85525237719752,19.853593826293945,117.93294525146484,19.031553268432617,117.4557876586914
01a094bf-1590-7101-8708-d897d047bfb2,01808741-f768-73f6-8aad-950a3e3a9a43,413236120,2026-09-11T07:38:44Z,2026-09-12T08:32:26Z,89622,0.021895268199477267,0.0008795046474985847,21.41823387145996,109.12464141845703,21.41855239868164,109.12445068359375
01a08e4c-6b40-71c8-8eeb-cd5c964e0fb0,01809c44-f2f0-7fb1-8d49-b48a1fe9bc38,636093045,2026-09-10T23:24:18Z,2026-09-11T02:29:28Z,11110,45.20883272523077,14.649126715646334,10.785650253295898,110.7320327758789,11.364950180053711,111.22218322753906
01a08b85-e4b8-7762-8028-2ed6df49c3aa,01856aa6-0f90-7016-92f8-a1f294bb6197,412525241,2026-09-10T10:07:37Z,2026-09-10T13:33:23Z,12346,30.6305652189181,8.931640595181044,22.131927490234375,114.99505615234375,22.12419319152832,114.44438934326172
01a08bf4-ea98-731a-8714-2a72fd41f489,0180882c-0560-7531-949f-986d4aaf9215,574078068,2026-09-10T12:19:20Z,2026-09-10T15:34:39Z,11719,15.629969373358392,4.801424161113594,9.933759689331055,107.757568359375,10.046121597290039,107.51912689208984
01a08fe3-8218-7cda-8041-f22c9f4ab9a0,01837dd3-7690-772b-bd39-76c7ef01dfee,413348310,2026-09-10T12:17:15Z,2026-09-11T09:54:07Z,77812,0.020698423046597046,0.0009576199425249237,21.612899780273438,108.32767486572266,21.613195419311523,108.32786560058594
01a095c3-eb00-7b34-879f-ecb704491697,0197fe4e-2e50-7202-b8e9-a1e4fbdd04da,412459905,2026-09-11T23:33:00Z,2026-09-12T13:17:20Z,49460,28.865039532077226,2.1009733585822485,22.165218353271484,115.51258850097656,22.33540916442871,115.9983901977539
01a08e17-f590-7e82-87f6-08576d42b787,01836f7c-7538-78bb-a4f8-b734d170b26f,352005688,2026-09-10T14:03:11Z,2026-09-11T01:32:10Z,41339,82.5031296079754,7.184771440739046,20.677976608276367,106.9556884765625,21.260820388793945,108.2883529663086
01a093b4-bdf8-7bb2-8cdb-128a0a4177b1,0180b0c2-ebb0-78a2-9ac6-1f8a49818086,574020015,2026-09-11T18:48:43Z,2026-09-12T03:41:31Z,31968,44.75896255388041,5.0404237110225685,8.339204788208008,108.66961669921875,7.629580020904541,108.9002685546875
01a09737-2240-77bb-8281-89520a423cbe,01a01e71-9f70-7e00-b113-7012dee970a8,412466611,2026-09-12T15:40:16Z,2026-09-12T20:02:48Z,15752,4.608464343876854,1.0532295351673866,22.341142654418945,115.80802917480469,22.34100914001465,115.8910140991211
01a09492-8368-7802-80e8-ef59c94f018c,01808748-f090-7ec4-81c9-0ad3194f78f4,235059376,2026-09-12T02:08:38Z,2026-09-12T07:43:45Z,20107,73.17912362833044,13.102145773212792,22.019399642944336,116.48013305664062,21.82746696472168,115.18267822265625
01a090e5-6988-74a3-8941-808057471580,0160affd-f7a8-750e-ba22-320878ee96af,373665000,2026-09-11T11:15:47Z,2026-09-11T14:35:49Z,12002,32.10660042156787,9.6303750639597,19.3754825592041,117.34953308105469,18.91865348815918,117.05529022216797
01a08c0d-f0d8-72c1-8e52-7e99d1423cae,0180875e-c668-71e0-9839-b42f0c2e5c76,574014254,2026-09-10T10:46:10Z,2026-09-10T16:01:59Z,18949,39.789965662857036,7.559442523947719,18.385889053344727,106.27728271484375,17.822111129760742,106.64378356933594
01a0912e-f990-7c18-82e3-02a4de42eba0,014e47c1-6308-72a0-8337-ca4c1bb96b41,413906548,2026-09-11T11:38:14Z,2026-09-11T15:56:10Z,15476,16.397770091413452,3.814420543363171,22.255619049072266,113.64906311035156,22.358686447143555,113.92243957519531
01a09620-66c8-7692-8997-0c7b564e48a4,0197f3df-3c98-721f-bd95-623b83de48dd,412452567,2026-09-12T11:45:30Z,2026-09-12T14:58:21Z,11571,20.487319409296585,6.374068781736039,22.70612907409668,116.60657501220703,23.004873275756836,116.78550720214844
01a09550-68b0-7ef3-8a0a-08c47d45698c,0198badd-6018-70e7-b57c-50dd37000edc,412446061,2026-09-12T06:35:43Z,2026-09-12T11:11:10Z,16527,0.5320938273491703,0.1159035383588681,22.99496841430664,117.49266815185547,22.986106872558594,117.49279022216797
01a0977e-4918-7b2f-8e6e-e2c939437c9f,018087c9-b950-7bb2-85a1-5f994497808d,477995128,2026-09-12T15:41:04Z,2026-09-12T21:20:31Z,20367,2.351647742095461,0.4156690662121893,22.3273983001709,114.12303924560547,22.28875732421875,114.12995910644531
01a09531-6730-7c1a-86a8-3b231c4307a4,015185db-1be0-798e-993b-3442a0621638,412459820,2026-09-11T01:17:02Z,2026-09-12T10:37:18Z,120016,0.19302337497666405,0.0057899292587320905,22.312885284423828,113.79985046386719,22.310691833496094,113.79730987548828
01a09612-7478-7369-8ebc-1a6f86415bb2,0185ae82-9e90-7ba7-ba36-16bd1086ea88,412465874,2026-09-12T08:08:56Z,2026-09-12T14:43:07Z,23651,10.155576339495562,1.54581518000017,22.841299057006836,116.8708267211914,22.890235900878906,117.04654693603516
01a0912b-fbf0-7977-8e9a-86f27540debd,014e46f2-c868-784f-9a4a-0531277370af,636018226,2026-09-11T11:52:35Z,2026-09-11T15:52:54Z,14419,41.73432811052336,10.419833636027747,22.350814819335938,119.41497039794922,21.75226402282715,119.03365325927734
01a09767-7170-767f-8889-2e126948068d,0197fe4e-2e50-7202-b8e9-a1e4fbdd04da,412459905,2026-09-12T14:42:00Z,2026-09-12T20:55:34Z,22414,12.946300407882918,2.0793558253046536,22.336807250976562,115.8962631225586,22.34442901611328,116.12924194335938
01a094eb-f5d8-7ea4-8de6-3d112847edb6,0180882c-0560-7531-949f-986d4aaf9215,574078068,2026-09-10T21:54:38Z,2026-09-12T09:21:27Z,127609,0.3130689904531903,0.008832044492406375,10.280558586120605,107.10099029541016,10.284549713134766,107.10440063476562
01a09000-7440-724f-8e69-7b9eee41df94,014e481d-ee70-792a-8628-f651e5dc2cff,412752620,2026-09-11T04:55:40Z,2026-09-11T10:25:44Z,19804,58.13895780460386,10.56858453325459,20.24001693725586,109.81202697753906,21.136716842651367,109.42132568359375
01a092a3-f208-7bfd-8b34-057dad4b8b95,01a05c7c-a238-7db9-b1f5-2b4fd5d68e1d,412000446,2026-09-11T11:48:15Z,2026-09-11T22:43:33Z,39318,4.967580222254551,0.45483719416339546,22.15611457824707,116.15103912353516,22.185590744018555,116.06755828857422
01a08d37-80a0-7eb1-8f72-a5b17c42b0ab,0197fe4e-2e50-7202-b8e9-a1e4fbdd04da,412459905,2026-09-10T14:47:12Z,2026-09-10T21:27:00Z,23988,4.051134180023794,0.6079741140605994,22.40215301513672,115.97731018066406,22.38734245300293,116.04850769042969
01a0933a-8100-7c47-8929-a8278a4c67bd,0197f404-e538-7ddd-a581-788bf03a2169,412529396,2026-09-11T10:06:23Z,2026-09-12T01:28:00Z,55297,29.564980480324635,1.9247686082277282,22.122175216674805,116.78839874267578,22.233842849731445,117.30630493164062
01a0973f-a208-711b-8c36-ea5f1f4e5c94,018091f6-b450-73df-a9a2-d776f1c32bc3,413907776,2026-09-12T08:20:24Z,2026-09-12T20:12:05Z,42701,0.147155755445949,0.012406283684349696,22.255615234375,113.64985656738281,22.255157470703125,113.64725494384766
01a08b03-b0b0-7fae-8537-0e4723456ca7,0197fe58-82d8-7b99-8c7f-50c9308d1dbd,412003031,2026-09-10T02:14:02Z,2026-09-10T11:11:10Z,32228,38.766328454272454,4.330358149291946,19.699716567993164,109.14441680908203,19.96949577331543,108.52081298828125
01a08b0a-34a8-7c94-833e-88490948b3a6,018576e6-b020-7101-a6bb-3b5e00a6804c,412463554,2026-09-10T06:29:09Z,2026-09-10T11:18:17Z,17348,11.025218707479967,2.2879171862420957,21.97125244140625,114.06538391113281,22.060287475585938,114.23861694335938
01a08cdf-6dc0-7d11-865f-1a343a4b90a2,014e481d-ee70-792a-8628-f651e5dc2cff,412752620,2026-09-10T13:54:24Z,2026-09-10T19:50:48Z,21384,70.05134107587065,11.793155063277887,21.40827178955078,112.51587677001953,21.012548446655273,111.33853912353516
01a08f82-b4d8-7d8d-8023-2d455e410487,017ac1dd-26f0-73f7-bc30-83d4ace74cfc,636024345,2026-09-10T13:04:51Z,2026-09-11T08:08:23Z,68612,0.09479076100040755,0.004973572255603498,22.312877655029297,113.80005645751953,22.312374114990234,113.7984390258789
01a08acb-56e8-70e1-806e-6d5d4d40ea85,01856b4c-9090-736e-9b97-dae26c23bc6b,412534312,2026-09-10T06:00:59Z,2026-09-10T10:09:37Z,14918,13.579469907918725,3.2769869733548336,22.165904998779297,115.52266693115234,22.119487762451172,115.28368377685547
01a08d7d-f7b0-7b81-8529-e2033e48d094,01809c44-f2f0-7fb1-8d49-b48a1fe9bc38,636093045,2026-09-10T19:07:10Z,2026-09-10T22:43:58Z,13008,48.18491645288756,13.335308981426447,10.022183418273926,110.13661193847656,10.656167030334473,110.63681030273438
01a090d7-1d60-7188-8b55-8551464d7fa6,0197c074-93f8-7fff-811e-c1a76cf71fb8,352005841,2026-09-11T08:40:02Z,2026-09-11T14:20:12Z,20410,59.9946403821327,10.58210217421253,8.94399642944336,110.16755676269531,8.13772964477539,109.57067108154297
01a08d24-4e90-774f-83f0-de68d4400b85,0186654b-d8f8-7f91-a28a-6f610a2a7956,563339500,2026-09-10T02:55:25Z,2026-09-10T21:06:02Z,65437,191.0900592972091,10.512771268089198,17.46352767944336,108.29838562011719,14.541542053222656,109.61096954345703
01a0907d-8bb0-757d-81c1-70a10a4afca5,0198be14-3c70-7bf0-9593-1b9fe9b1381d,412468282,2026-09-11T03:43:53Z,2026-09-11T12:42:22Z,32309,2.1983428888814367,0.24494829304445112,21.973886489868164,113.9916000366211,21.97580337524414,114.0310287475586
01a08ceb-3560-76b3-8382-9243c347779c,018087c9-b950-7bb2-85a1-5f994497808d,477995128,2026-09-10T15:42:34Z,2026-09-10T20:03:40Z,15666,4.079713118825425,0.93750588712955,22.287267684936523,114.18773651123047,22.279687881469727,114.11476135253906
01a08a63-36a8-7de3-80d3-2b18a54a4686,01888e3d-8b10-7020-86f2-c9f7598f5ae5,413318770,2026-09-10T02:39:49Z,2026-09-10T08:15:53Z,20164,1.5812923824338605,0.2823176243186817,23.56333351135254,117.04833221435547,23.586666107177734,117.03500366210938
01a08f21-ef68-7189-86a8-98d8be4f718e,0186654b-d8f8-7f91-a28a-6f610a2a7956,563339500,2026-09-10T23:24:18Z,2026-09-11T06:22:41Z,25103,81.28715543622006,11.6573222152887,14.11575698852539,109.74844360351562,12.7723970413208,109.92158508300781
01a0917a-f6b0-764e-8ca2-e0997143b5b7,0186e9c7-2d30-7750-8035-c1fd196d99f0,413512380,2026-09-11T14:15:33Z,2026-09-11T17:19:10Z,11017,19.99404261642498,6.533407771546694,23.460906982421875,117.2725601196289,23.295825958251953,116.95748138427734
01a09700-b890-79a7-8665-1b5bfc47b798,0198be14-3c70-7bf0-9593-1b9fe9b1381d,412468282,2026-09-12T12:47:44Z,2026-09-12T19:03:22Z,22538,1.8039506047216116,0.28814545110470324,21.900367736816406,113.7708969116211,21.899938583374023,113.73851776123047
01a08a99-65c0-7601-875f-859e0f435bab,014e4daa-0180-7557-9b7b-2c8cadf802ed,563403000,2026-09-10T03:42:34Z,2026-09-10T09:15:04Z,19950,84.86260205584286,15.31355225067841,8.960630416870117,108.38990783691406,8.386612892150879,107.08334350585938
01a0927c-45c8-7767-8ffe-9ad04841b2b2,01856b4c-9090-736e-9b97-dae26c23bc6b,412534312,2026-09-11T14:13:34Z,2026-09-11T22:00:13Z,27999,21.473894927697195,2.7610279559880677,22.177310943603516,115.51751708984375,22.20100975036621,115.9029312133789
01a0966e-9668-7971-8462-cf30d2446588,0193ecd0-5ad0-729b-9822-de30a0245549,413613420,2026-09-12T12:46:26Z,2026-09-12T16:23:45Z,13039,33.03270048923836,9.12015658879194,22.04290008544922,113.59537506103516,21.812294006347656,113.0569076538086
01a0925b-e0d0-7ccc-844a-b13e4e478cbf,019e0461-dd18-7f39-bab3-30f980c3b212,574198419,2026-09-11T17:24:38Z,2026-09-11T21:24:50Z,14412,4.467574150676128,1.115963568029008,13.085728645324707,111.27088165283203,13.013113021850586,111.28755187988281
01a0947f-9f78-73cf-8e7d-df40fb4067a4,018087c9-b950-7bb2-85a1-5f994497808d,477995128,2026-09-11T23:22:57Z,2026-09-12T07:23:07Z,28810,3.6374695203932097,0.4545258685670099,22.25398826599121,114.1277084350586,22.311256408691406,114.1063461303711
01a093cc-5cd8-73cb-8eaf-ee7a6f4329a9,01a0544f-6ed8-72ba-81bb-f6318bc95bc6,412462314,2026-09-10T02:33:00Z,2026-09-12T04:07:19Z,178459,42.3486318537536,0.8542862768115531,21.558610916137695,112.58082580566406,21.587186813354492,111.82298278808594
01a095df-1420-7b54-8087-039e4b434baf,014e46ed-7cf0-7a4e-a9ab-4d4ea119410a,538012032,2026-09-11T00:02:52Z,2026-09-12T13:47:00Z,135848,318.754043493969,8.447047851851249,8.105030059814453,117.64697265625,10.675829887390137,112.93838500976562
01a08bb1-f210-7711-8cdb-2283a94b5ca3,0198bb14-8548-7221-87f7-99613e848753,412255218,2026-09-10T11:09:57Z,2026-09-10T14:21:30Z,11493,8.168003058873051,2.558497434259374,22.150100708007812,114.06278991699219,22.147369384765625,114.20964050292969
01a08e96-1a88-79c5-8bda-5e1d6d48cf8f,01983656-4828-72e2-8ff0-ca3e5c9b815d,412533988,2026-09-10T18:41:08Z,2026-09-11T03:49:57Z,32929,15.258869082132012,1.6681930424754847,21.76770782470703,115.2994155883789,22.0218505859375,115.29986572265625
01a08bec-5748-713d-8cd6-b62c114530be,0197f3df-3c98-721f-bd95-623b83de48dd,412452567,2026-09-10T02:04:44Z,2026-09-10T15:25:17Z,48033,79.82214428040531,5.982547819404558,23.361480712890625,117.31446838378906,22.34718894958496,116.38174438476562
01a08d36-a1f8-70fd-8366-8134f7415ab0,0198badd-6018-70e7-b57c-50dd37000edc,412446061,2026-09-10T02:14:00Z,2026-09-10T21:26:03Z,69123,6.073479357695587,0.31631332100319887,22.997594833374023,117.75206756591797,22.990140914916992,117.6424789428711
01a08c32-0ef0-7062-856f-6e6d6d4bbebb,0180873d-bd60-76e7-8dad-7a852444adce,412529042,2026-09-10T13:29:26Z,2026-09-10T16:41:26Z,11520,0.39041591111611457,0.1220049722237858,21.93377685546875,113.81082916259766,21.939355850219727,113.8144302368164
01a09750-a968-7007-8375-d4ce484305aa,01985e2b-22b0-7e04-828f-548068b62cb4,413550392,2026-09-12T17:10:03Z,2026-09-12T20:30:41Z,12038,25.39392581582297,7.59412966746658,23.0263729095459,117.09229278564453,23.382503509521484,117.34053039550781
01a09363-5df0-7696-8a64-92d6c34f3c8e,0180873f-6728-73a3-b7b7-b8f579a512e9,413471740,2026-09-11T08:29:17Z,2026-09-12T02:12:38Z,63801,14.713240534519121,0.8302011868821623,22.32541847229004,113.83392333984375,22.233154296875,113.58858489990234
01a09671-4db8-743c-8915-d8975042089e,01808739-44d8-7bab-b780-d80522c8bae9,412554010,2026-09-12T11:07:25Z,2026-09-12T16:26:43Z,19158,0.1827264422636526,0.03433631862141922,22.98192024230957,116.53905487060547,22.984962463378906,116.5389633178711
01a09689-07f0-773c-8f54-2c603e4daa95,016eb0dd-b088-7ffe-ba82-be24b5148f1a,563300100,2026-09-12T13:26:09Z,2026-09-12T16:52:38Z,12389,53.19079144728497,15.456198983794163,9.732841491699219,109.34149169921875,8.990031242370605,108.85218811035156
01a08e5e-ed88-7c61-88b0-d90ed84be9ad,0180a24d-5250-76b8-bf78-ecd60b7f9fb6,412482583,2026-09-10T12:22:53Z,2026-09-11T02:49:41Z,52008,3.464265193110137,0.239796852314961,22.357738494873047,113.99114990234375,22.361055374145508,113.92886352539062
01a09261-7e50-7f26-8e32-1b60cc4507a6,01808748-f090-7ec4-81c9-0ad3194f78f4,235059376,2026-09-11T18:26:18Z,2026-09-11T21:30:58Z,11080,52.14772540316863,16.943304282617966,22.356250762939453,118.64793395996094,22.213167190551758,117.72210693359375
01a09653-afb0-7947-8233-71479049d2af,0164fbcd-2150-7757-b45d-1211d2bd646e,314280000,2026-09-12T12:12:20Z,2026-09-12T15:54:22Z,13322,40.155430359516096,10.851189708321419,10.191666603088379,110.0433349609375,10.691666603088379,110.49500274658203
01a09716-f7e0-7952-852c-2002774ad987,019e4e97-c9d8-772a-ae6f-0a67358773ad,412501970,2026-09-10T22:58:37Z,2026-09-12T19:27:40Z,160143,7.684328985662507,0.17274301310943985,21.048053741455078,110.6402816772461,21.07540512084961,110.50630187988281
01a08cf5-37e0-7ee0-8f05-4655f84b2692,019e4e97-c9d8-772a-ae6f-0a67358773ad,412501970,2026-09-10T14:02:32Z,2026-09-10T20:14:36Z,22324,75.71033229133016,12.209155897186372,21.43482208251953,112.52490997314453,21.095272064208984,111.22176361083984
01a092f6-8e78-7154-844c-50e51547fd87,0160affd-f7a8-750e-ba22-320878ee96af,373665000,2026-09-11T20:16:12Z,2026-09-12T00:13:47Z,14255,40.08663628921614,10.123598080756093,18.120389938354492,116.56953430175781,17.55613899230957,116.19458770751953
01a09667-4b38-7451-80fa-4422ee4aa290,0199c9b0-6e18-7c18-a5f9-ae456b109d2d,412511156,2026-09-12T12:19:31Z,2026-09-12T16:15:47Z,14176,5.562142355645653,1.4125079345601264,21.271516799926758,109.24992370605469,21.275718688964844,109.1506118774414
01a08aa7-0dd8-7bee-86f7-f5131c4c6c84,01985b48-7138-7f6f-9b51-0eeaa2e105af,574565918,2026-09-10T01:01:58Z,2026-09-10T09:29:59Z,30481,3.1424800582251713,0.37114688526001827,8.6369047164917,108.36121368408203,8.588709831237793,108.34056854248047
01a09548-b7f0-7dc9-88b3-e7c8214ab6b6,01756803-e0b0-700e-8e91-05db45d98535,413256210,2026-09-11T10:44:15Z,2026-09-12T11:02:46Z,87511,1.512593488423152,0.06222459528885908,21.638334274291992,108.65666961669922,21.613332748413086,108.66000366210938
01a08d64-8410-7a0f-86a6-a822ec4741ac,0198bb83-f0b8-7696-a0ee-5796f55cf38a,412446018,2026-09-10T03:34:07Z,2026-09-10T22:16:10Z,67323,1.9167723453043577,0.10249662735017287,22.93584632873535,117.55362701416016,22.90452766418457,117.54690551757812
01a08f7d-9458-7674-8341-646d0a4c5e99,01857688-2500-7e5d-b907-19739ddfc0df,574292288,2026-09-10T22:26:16Z,2026-09-11T08:02:47Z,34591,7.710304417952706,0.8024369317056385,13.87647819519043,112.29865264892578,14.000194549560547,112.26317596435547
01a09312-e848-7882-817c-f6eda54e5dbb,0187c177-0318-7d20-afb0-e63cd7c7eebe,412488591,2026-09-11T11:15:45Z,2026-09-12T00:44:45Z,48540,103.29854342582463,7.661202231828774,19.768234252929688,109.12762451171875,21.487564086914062,109.06034851074219
01a0937d-4aa8-7b15-8362-a3859b40ad90,019e0525-5810-7bd8-bada-8e2e1bdb9272,574050001,2026-09-11T17:49:46Z,2026-09-12T02:40:57Z,31871,4.026727550188782,0.45484042485895065,7.479229927062988,109.5143814086914,7.422231674194336,109.5500259399414
01a095e2-4870-7294-8f2d-aed8db4029b3,01856b4c-9090-736e-9b97-dae26c23bc6b,412534312,2026-09-11T22:51:43Z,2026-09-12T13:50:30Z,53927,2.5423931084401517,0.16972231331957177,22.19915771484375,115.8515853881836,22.18982696533203,115.80697631835938
01a092ec-a368-790e-8b20-111d4549188d,01863023-3c48-7f76-8eaf-58bc53926b17,412461395,2026-09-11T09:27:08Z,2026-09-12T00:02:57Z,52549,4.96249625895366,0.3399681541462859,21.898027420043945,113.30175018310547,21.887481689453125,113.2134017944336
01a09304-ee28-766b-8c5f-580b2a4180bf,0180914f-6830-742e-b337-aa2e13bbc161,574014574,2026-09-11T01:18:25Z,2026-09-12T00:29:29Z,83464,139.59423259547984,6.02102987328342,18.370243072509766,106.28146362304688,16.561901092529297,107.81352996826172
01a090e0-5c90-7bad-8edc-fac2cf4fbb8e,014e5f19-6668-77da-93ac-8a09c8540d5f,352002864,2026-09-11T05:27:41Z,2026-09-11T14:30:18Z,32557,54.286863072919,6.002786100147691,8.698216438293457,111.40311431884766,9.42870044708252,110.86353302001953
01a092a7-35f8-7058-811a-82373a4b469b,01985e2b-22b0-7e04-828f-548068b62cb4,413550392,2026-09-11T13:41:57Z,2026-09-11T22:47:07Z,32710,9.733719502328148,1.0712745401522878,22.17041015625,115.88162994384766,22.18669891357422,116.05581665039062
01a08ba2-f238-7492-836a-7d2757401abf,0197fe4e-2e50-7202-b8e9-a1e4fbdd04da,412459905,2026-09-10T09:09:40Z,2026-09-10T14:05:07Z,17727,6.580635320647932,1.336395732742853,22.364456176757812,116.15762329101562,22.391067504882812,116.04264068603516
01a08de1-d618-7ef6-88ac-ca5b2045f39f,01808741-f768-73f6-8aad-950a3e3a9a43,413236120,2026-09-10T10:13:43Z,2026-09-11T00:33:03Z,51560,0.07647992555830509,0.005339948254652799,21.417579650878906,109.12450408935547,21.418851852416992,109.12457275390625
01a08fe4-f918-74b9-8ad7-83ba5e40b693,01985e2b-22b0-7e04-828f-548068b62cb4,413550392,2026-09-11T00:53:32Z,2026-09-11T09:55:43Z,32531,36.50633513158981,4.039925193622185,22.294034957885742,116.54301452636719,22.119829177856445,115.91380310058594
01a0939e-b170-76ba-8f14-fc64bc4f08b3,0197f74f-2280-7bc8-9c68-5b5e9dd8bd1b,574614000,2026-09-11T05:32:29Z,2026-09-12T03:17:26Z,78297,3.8229065781132903,0.1757725542639928,20.669992446899414,106.80852508544922,20.644079208374023,106.87068176269531
01a08d4a-c250-7d07-8c31-07ad6e44598a,014e46ed-7cf0-7a4e-a9ab-4d4ea119410a,538012032,2026-09-10T08:38:19Z,2026-09-10T21:48:02Z,47383,110.18581820348176,8.371545607760892,6.927836894989014,119.39099884033203,8.117645263671875,117.98159790039062
01a09269-7560-7108-8d49-62cd58422abb,0186654b-d8f8-7f91-a28a-6f610a2a7956,563339500,2026-09-11T13:06:52Z,2026-09-11T21:39:40Z,30768,89.77943643831998,10.50461424785335,11.467637062072754,109.60914611816406,9.996707916259766,109.33539581298828
01a08eab-d508-7c71-8b39-937c224ab9b6,014e46ec-a230-7b66-885c-39c409662568,352004707,2026-09-10T23:39:42Z,2026-09-11T04:13:41Z,16439,58.97021401682595,12.913971072484545,11.57124137878418,112.71526336669922,10.87020492553711,112.01394653320312
01a095f4-45e8-71ec-801c-eb83ee49ccb8,01a08deb-01c0-7e35-84e4-4783f811e667,414578560,2026-09-12T07:12:02Z,2026-09-12T14:10:09Z,25087,12.842230158275763,1.8428679622829651,23.00992774963379,117.19243621826172,22.88514518737793,117.0037841796875
01a092bb-bbe0-7cb5-8ab8-dc8230496b94,019801b6-5ba8-7e1f-bddf-32230dcf3ca5,574456799,2026-09-11T13:19:30Z,2026-09-11T23:09:32Z,35402,0.5787955639489604,0.05885724055748989,8.025799751281738,105.49600982666016,8.020343780517578,105.48798370361328
01a0907b-c2a8-7ab3-8b38-3e46244cca9c,019e0461-dd18-7f39-bab3-30f980c3b212,574198419,2026-09-10T11:20:56Z,2026-09-11T12:40:25Z,91169,10.254736716270468,0.4049298794389945,13.116983413696289,111.30870056152344,12.970401763916016,111.21871185302734
01a09209-d100-7db5-8b87-0fa28046b2a1,0197f3df-3c98-721f-bd95-623b83de48dd,412452567,2026-09-11T12:27:37Z,2026-09-11T19:55:12Z,26855,15.982960792760903,2.1425678217813906,22.247299194335938,115.95726776123047,22.248201370239258,116.24488067626953
01a09046-9560-7671-8bab-ad3b854caea9,01987d1c-56d0-750b-9c1e-701225d28337,412821116,2026-09-11T06:51:20Z,2026-09-11T11:42:20Z,17460,8.806287493907334,1.8157293801870793,21.814910888671875,115.48384094238281,21.94347381591797,115.55992126464844
01a095a8-d180-7656-857a-9c019644d885,0198be14-3c70-7bf0-9593-1b9fe9b1381d,412468282,2026-09-12T08:49:24Z,2026-09-12T12:47:44Z,14300,9.89654489421931,2.4914378754677986,21.973100662231445,113.93035888671875,21.900367736816406,113.7708969116211
01a0962a-5d90-7ef1-8920-7d22464d22b0,016c8e07-3dd8-72ad-8436-6b27e2c36b32,413875371,2026-09-12T12:05:59Z,2026-09-12T15:09:14Z,10995,0.7646182275771922,0.2503524892476482,15.523333549499512,110.97166442871094,15.515000343322754,110.961669921875
01a08cbb-e418-7cec-85c3-de2b324dc1b9,018b0e0f-d6e8-7904-a3e9-47bd8e7b7883,413068558,2026-09-10T03:52:28Z,2026-09-10T19:11:59Z,55171,1.674384261313301,0.1092563727452445,21.37413215637207,111.1082534790039,21.34645652770996,111.10456848144531
01a08e52-acd0-7d7f-87bc-c3c7f9439d88,0197f3d6-c4a0-7a88-beb7-457a170ea8ff,413369910,2026-09-10T00:11:23Z,2026-09-11T02:36:18Z,95095,0.09445336896398486,0.0035757098508895895,22.287349700927734,113.73237609863281,22.286785125732422,113.73078918457031
01a08d3d-25f0-7eb6-8cc0-508ff948bd99,019e3969-8830-7e9f-9e87-4612e46b7c53,412468391,2026-09-10T09:24:31Z,2026-09-10T21:33:10Z,43719,199.7493488206245,16.44817255093319,22.12061309814453,114.58171844482422,21.150854110717773,111.15794372558594
01a08db2-2ee0-783d-80a6-97879948e99f,01808997-ca60-72a0-9a7b-b34b0f1b4b32,414351040,2026-09-10T02:24:00Z,2026-09-10T23:41:00Z,76620,4.683244645122009,0.22004281809500434,22.247766494750977,113.65069580078125,22.2701358795166,113.73143768310547
01a093af-b100-74fc-895b-6903064d5a90,01856ad5-8400-74d5-b31e-762ee220cf32,413509140,2026-09-10T09:03:55Z,2026-09-12T03:36:00Z,153125,0.19798481144618923,0.004654663322163469,21.61309051513672,108.32765197753906,21.610328674316406,108.32571411132812
01a08eab-1d70-770c-85a7-c49f804a369f,019e05a6-e038-79bf-95fe-92309cee533b,574010591,2026-09-10T22:26:44Z,2026-09-11T04:12:54Z,20770,12.48890280247249,2.164662979725612,7.784003257751465,107.81578063964844,7.8443498611450195,107.61485290527344
01a08e57-fc30-7827-8981-b4679b4c949a,0197fb28-8068-793f-a202-4a46e8608bf9,412467762,2026-09-10T22:33:00Z,2026-09-11T02:42:06Z,14946,11.537257437213697,2.778945990497077,22.203214645385742,116.28129577636719,22.207616806030273,116.07379913330078
01a08d44-c710-7c23-88f5-573e5c4b1aa9,0197fb28-8068-793f-a202-4a46e8608bf9,412467762,2026-09-10T18:06:59Z,2026-09-10T21:41:30Z,12871,17.76585258967916,4.969083157706858,22.19475746154785,115.9485855102539,22.192459106445312,116.26815032958984
01a096a4-b1f8-700f-82ee-ef1b544c1ebd,018b0e0f-d6e8-7904-a3e9-47bd8e7b7883,413068558,2026-09-12T01:59:52Z,2026-09-12T17:22:51Z,55379,2.2397706548384493,0.1455998547719969,21.396005630493164,111.11331176757812,21.358768463134766,111.11090850830078
01a08f96-d530-7208-860d-9c70a24685a3,0160affd-f7a8-750e-ba22-320878ee96af,373665000,2026-09-10T21:41:36Z,2026-09-11T08:30:22Z,38926,103.75392367490532,9.595492093450629,21.22832489013672,118.53870391845703,19.74890899658203,117.5853042602539
01a08a06-97b8-7f1e-8daa-5c573b4bd0a6,018087c9-b950-7bb2-85a1-5f994497808d,477995128,2026-09-10T03:15:46Z,2026-09-10T06:34:43Z,11937,1.8416301519683502,0.555404921428002,22.255081176757812,114.12066650390625,22.285720825195312,114.1222152709961
01a090da-3270-790f-8e77-a348c44aacbb,0180873d-bd60-76e7-8dad-7a852444adce,412529042,2026-09-11T11:09:26Z,2026-09-11T14:23:34Z,11648,2.4628744814850525,0.7611906021073308,21.991418838500977,113.98999786376953,21.976661682128906,113.94872283935547
01a092bb-bfc8-7bf7-8047-d245884d8ca2,0180873d-bd60-76e7-8dad-7a852444adce,412529042,2026-09-11T19:41:26Z,2026-09-11T23:09:33Z,12487,7.7102233438712355,2.2228560933720227,21.95260238647461,113.89090728759766,22.047536849975586,113.98417663574219
01a0927f-b4b0-7cde-8164-37cda8443596,0199c9b0-6e18-7c18-a5f9-ae456b109d2d,412511156,2026-09-11T11:12:06Z,2026-09-11T22:03:58Z,39112,5.645707609121791,0.5196499128870538,21.249095916748047,109.22357940673828,21.31976318359375,109.1570053100586
01a092a1-fe08-71d7-8213-b6559245efb6,019e1a06-5860-7c1e-9ac1-b67cc049438c,412600002,2026-09-11T19:26:26Z,2026-09-11T22:41:25Z,11699,5.197058540631487,1.5992316220423417,21.970317840576172,113.9400405883789,22.045429229736328,113.98644256591797
01a08c6d-79e0-72a7-840b-424f25412fbe,018a32d1-d130-72fd-8c66-726dc1cfc8af,352002399,2026-09-10T02:44:52Z,2026-09-10T17:46:20Z,54088,0.24404604479535408,0.016243265812440368,22.359830856323242,113.92375946044922,22.357940673828125,113.91986846923828
01a08e77-ff80-7cdd-8e1e-aaf3c54165bb,0186e9c7-2d30-7750-8035-c1fd196d99f0,413512380,2026-09-10T16:04:30Z,2026-09-11T03:17:04Z,40354,0.12589299704786677,0.011230975600245833,24.396699905395508,118.10069274902344,24.398263931274414,118.10222625732422
01a09721-2940-79d2-8194-660b324f8881,019e05a6-e038-79bf-95fe-92309cee533b,574010591,2026-09-12T12:27:30Z,2026-09-12T19:38:48Z,25878,10.169018816882446,1.4146559912194452,7.434441566467285,107.79004669189453,7.2654032707214355,107.80072021484375
01a09291-b610-7038-8ce2-07b02644c6ba,0197fb28-8068-793f-a202-4a46e8608bf9,412467762,2026-09-11T13:55:41Z,2026-09-11T22:23:38Z,30477,38.80103363222962,4.583250355219563,22.16106414794922,115.70045471191406,22.172964096069336,116.39816284179688
01a08cdf-42c8-7fc0-8899-c4cb8444fbaa,0198bb14-8548-7221-87f7-99613e848753,412255218,2026-09-10T16:47:55Z,2026-09-10T19:50:37Z,10962,5.449145836077749,1.789538862422906,22.148231506347656,114.09552001953125,22.1273193359375,114.19086456298828
01a09191-5928-79a0-8742-f034bc47af98,0180b0c2-ebb0-78a2-9ac6-1f8a49818086,574020015,2026-09-10T23:39:06Z,2026-09-11T17:43:37Z,65071,126.82184676270757,7.0163152302215614,10.077996253967285,107.27469635009766,8.435409545898438,108.62027740478516
01a08d1e-3410-7c77-8937-3fd27d43fc8f,019801b6-5ba8-7e1f-bddf-32230dcf3ca5,574456799,2026-09-10T09:47:16Z,2026-09-10T20:59:22Z,40326,4.590201745094217,0.4097784625883842,8.026419639587402,105.49700164794922,7.9508514404296875,105.50870513916016
01a09349-b788-79b4-82bd-17593f42e9aa,014e7411-a008-7aa0-b882-0bd8ad9a7f83,477137100,2026-09-11T19:59:34Z,2026-09-12T01:44:37Z,20703,70.28396438575496,12.221526918259086,13.770000457763672,109.39833068847656,12.608333587646484,109.54666900634766
01a09605-be90-787f-8678-1dc74b45cc91,01985e2b-22b0-7e04-828f-548068b62cb4,413550392,2026-09-11T23:39:20Z,2026-09-12T14:29:14Z,53394,56.67231793565078,3.821035033306042,22.180753707885742,116.00941467285156,22.664628982543945,116.88614654541016
01a08bbc-d720-7aa9-851d-a91fab4eb39e,018cc2dc-1b30-7adb-90ea-3eacd9f13464,412488583,2026-09-10T09:26:01Z,2026-09-10T14:33:24Z,18443,39.19184838516119,7.650092402894338,19.407638549804688,108.51436614990234,19.696819305419922,109.13538360595703
01a09622-4f10-733a-87e6-9a5e134f9da7,01808737-ba50-720b-a440-d4a0da808529,413233820,2026-09-12T06:12:06Z,2026-09-12T15:00:26Z,31700,58.966133315060894,6.696469398555811,24.26922607421875,118.61492156982422,24.8914737701416,119.45047760009766
01a0904f-dc60-7517-86e4-19b94d4a65ab,0197fe58-82d8-7b99-8c7f-50c9308d1dbd,412003031,2026-09-10T11:36:13Z,2026-09-11T11:52:28Z,87375,39.29009183243682,1.6188192342978263,19.9603328704834,108.51447296142578,19.69601821899414,109.15084075927734
01a09634-d540-74e3-8886-ca75d64dd3bc,019e4983-7ed8-7971-a501-22bf9ea2f7c8,574598921,2026-09-12T10:36:47Z,2026-09-12T15:20:40Z,17033,23.306188089487094,4.925866090656581,7.928066730499268,104.72826385498047,7.6195549964904785,104.49049377441406
01a09055-9150-780a-8a0a-1b66e6471987,01a036a1-fd88-7f8b-a810-fb7355389989,574112205,2026-09-11T04:00:53Z,2026-09-11T11:58:42Z,28669,8.371574586326997,1.0512284527111928,10.122723579406738,107.05077362060547,10.013801574707031,106.96236419677734
01a08fc8-2248-7e30-8425-4b8c6a42c9b4,018091f6-b450-73df-a9a2-d776f1c32bc3,413907776,2026-09-10T07:38:22Z,2026-09-11T09:24:13Z,92751,0.33477809368084666,0.012993942245917002,22.254375457763672,113.65005493164062,22.249095916748047,113.64811706542969
01a09603-45c0-75a4-8a70-0d5f81490cbb,0197f74f-2280-7bc8-9c68-5b5e9dd8bd1b,574614000,2026-09-12T10:23:10Z,2026-09-12T14:26:32Z,14602,5.1042908297568825,1.2584198731081206,20.64488983154297,106.89834594726562,20.662569046020508,106.80947875976562
01a09790-5630-75c0-814b-e83d80443ea8,0197f3d7-5cf8-7995-8c49-50673e5ab03c,413865879,2026-09-11T18:33:30Z,2026-09-12T21:40:14Z,97604,0.01167341548213273,0.00043055915470347356,22.360815048217773,113.92648315429688,22.360689163208008,113.92632293701172
01a08995-e040-75ab-877b-523e5a40b981,0198be14-3c70-7bf0-9593-1b9fe9b1381d,412468282,2026-09-10T00:25:31Z,2026-09-10T04:31:36Z,14765,6.020186859294129,1.4678410222457747,21.76405143737793,113.69038391113281,21.73704719543457,113.79434967041016
01a09125-ba60-78e2-82d5-30ef06494697,016eb0dd-b088-7ffe-ba82-be24b5148f1a,563300100,2026-09-11T11:38:06Z,2026-09-11T15:46:04Z,14878,67.77342723928453,16.399001079541893,15.273711204528809,112.79113006591797,14.311301231384277,112.1810302734375
01a08ddd-ced8-7390-8c0f-c43c4040c6b5,0198c1bc-60c8-7d65-b785-a8e15d4b2c4e,412312354,2026-09-10T10:39:11Z,2026-09-11T00:28:39Z,49768,4.211017355046381,0.30460662430009183,20.217357635498047,110.04644012451172,20.24341583251953,110.11583709716797
01a08fa6-1f40-71f5-85ca-6d710344509c,01a08deb-01c0-7e35-84e4-4783f811e667,414578560,2026-09-11T00:43:04Z,2026-09-11T08:47:04Z,29040,4.566134317419473,0.566049708771009,22.95223045349121,116.7607192993164,22.957006454467773,116.84314727783203
01a09126-1438-7166-842a-ec2e814b64aa,01857688-2500-7e5d-b907-19739ddfc0df,574292288,2026-09-11T09:47:11Z,2026-09-11T15:46:27Z,21556,17.59113707126912,2.9378406687961047,14.010379791259766,112.24713134765625,13.850170135498047,112.49987030029297
01a08a21-d460-7d08-8faf-572ed14946bf,0197fe4e-2e50-7202-b8e9-a1e4fbdd04da,412459905,2026-09-10T03:18:40Z,2026-09-10T07:04:28Z,13548,0.7477319107775522,0.19868872739881813,22.408597946166992,116.35527801513672,22.39614486694336,116.35513305664062
01a09524-b530-77ff-8ed6-13110e41e486,014e46ed-d6c8-7a0f-8744-a9cfaa9b1b5f,373080000,2026-09-11T10:54:55Z,2026-09-12T10:23:26Z,84511,0.03542665046390057,0.0015091046333618352,20.81388282775879,106.902099609375,20.81348419189453,106.9016342163086
01a0949d-1670-727a-8b64-63e13448b698,0180b91b-74d0-76d9-9a3d-d8ea03df3d05,412465409,2026-09-12T02:48:28Z,2026-09-12T07:55:18Z,18410,1.6375366236022924,0.32021357115525545,22.181623458862305,114.01439666748047,22.207555770874023,114.02352142333984
01a08f48-d470-7923-8fce-b694414701ba,019ff8f4-ce48-75ce-acd9-36c29af0ab26,412529159,2026-09-11T01:19:37Z,2026-09-11T07:05:10Z,20733,0.668174139127976,0.1160192399006759,21.918354034423828,114.0254898071289,21.920888900756836,114.03717041015625
01a09748-50b0-7e6a-8986-111965462c88,0189b655-e1c8-7fbe-931e-9ba998f45358,574560082,2026-09-12T13:39:43Z,2026-09-12T20:21:34Z,24111,7.437373773172633,1.1104701415711284,6.741883277893066,107.97118377685547,6.695216655731201,108.08672332763672
01a0938b-b228-71d1-8e2f-c6f9374cf485,014e7e0b-7930-7ea6-9418-6f61b427579a,413463640,2026-09-11T02:37:56Z,2026-09-12T02:56:41Z,87525,0.1783069225618743,0.007333960825167066,22.641252517700195,114.669189453125,22.64215087890625,114.67225646972656
01a08de9-86d8-71ba-8672-0a6a0e4a9ebb,0197f3df-3c98-721f-bd95-623b83de48dd,412452567,2026-09-10T21:26:33Z,2026-09-11T00:41:27Z,11694,13.805352969585154,4.249980390842017,22.38731575012207,115.89006805419922,22.35692024230957,115.64360046386719
01a0931b-5870-7742-8237-bd22b04b0089,0197f40d-9f98-7684-a76e-fb5ea26a5fe6,413354560,2026-09-11T10:18:23Z,2026-09-12T00:53:58Z,52535,66.90709056877041,4.58485820971873,21.387266159057617,111.43038940429688,21.70615005493164,112.57838439941406
01a0929f-df10-7ff6-86e4-c696f242d99b,01808ba3-6d28-7a44-b8e6-a0413b1f5759,574000650,2026-09-11T00:46:38Z,2026-09-11T22:39:06Z,78748,163.77699796230692,7.48713862782934,7.267146587371826,108.3949966430664,7.895388126373291,105.71712493896484
01a08c40-8228-756a-8bb2-3b9dbe4cf3bb,014e47c1-6308-72a0-8337-ca4c1bb96b41,413906548,2026-09-10T12:54:16Z,2026-09-10T16:57:13Z,14577,16.74437058076019,4.135263366312457,22.359764099121094,113.924560546875,22.251737594604492,113.64665222167969
01a0907c-0128-764d-8c85-c35d8742c585,01a08deb-01c0-7e35-84e4-4783f811e667,414578560,2026-09-11T09:06:49Z,2026-09-11T12:40:41Z,12832,3.315159665513842,0.930063497182811,22.95462417602539,116.86007690429688,22.98213768005371,116.8080825805664
01a08b21-c000-74a4-866d-4f3b074827a2,0198189e-2878-71ea-8398-4b5854ba2abf,413360680,2026-09-10T07:36:06Z,2026-09-10T11:44:00Z,14874,23.79309874808376,5.758716921682233,22.478233337402344,114.60582733154297,22.289714813232422,114.22885131835938
