vessel_id,role,company_name,company_country,start_date
014e554b-d148-7763-b305-81353409f84e,beneficial_owner,CHINA OILFIELD SERVICES LTD COSL,CHINA,
014e46f6-0c58-733c-8b95-f7dbc1cb1b82,beneficial_owner,ORIENT OVERSEAS INTERNATIONAL LTD OOIL,HONG KONG,2009-03-09
014e57f5-4668-70f7-b53f-0862b7111170,beneficial_owner,MSC MEDITERRANEAN SHIPPING CO,SWITZERLAND,2023-11-02
014e46eb-5628-745d-a171-882c035e56cb,beneficial_owner,HAIANTS JSC,VIETNAM,2020-07-27
018808dc-66d0-748d-9014-2fb195da4ec7,beneficial_owner,TS LINES LTD,TAIWAN,2021-08-09
0186086d-d870-7149-ae09-ebc38b6c5e61,beneficial_owner,ZODIAC MARITIME LTD,UNITED KINGDOM,2014-01-28
014e47b3-0f10-7396-ad8c-f9895b1dc774,beneficial_owner,BERGE BULK MARITIME PTE LTD,SINGAPORE,2019-03-12
017f96ad-05e0-7acf-9f46-6e743e4e5b47,beneficial_owner,DYNAGAS LTD,GREECE,2022-07-29
018fe606-9470-733a-af09-07a49bdffead,beneficial_owner,SITC INTERNATIONAL HOLDINGS CO LTD,HONG KONG,2024-07-02
0171c4c2-ec28-7ba1-8fb7-4a481a85bc35,beneficial_owner,YANG MING MARINE TRANSPORT CORP,TAIWAN,2018-11-29
014e4723-5de8-7d30-841f-038683cc90f5,beneficial_owner,FORMOSA PLASTICS MARINE CORP,TAIWAN,2007-03-27
014e46eb-b000-7c8c-9234-86e252ee7ec0,beneficial_owner,CMA CGM SA THE FRENCH LINE,FRANCE,2015-06-12
01668b3c-f198-78d3-88b3-0ddc3e5c2323,beneficial_owner,EVERGREEN MARINE CORP,TAIWAN,2018-12-13
0173c22d-9128-71ed-a5c3-b36891211d96,beneficial_owner,SEVEN SEAS OIL TRADING PTE LTD,SINGAPORE,2020-12-17
014e4789-18e0-79a8-8cab-9c56ecc3c798,beneficial_owner,CHINA MINSHENG BANKING CORP LTD,CHINA,2012-01-01
014e4765-0a68-7871-97ce-96c7a993f26c,beneficial_owner,MSC MEDITERRANEAN SHIPPING CO,SWITZERLAND,2023-07-19
014e4703-a0e8-750c-9e9e-572ba464c4c4,beneficial_owner,SITC INTERNATIONAL HOLDINGS CO LTD,HONG KONG,2019-04-28
0195ea7e-3ac0-70b7-8a42-d5b2cacf4683,beneficial_owner,EVERGREEN MARINE CORP,TAIWAN,2025-05-13
0180873e-3a60-7dee-91ae-c09106db93c2,beneficial_owner,VIETNAM NATIONAL PETROLEUM CORP PETROL,VIETNAM,2016-08-11
014e46eb-17a8-72e8-bf44-12876e7b748e,beneficial_owner,DOUN KISEN K K,JAPAN,2019-01-23
014e47af-f230-76b0-96fe-f184819b7ba4,beneficial_owner,PRECIOUS SHIPPING PCL,THAILAND,2012-12-12
014e4704-3940-7bf1-be90-0cc2cc4fa0e9,beneficial_owner,KAWASAKI KISEN KAISHA LTD,JAPAN,2023-10-18
014e46ee-1160-7277-9436-2417d294aa70,beneficial_owner,MSC MEDITERRANEAN SHIPPING CO,SWITZERLAND,2010-10-11
014e46ea-c1b8-7111-9ffb-6349e70ccbd6,beneficial_owner,COSCO SHIPPING LINES CO LTD,CHINA,2022-03-01
01591a98-1e70-766a-b801-c6bba6ceae44,beneficial_owner,COSMOSHIP MANAGEMENT SA,GREECE,2015-02-17
01742f6b-5770-703c-9e9a-07bb05ee511b,beneficial_owner,SHANGHAI ZHONGGU SHIPPING,CHINA,2016-06-06
014e5233-46a8-7e9c-9ed9-ef1f33cd0b7d,beneficial_owner,YANG MING MARINE TRANSPORT CORP,TAIWAN,2011-01-01
014e4822-3fe8-7cb9-b9e2-7b03ef2e8e60,beneficial_owner,COSCO SHIPPING DEVELOPMENT,CHINA,2014-12-19
014e46ff-9d90-789c-a0e3-61329c05950b,beneficial_owner,REGIONAL CONTAINER LINES PUBLIC CO,THAILAND,1997-01-01
014e46f8-2f38-7225-8e82-f1ad0c03080a,beneficial_owner,MSC MEDITERRANEAN SHIPPING CO,SWITZERLAND,2021-11-29
018088df-c500-7062-81d6-fb3a7097129f,beneficial_owner,VIETNAM TANKER JSC VITACO,VIETNAM,2022-04-12
014e4746-2c10-728d-9bd1-b2fb8fa20e13,beneficial_owner,MSC MEDITERRANEAN SHIPPING CO,SWITZERLAND,2023-05-31
01571494-97a8-7164-9885-870c063d674e,beneficial_owner,HUIZHOU HUAYI RONGSHENG SHIPPING CO LTD,CHINA,2018-12-09
01909542-4678-74b0-81d4-5c5caa09c6b1,beneficial_owner,HONO SHIP INVESTMENTS INC,PANAMA,2024-08-08
018ff08f-6340-7306-9c8c-984c8f53dd2c,beneficial_owner,EUROSEAS LTD,GREECE,2024-06-28
018d25e7-21e8-7de1-9a68-1248f984a255,beneficial_owner,MOLLERMAERSK AS,DENMARK,2024-03-19
014e4acc-5d00-7c44-b22d-c72b6ac772eb,beneficial_owner,SHANDONG INTERNATIONAL TRANSPORTATION CORP,CHINA,2020-03-03
01741ea7-51a0-7a70-8b02-6edc39daccb3,beneficial_owner,CHIMBUSCO,CHINA,2013-01-17
01929a3c-0a18-794b-bc4b-6a25c4102b07,beneficial_owner,TEH SHIPPING LINES CO LTD,TAIWAN,2024-11-01
014e4703-9d00-74c9-a001-e605caa5cca5,beneficial_owner,KOREA MARINE TRANSPORT CO LTD KMTC,REPUBLIC OF KOREA,2006-01-01
014e46f7-8740-784d-a988-f6f202394ad4,beneficial_owner,TRANSMED SHIPPING LTD,GREECE,2007-08-29
01869d7a-33c8-7b98-84a5-d8d8ea2fb139,beneficial_owner,NANJING SHENGHANG SHIPPING CO,CHINA,2023-10-20
018089c4-e928-769b-ad5e-6cc36cf18456,beneficial_owner,GLOBAL TANKER JSC,VIETNAM,2022-11-29
0162e0b1-7120-76a2-ab71-24d15ab691c3,beneficial_owner,NYK LINE,JAPAN,2018-06-06
01826914-7a70-7515-a188-27e0b0dd1a24,beneficial_owner,JIANGSU LINZHOUYANG SHIPPING,CHINA,2022-08-16
014e54bc-3790-7f00-984a-af4d2e801f00,beneficial_owner,SIAM LUCKY MARINE CO LTD,THAILAND,2026-01-20
0172bd3f-8460-7e1e-b34a-8af19ba33786,beneficial_owner,NISSEN KAIUN CO LTD NISSEN KAIUN KK,JAPAN,2020-06-16
0187c5be-74b0-7011-8aa8-6b709b3ffec2,beneficial_owner,SITC INTERNATIONAL HOLDINGS CO LTD,HONG KONG,2021-01-11
015c4781-6b78-78d4-920f-e14be60c7360,beneficial_owner,KOYO KAIUN CO LTDTOKYO,JAPAN,2017-06-16
01716c4b-62a0-7793-a518-84a97d3ff383,beneficial_owner,RUICO GUANGDONG SHIPPING & LOGISTICS CO LTD,CHINA,2021-01-27
014e46eb-7950-74ef-8987-f9fb0e41d563,beneficial_owner,MOLLERMAERSK AS,DENMARK,2015-05-06
015dab79-2e80-7f02-901b-e754787339b8,beneficial_owner,EVERGREEN MARINE CORP,TAIWAN,2015-07-07
016db3ab-4100-73e5-aa4b-7bba72b224a3,beneficial_owner,GOODWILL MARITIME PTE LTD,SINGAPORE,2019-10-30
014e479a-6a78-7442-a413-9444bc1dc2db,beneficial_owner,SITC INTERNATIONAL HOLDINGS CO LTD,HONG KONG,2007-06-08
0194f390-7048-72db-b83a-e07547c3baad,beneficial_owner,EVERGREEN MARINE CORP,TAIWAN,2021-09-06
014e474b-19c8-7dcb-bd44-d296455903ea,beneficial_owner,DONGGUAN HAICHANG SHIPPING CO LTD,CHINA,2024-06-04
017313d7-97b8-7435-8351-abf2f2744171,beneficial_owner,HARMONIZE FIELD PTE LTD,SINGAPORE,2020-07-28
014e46ea-6010-72c7-9456-6f79640304f6,beneficial_owner,MSC MEDITERRANEAN SHIPPING CO,SWITZERLAND,2021-08-05
014e4749-3950-7741-b408-107a034aa030,beneficial_owner,KAWASAKI KISEN KAISHA LTD,JAPAN,
014e46ea-a660-71ed-8025-569c8c8002fc,beneficial_owner,CHINA COMMUNICATIONS CONSTRUCTION CO LTD CCCC,CHINA,2023-08-29
014e46ed-4a28-719e-bf1d-e1b5f0dfa3d2,beneficial_owner,ALPHA BULKERS SHIPMANAGEMENT INC,GREECE,2015-02-09
01851aaf-6b30-78ce-81e3-3dd7e6f390ac,beneficial_owner,SHOEI KISEN KK,JAPAN,2022-03-28
014e46f5-c9f0-7c94-aa1d-2634fa057c1f,beneficial_owner,ANDALAS BAHTERA BARUNA,INDONESIA,2021-04-20
014e4bc8-7040-7968-aece-df1c38d8957a,beneficial_owner,COSCO SHIPPING ENERGY TRANS,CHINA,2016-06-03
0180873c-1b68-70b8-be29-d1cdcd1f2e44,beneficial_owner,COSCO SHIPPING LINES CO LTD,CHINA,2022-10-01
01742ffc-8380-7976-b69f-ea98387beee8,beneficial_owner,KOREA MARINE TRANSPORT CO LTD KMTC,REPUBLIC OF KOREA,2019-03-25
0190159e-72c0-772b-b022-366cc6a69e03,beneficial_owner,WAN HAI LINES LTD,TAIWAN,2024-07-09
018dd685-d2d8-7cbe-8a1f-eaa0d12fd6d1,beneficial_owner,HAIANTS JSC,VIETNAM,2024-04-24
0157f64b-3f08-790e-be6e-e9a8cbb94c3e,beneficial_owner,ZHONGSHAN HONG KONG PASSENGER,CHINA,2018-03-01
0168930a-7678-79d2-b2ab-4dd8389fa023,beneficial_owner,CHARTERWELL MARITIME SA,GREECE,2019-03-27
017f76b0-6ca0-7ba7-a071-3a034c36f1b5,beneficial_owner,JIANGSU COMMUNICATIONS HOLDING CO LTD,CHINA,2022-04-01
018ad9c4-a5d0-7cb4-a700-fd08843aa925,beneficial_owner,EASTERN PACIFIC SHIPPING PTE,SINGAPORE,2023-11-07
01521b61-71c8-7019-88f3-f1bc754af977,beneficial_owner,TMS DRY LTD,GREECE,2017-08-01
0180f4e7-9b88-7ab8-ab23-0f4aa7295c14,beneficial_owner,SITC INTERNATIONAL HOLDINGS CO LTD,HONG KONG,2020-09-07
014e4d75-5520-7e86-8957-21210dc9da64,beneficial_owner,DANAOS SHIPPING CO,GREECE,2008-01-25
014e4723-d318-78aa-93ae-af64a121e297,beneficial_owner,NORTHERN SHIPPING AS,NORWAY,2010-08-20
014e46f0-a1a0-7256-a9cc-9cd3b719985a,beneficial_owner,COSCO SHIPPING LINES CO LTD,CHINA,2013-09-04
014e48e1-1b48-78af-890e-a12b4fc0629a,beneficial_owner,YANG MING MARINE TRANSPORT CORP,TAIWAN,2007-11-01
014e46eb-5df8-7292-8612-52d2638fd04c,beneficial_owner,BANK OF COMMUNICATIONS BOCOM,CHINA,2022-08-18
014e46eb-bbb8-7993-b31b-4fb500457a16,beneficial_owner,ORIENT OVERSEAS INTERNATIONAL LTD OOIL,HONG KONG,2020-06-15
014e473e-8ed8-7a2c-a0d5-82905b1ba436,beneficial_owner,CHINA MERCHANTS ENERGY SHPG,CHINA,2014-11-15
0165aef3-cd10-7903-bcaf-d9395868edf8,beneficial_owner,ZHONGSHAN HONG KONG PASSENGER,CHINA,2018-10-05
017bbeba-5e10-7597-bb5b-7266002e615e,beneficial_owner,DOUN KISEN K K,JAPAN,2021-10-18
01924a9c-d488-7b40-a7d7-1d7764223d1c,beneficial_owner,NAMSUNG SHIPPING CO LTD,REPUBLIC OF KOREA,2024-10-23
014e4766-3b18-7875-b6d8-f7f3863de71e,beneficial_owner,NYK LINE,JAPAN,2015-07-28
015cf6ce-b180-721d-8e5d-9cbf672d545c,beneficial_owner,TS LINES LTD,TAIWAN,2015-07-06
0180b67e-6f48-72ad-a2d5-da5870e9e0cf,beneficial_owner,OCEAN NETWORK EXPRESS PTE LTD,SINGAPORE,2022-06-21
014e4c1d-1c08-7738-aba6-1b82a7d573aa,beneficial_owner,ORIENT OVERSEAS CONTAINER LINE,HONG KONG,2015-01-07
014e46f9-f070-79cf-a08a-9a8c3eea17c5,beneficial_owner,SINOTRANS SHIPPING LTD HONG KONG,CHINA,2012-01-06
014e46f2-a928-70ec-9c30-f36197e0efb7,beneficial_owner,WAN HAI LINES LTD,TAIWAN,2005-11-13
0183a85e-8bc0-7247-b018-f85148f716a0,beneficial_owner,TOEI HOLDINGS LTD,JAPAN,2022-10-26
018c3813-8e98-73d4-81d7-723f6a75f8fd,beneficial_owner,HLINE SHIPPING CO LTD,REPUBLIC OF KOREA,2021-06-21
018325b7-72b8-7500-864c-16bbab7cf7fe,beneficial_owner,CHINA COSCO SHIPPING CORP LTD,CHINA,2022-10-18
014e53df-73f0-75ab-beaf-c39906a01e15,beneficial_owner,LEGENDSEA CO LTD,VIETNAM,2022-02-03
014e4aac-d2c8-7c4b-8e2f-f7a95db4bf48,beneficial_owner,WILHELMSEN SHIP MGMT SDN BHD,MALAYSIA,2022-11-03
014e58b4-77b8-7cf9-ac3d-06ccc8b463a0,beneficial_owner,CMA CGM SA THE FRENCH LINE,FRANCE,2009-03-19
014e46f1-8c00-70fc-aae1-0b4d2609e684,beneficial_owner,FRANBO LINES CORP,TAIWAN,2021-11-30
014e48d5-8a58-7efd-b1dd-efc63cd0bcaf,beneficial_owner,MITSUI & CO LTD,JAPAN,2014-08-07
0174aed2-be68-7561-ba05-65475d20b9c1,beneficial_owner,YANG MING MARINE TRANSPORT CORP,TAIWAN,2018-11-29
014fa192-1e80-7ce2-a81b-e82042ab1d0e,beneficial_owner,HUIZHOU HUAYI RONGSHENG SHIPPING CO LTD,CHINA,2018-08-29
014e46ec-f820-7ef1-8ef4-06b5829960dd,beneficial_owner,KOREA MARINE TRANSPORT CO LTD KMTC,REPUBLIC OF KOREA,2005-01-01
014e46ec-d8e0-7703-b992-ada4eaa3980d,beneficial_owner,COSTAMARE SHIPPING CO SA,GREECE,2006-06-08
019aae34-0c70-7ed4-bede-0a84f2fafa3f,beneficial_owner,VIETNAM NATIONAL COALMINERAL,VIETNAM,2021-12-31
014e46ea-e4e0-7df8-a473-524471254f95,beneficial_owner,MSC MEDITERRANEAN SHIPPING CO,SWITZERLAND,2023-12-28
014e4702-9360-749a-86f3-a6f94e303949,beneficial_owner,GOLDEN UNION SHIPPING CO SA,GREECE,2017-10-03
018804ce-9338-70a5-9743-2145387e80b5,beneficial_owner,IOLCOS HELLENIC MARITIME ENTERPRISES CO LTD,GREECE,2023-06-08
014e5dd9-4548-72e4-ad11-419135092418,beneficial_owner,NHAT VIET TRANSPORTATION CORP,VIETNAM,2024-04-10
0191dee3-ed08-74bc-a89e-8e6ca4261823,beneficial_owner,SITC INTERNATIONAL HOLDINGS CO LTD,HONG KONG,2024-09-27
014e4879-2dd0-7787-8333-072d18618487,beneficial_owner,PACIFIC SHIPPING TRUST,SINGAPORE,2006-05-26
014e46f1-41c8-7492-a374-c310539bbdd3,beneficial_owner,COSCO SHIPPING LINES CO LTD,CHINA,2022-06-30
0188171e-2e90-7f57-ad2d-8e0ea9a7cb8a,beneficial_owner,JINYU SHIPPING CO,JAPAN,2025-09-08
0166c31b-4fd8-7954-853e-d16ad11cf25e,beneficial_owner,COSCO SHIPPING LINES CO LTD,CHINA,2018-12-11
014e46f2-0518-7aae-ad05-c0edc1b2835b,beneficial_owner,AST INC ADVANCED STORAGE & TRANSPORTATION,JAPAN,2006-09-19
018ef4af-f4e0-79e0-bc17-a17654e787cd,beneficial_owner,JIC LEASING CO LTD,CHINA,2024-05-21
014e4712-ac78-7cb1-a0e9-63525ff1b143,beneficial_owner,FPMC LORD MARINE CORP,LIBERIA,2011-05-09
018354c2-f370-70ea-b61b-a6937ee2e94c,beneficial_owner,SEASPAN CORP,CANADA,2021-03-08
014e4a74-b398-7337-b506-1a321806c77f,beneficial_owner,MARMARAS NAVIGATION LTD,GREECE,2013-02-22
014e46ea-2578-78ab-b72f-04e15fa31da8,beneficial_owner,DAIICHI CHUO NAIKKO KAISHA,JAPAN,2014-03-01
014e473a-aea8-7119-93ec-0546caaece51,beneficial_owner,SHANGHAI DINGHENG SHPG TECH,CHINA,2023-03-28
014e46f7-4ca8-71d8-b8c3-6bcedb3c1f85,beneficial_owner,GALAXY SHIP MANAGEMENT CO LTD,SEYCHELLES,2021-07-01
01656896-c908-7518-b1ab-1d4a20402f85,beneficial_owner,TIANJIN SOUTHWEST MARITIME LTD,CHINA,2026-01-15
014e47fb-b8a0-7bc6-a07a-1c789f2c35c5,beneficial_owner,CMA CGM SA THE FRENCH LINE,FRANCE,2020-01-01
014e46f8-2b50-7fa5-837c-4f35983b7791,beneficial_owner,CHINA COSCO SHIPPING CORP LTD,CHINA,2024-04-26
014e473a-ba60-76a8-ba0a-229427be2f9b,beneficial_owner,GLOBAL SHIP LEASE INC GSL,UNITED KINGDOM,2021-04-26
017e474d-4f60-7c86-ac60-8a323b839817,beneficial_owner,CMB FINANCIAL LEASING CO LTD,CHINA,2022-03-04
0197f3d7-1e78-76cf-88f5-3a0b8d58f2d2,beneficial_owner,SHENGHANG HAOYUAN SHIPPING CO LTD,CHINA,2025-11-05
014e46fc-80b0-71a9-9efe-83d63703b7f9,beneficial_owner,COSCO SHIPPING LINES CO LTD,CHINA,2023-02-01
01584237-05a0-7bf9-94f2-bb851567d175,beneficial_owner,CHINA COSCO SHIPPING CORP LTD,CHINA,2016-02-19
014e46ea-cd70-7431-8760-73049cc13c2e,beneficial_owner,VIETNAM NATIONAL PETROLEUM CORP TONG CONG TY XANG DAU PETROLIMEX,VIETNAM,2007-04-02
017b9f11-a190-792f-90ae-37347728cfbd,beneficial_owner,WAN HAI LINES LTD,TAIWAN,2018-11-22
01798203-0e88-7529-8df7-4f6de7f7f4e5,beneficial_owner,TAYLOR MARITIME HK LTD,HONG KONG,2021-05-31
014e47a6-ce58-73ed-8c5b-8015969c2d61,beneficial_owner,MTT & PRIORITY GROUP,MALAYSIA,2015-02-12
014e47c3-9588-7914-9a71-4af09b458f02,beneficial_owner,PACIFIC INTERNATIONAL LINES,SINGAPORE,2011-01-25
016bc1bb-19e8-70bb-8148-7e82c3937fd1,beneficial_owner,GOODWILL MARITIME PTE LTD,SINGAPORE,2019-09-10
01690a3c-12d8-7d39-9474-0a6e55e3ab59,beneficial_owner,THANH THANH DAT CO LTD,VIETNAM,2023-02-13
014e4d9c-f5a8-7b6b-b31f-7baed2b6e205,beneficial_owner,WAN HAI LINES LTD,TAIWAN,2011-09-05
014e4765-3560-7f44-8802-7df809a1039c,beneficial_owner,TANTO INTIM LINES PT,INDONESIA,2025-04-01
014e4738-4578-7441-81c8-a65399916b34,beneficial_owner,PACIFIC INTERNATIONAL LINES,SINGAPORE,2012-08-28
0186fcb3-00b8-78d7-9b36-5d94c1a32e8b,beneficial_owner,SHANGHAI ZHONGGU LOGISTICS CO,CHINA,2023-04-11
014e4952-28b0-7c11-9eab-3e80bf556786,beneficial_owner,COSCO SHIPPING LINES CO LTD,CHINA,1998-11-20
014e4990-e730-766a-8989-c902c4e4876c,beneficial_owner,WISDOM MARINE LINES SA,TAIWAN,2013-10-07
014e4820-5f70-7b0c-9dba-118f378724b6,beneficial_owner,SHANGHAI JINJIANG SHPG GROUP,CHINA,2020-08-06
014e46fb-ec40-75ba-a172-0ff73c850ad9,beneficial_owner,CHINA INTERNATIONAL MARINE,CHINA,2015-03-16
014e47d6-bfc8-7437-8cc5-18071b1728e5,beneficial_owner,MSC MEDITERRANEAN SHIPPING CO,SWITZERLAND,2022-06-27
014e4764-1450-71f1-855a-dbacee228508,beneficial_owner,SINOCHEM INTERNATIONAL CORP,CHINA,2010-04-16
014e49d4-be60-7294-b185-fd093a7ffbf2,beneficial_owner,TOYOFUJI SERASI INDONESIA,INDONESIA,1998-01-01
014e511d-fa60-775a-91a8-197d0ddb7272,beneficial_owner,CIMC FINANCIAL LEASING HONG KONG LTD,CHINA,2023-09-22
014e47c5-bc50-78b2-9259-ed0651cba72e,beneficial_owner,GLOBAL SHIP LEASE 72 LLC,LIBERIA,2023-06-02
014f731c-2708-7481-bb99-cd6f56a73a4c,beneficial_owner,PACIFIC INTERNATIONAL LINES,SINGAPORE,2012-08-28
0150e9d9-0b58-7342-a1cc-77d29348175b,beneficial_owner,MARMARAS NAVIGATION LTD,GREECE,2018-10-04
0170f5f8-56d0-7528-9287-6acd738aced4,beneficial_owner,NISSEN KAIUN CO LTD NISSEN KAIUN KK,JAPAN,2020-04-23
0170566d-e6c0-7e33-bf35-f40c6adf3cbf,beneficial_owner,NISSEN KAIUN KK,JAPAN,2020-06-01
01906daf-4b38-7f54-802f-f27cb9e2696b,beneficial_owner,NANJING SHENGHANG SHIPPING CO,CHINA,2024-08-07
014e51eb-ba40-75a0-ab63-8c61f88aa9f3,beneficial_owner,DYNACOM TANKERS MANAGEMENT LTD DTM,GREECE,2009-04-15
014e46f7-d560-7cea-bf0d-a8c769b42771,beneficial_owner,MITSUI OSK LINES LTD,JAPAN,2018-02-01
014e4712-27a8-7760-a69e-c9c066ae2b67,beneficial_owner,MSC MEDITERRANEAN SHIPPING CO,SWITZERLAND,2022-09-08
01808741-10f0-7fe8-8e2a-7d0df334a7d6,beneficial_owner,AULAC CORP,VIETNAM,2015-08-25
014e46f8-2768-7c76-9026-716af6cb7730,beneficial_owner,VELOS DRY LTD,GREECE,2025-09-23
014e46e9-f698-7565-a193-233459c73e9c,beneficial_owner,CHINA COSCO SHIPPING CORP LTD,CHINA,2024-04-26
014e46ed-84c0-787d-88b9-3533aad6a811,beneficial_owner,HOANH SON GROUP JSC CONG TY CP TAP DOAN HOANH,VIETNAM,2021-01-11
014e481a-2998-7a67-b544-8e833607ced2,beneficial_owner,GLOBAL SHIP LEASE INC GSL,UNITED KINGDOM,2011-01-20
0187c610-1338-7628-afe5-2b30c342c540,beneficial_owner,WAN HAI LINES LTD,TAIWAN,2021-02-01
014e4765-50b8-7402-b1d2-c57b37ff623f,beneficial_owner,KASUGA SHIPPING CO,JAPAN,2011-12-14
015f7a09-74e8-7d85-8bc9-025588443da9,beneficial_owner,GALAXY SHIPPING CORP,TAIWAN,2017-12-27
014e5291-fcc0-702d-b30e-60b90f1c38c3,beneficial_owner,MAERSK TANKERS,DENMARK,2020-10-01
01742d64-b9d0-71f0-bb35-075c0dbbd55a,beneficial_owner,GUANGXI WUZHOU TONGZHOU SHIPPING TRANSPORT CO LTD,CHINA,2018-08-01
01732d87-fe50-7080-bd75-99b0839c1053,beneficial_owner,SITC INTERNATIONAL HOLDINGS CO LTD,HONG KONG,2018-07-02
014e95d4-8de0-775f-ad6c-8a007250765f,beneficial_owner,AN TIEN MANH CO LTD,VIETNAM,2021-06-02
014e4cf4-f5d8-768f-ae30-47bedbe9005f,beneficial_owner,NYK LINE,JAPAN,2017-03-01
014e46eb-e6b0-78cd-988c-00eeb2cfda5a,beneficial_owner,MERCURY LINES CO LTD,VIETNAM,2026-04-10
0164161b-43f8-7e25-af1b-a750c429f7ac,beneficial_owner,EVERGREEN MARINE CORP,TAIWAN,2015-07-07
014e4802-d8d8-7d60-8f5b-401f18fe0192,beneficial_owner,SHANGHAI DINGHENG SHPG TECH,CHINA,2022-05-12
014e46fe-16f0-7648-a8a3-d2ff1c537511,beneficial_owner,D&S CO LTD,TAIWAN,2012-03-28
017b7707-b518-7c11-9250-5f0e2073d9c5,beneficial_owner,YANG MING MARINE TRANSPORT CORP,TAIWAN,2018-11-29
0175684c-95f8-7bee-815a-4897d2879a20,beneficial_owner,WAN HAI LINES LTD,TAIWAN,2018-11-22
014e4edd-c2a8-72ea-abb6-d3a823a7ec9e,beneficial_owner,D&S CO LTD,TAIWAN,2005-04-19
014e46ff-95c0-747c-bc6e-f5d60e33f03f,beneficial_owner,GUANGXI WUZHOU SHIPYARD,CHINA,2013-01-16
016ef936-7108-7be5-bc1d-539eafd1b6f2,beneficial_owner,KOTOKU KAIUN CO LTD,JAPAN,2020-01-21
017a45e0-3f10-70e5-bfcc-1535128fa7b2,beneficial_owner,SHOEI KISEN KK,JAPAN,2021-07-21
016e8723-e190-7d1b-ac93-896c0c032561,beneficial_owner,KYOWA KISEN CO LTD,JAPAN,2020-01-20
014e46eb-9c78-7871-b59d-4bf0982d4780,beneficial_owner,EVERGREEN MARINE CORP,TAIWAN,2004-06-30
014e4ad4-11a8-7ad2-ade3-78f54f72bcab,beneficial_owner,SHANGHAI CHANGJIANG SHIPPING CORP,CHINA,2012-06-27
0186e7b8-4678-7c50-ab9f-c0f4416a2815,beneficial_owner,MINERVA DRY INC,MARSHALL ISLANDS,2024-08-01
016ecfb5-da80-7a9f-a5c5-f6d1a2eea12b,beneficial_owner,TOEI JAPAN LTD,JAPAN,2020-04-21
018cc253-95f8-7237-8961-f17dfe34cce0,beneficial_owner,EUROBULK LTD,GREECE,2020-04-23
0186949e-f9a0-7a83-b50a-c1b6dbd5b1f4,beneficial_owner,NYK LINE,JAPAN,2014-04-24
0164a664-a8a0-7585-b005-d50d5bb1557c,beneficial_owner,EVERGREEN MARINE CORP,TAIWAN,2015-07-07
014e4752-5d28-778d-9d19-29ef5cdd0588,beneficial_owner,ORIENTAL SHIPPING & TRADING JSC,VIETNAM,2017-10-09
014e48b7-d4e0-7b67-8bf0-53e4d9b3dd8b,beneficial_owner,MINH TUAN TRANSPORT & TRADING,VIETNAM,2015-01-01
0166c28a-46f0-7017-a14a-674c4f8a9a56,beneficial_owner,CHIMBUSCO PAN NATION SHIPPING,CHINA,2018-12-05
016bc093-5ee0-7663-a1dc-ae66d07acdca,beneficial_owner,MTT SHIPPING SDN BHD,MALAYSIA,2019-08-19
019279d4-9178-7e44-bf55-e536c1c60c25,beneficial_owner,EVERGREEN MARINE CORP,TAIWAN,2021-09-06
014e4879-2600-7f82-ac09-bc14b5dd53ec,beneficial_owner,MSC MEDITERRANEAN SHIPPING CO,SWITZERLAND,2010-04-15
0174f99d-caf0-787f-bd05-20458ecaccb9,beneficial_owner,SHOEI KISEN KK,JAPAN,2020-09-29
0175f799-df90-786c-a0db-face2f2014c5,beneficial_owner,PAN OCEAN SHIPPING CO,REPUBLIC OF KOREA,2020-06-29
01808739-5478-7059-a81e-d5f26a9e6269,beneficial_owner,HAIANTS JSC,VIETNAM,2022-04-01
014e46ef-70f0-70ee-94eb-2e50e66933c9,beneficial_owner,ORIENT OVERSEAS CONTAINER LINE,HONG KONG,2015-11-23
0175773b-dbc8-73cc-af1e-8a73d7ff9bd9,beneficial_owner,WAN HAI LINES LTD,TAIWAN,2018-11-22
017195c5-8ca0-7503-a725-c826a5fc128d,beneficial_owner,YANG MING MARINE TRANSPORT CORP,TAIWAN,2018-11-29
0180874e-a198-7e2a-b1b8-a3684b382ff9,beneficial_owner,NISSEN KAIUN KK,JAPAN,2020-04-21
01926a45-3730-7381-9acb-074f84e2e999,beneficial_owner,EVERGREEN MARINE CORP,TAIWAN,2021-09-06
014e4d99-4070-703c-ad99-e85813dd73a2,beneficial_owner,MITSUBISHI CORP,JAPAN,2014-03-01
016b4973-9118-70c5-a5ce-3696e0654b65,beneficial_owner,KYOSEI KISEN KK,JAPAN,2015-08-18
014e481d-90b0-7b25-89fa-efde8755eb9a,beneficial_owner,TVL MARINE CO LTD,TAIWAN,2015-01-15
014e4a96-a318-7178-8b60-7b4c12e232ea,beneficial_owner,AULAC CORP,VIETNAM,2023-05-16
015a5927-4c00-7f86-9553-a82ca87d6414,beneficial_owner,SANSHO KAIUN CO LTD,JAPAN,2017-03-28
014e5109-ab28-7370-a41f-f35fc08e556e,beneficial_owner,LEONHARDT & BLUMBERG SCHIFFAHRTSGESELLSCHAFT,GERMANY,2020-10-21
014e46ee-f008-79ec-a55d-109042a99940,beneficial_owner,PACIFIC INTERNATIONAL LINES,SINGAPORE,2018-03-23
0187bb13-3190-78a1-9389-0c4f7ad32bb0,beneficial_owner,TIANJIN SOUTHWEST MARITIME LTD,CHINA,2023-07-10
014e47ca-dcd0-7fb9-b3b9-88a7b5e6fb36,beneficial_owner,MSC MEDITERRANEAN SHIPPING CO,SWITZERLAND,2021-09-03
014e4895-4920-76de-933a-3d9fdee518bc,beneficial_owner,ORIENT OVERSEAS INTERNATIONAL LTD OOIL,HONG KONG,2022-06-08
01891a4d-4190-7a25-b98a-fc9eae5131b0,beneficial_owner,WAN HAI LINES LTD,TAIWAN,2021-11-01
014e47c3-dbd8-7850-8dec-4774f16e3f39,beneficial_owner,ORIENT OVERSEAS CONTAINER LINE,HONG KONG,2020-06-16
017c4f89-1f58-7872-a880-c93e521978dc,beneficial_owner,HISAFUKU KISEN KK,JAPAN,2021-11-04
014e47ca-9298-7f00-9930-33caae3beeb3,beneficial_owner,VIET THUAN TRANSPORT CO LTD,VIETNAM,2023-11-27
014e4c19-5730-78b7-8cb5-50a525647b1b,beneficial_owner,DANAOS SHIPPING CO,GREECE,2007-11-27
014e4820-1920-7043-9e64-380d7d80b1f5,beneficial_owner,EVERGREEN MARINE CORP,TAIWAN,2010-07-02
014e4776-a250-7aa1-b5b8-506d0ae81148,beneficial_owner,COSCO SHIPPING DEVELOPMENT,CHINA,2022-03-01
017c1419-1e78-713c-a068-b1152c89eb29,beneficial_owner,MIDAS LINE SA,PANAMA,2021-10-26
014e470b-1ee0-7c1e-add7-e9a30b4b9eee,beneficial_owner,KEISHIN KAIUN CO LTDEHIME,JAPAN,2012-05-23
01815c01-6420-7eef-8455-605a26b9b696,beneficial_owner,SITC INTERNATIONAL HOLDINGS CO LTD,HONG KONG,2020-09-07
014e4c00-e560-7dc0-a27c-b2024c0c0500,beneficial_owner,COSCO SHIPPING CO LTD COSCOL,CHINA,2006-07-18
014e46ec-ec68-7d4f-b6d5-1861401a4ff4,beneficial_owner,WAN HAI LINES LTD,TAIWAN,2008-01-02
014e46ed-abd0-790b-bc9c-75eb686334ba,beneficial_owner,BEIBU GULF SHIPPING LTD,CHINA,2023-09-26
014e4764-bc48-7502-b0cb-a0c99f7af9ba,beneficial_owner,EUROSEAS LTD,GREECE,2019-11-18
014e4721-8540-7124-868e-227ca5604c1e,beneficial_owner,TAIWAN GOVT,TAIWAN,2011-10-17
015d4233-d740-70f8-800a-09fc05445914,beneficial_owner,CHIMBUSCO,CHINA,2017-07-06
014e47ab-a0b8-747b-bf0b-25a9c1710d33,beneficial_owner,MPC CONTAINER SHIPS ASA,NORWAY,2024-02-16
01928e45-9da0-7fab-b96d-b98e369dae5b,beneficial_owner,CMA CGM SA THE FRENCH LINE,FRANCE,2024-12-25
014e46ea-c988-7105-9216-17ecade86523,beneficial_owner,AULAC CORP,VIETNAM,2023-03-28
01850e7b-74d0-7beb-8da4-e8a78aa23163,beneficial_owner,TRANSFAR SHIPPING PTE LTD,SINGAPORE,2022-10-27
014e46fb-30c0-7e40-9e20-0a9b995cd35b,beneficial_owner,MSC MEDITERRANEAN SHIPPING CO,SWITZERLAND,2024-11-28
018dd856-58d0-74a8-b8c9-cc4eb053c14c,beneficial_owner,SHANGHAI ZHONGGU LOGISTICS CO,CHINA,2024-04-02
014e479b-a6e0-75ab-a181-0d10e04f25b5,beneficial_owner,DP WORLD,UNITED ARAB EMIRATES,2025-12-31
014e473e-b9d0-7847-bc2b-ba94b2aa925a,beneficial_owner,COSCO SHIPPING LINES CO LTD,CHINA,2001-03-28
01808beb-3bf8-7111-8a16-5c65496752ed,beneficial_owner,MINH TUAN TRANSPORT & TRADING,VIETNAM,2019-05-29
0183d4c5-3ad8-7c8d-83bb-fd3adcb4f530,beneficial_owner,WAN HAI LINES LTD,TAIWAN,2021-02-01
014e46ea-b218-7cce-b92d-5c1a86c58f8a,beneficial_owner,HACT LTD,VIETNAM,2022-03-01
015c3877-d748-7bed-a3b4-efef4d7c0546,beneficial_owner,GUANGDONG ENERGY GROUP,CHINA,2017-06-19
014e48c8-b918-7a89-90fc-e501618109d4,beneficial_owner,MERATUS LINE,INDONESIA,2017-11-13
018454a3-c9b8-787e-84f8-7ba948b7d6c8,beneficial_owner,WAN HAI LINES LTD,TAIWAN,2021-02-01
014e4747-35b0-7c5b-9e16-8ef96f7f7f2a,beneficial_owner,ORIENT OVERSEAS CONTAINER LINE,HONG KONG,2022-03-14
014e46ea-c5a0-7f7f-9f0a-49cf25953202,beneficial_owner,HAIANTS JSC,VIETNAM,2021-04-30
0163a825-8bd8-748a-90c3-5f4becb3c512,beneficial_owner,TODA KISEN K K,JAPAN,2015-04-14
014e46ea-fc50-75fe-8951-906430f4b31a,beneficial_owner,BERGE BULK LTD,BERMUDA,2021-02-15
018a3b4a-6188-7f97-84d5-f98323f9fbbf,beneficial_owner,EASTERN PACIFIC SHIPPING PTE,SINGAPORE,2023-10-31
01808739-7b88-7028-beda-024906088ebe,beneficial_owner,HAIANTS JSC,VIETNAM,2017-05-08
014e46f4-00e8-795f-807b-85d9d87b0c6b,beneficial_owner,MSC MEDITERRANEAN SHIPPING CO,SWITZERLAND,2022-08-21
018b8370-b6a0-74d3-95db-709ced7d5134,beneficial_owner,CAPITAL MARITIME & TRADING,GREECE,2024-03-12
01808738-d778-73df-8c53-c5db699ffecf,beneficial_owner,RUICO GUANGDONG SHIPPING & LOGISTICS CO LTD,CHINA,2014-10-23
017520f2-32a8-774f-af52-f4fe139140fd,beneficial_owner,JOHN SWIRE & SONS LTD,UNITED KINGDOM,2018-01-15
014e5611-9248-7316-9ac0-554324526b13,beneficial_owner,PAN OCEAN SHIPPING CO,REPUBLIC OF KOREA,2009-08-13
014e46ef-bf10-7546-af3e-64b9a2702183,beneficial_owner,HARBOURLINK GROUP BHD,MALAYSIA,2024-06-11
014e46f1-45b0-78fa-8f6a-88f2504cf80f,beneficial_owner,MARMARAS NAVIGATION LTD,GREECE,2016-05-05
0159b56a-9068-7585-ab5e-a92faa78d915,beneficial_owner,DONGJIN SHIPPING CO LTD,REPUBLIC OF KOREA,2017-02-10
01932ea0-c748-7c86-80a5-a89d58efa090,beneficial_owner,EVERGREEN MARINE CORP,TAIWAN,2021-09-06
014e483d-6cf0-7653-bac1-81dcf78150d2,beneficial_owner,DANAOS SHIPPING CO,GREECE,2007-11-05
01846955-a7a0-7658-a511-563f3b62e93a,beneficial_owner,SITC INTERNATIONAL HOLDINGS CO LTD,HONG KONG,2021-06-22
017ed7d6-9f50-7bf3-a2fe-cb3d7edddaf0,beneficial_owner,EASTERN PACIFIC SHIPPING PTE,SINGAPORE,2025-12-18
014e46eb-8120-7d4e-a319-738c373c8ec7,beneficial_owner,MPC CONTAINER SHIPS ASA,NORWAY,2018-02-09
014e4a7c-c600-7683-9fc6-fcae26221f8c,beneficial_owner,WAN HAI LINES LTD,TAIWAN,2003-09-02
01851185-f998-7314-a95c-a26bf55395f9,beneficial_owner,DANDONG MARINE SHIPPING CO LTD,CHINA,2023-05-01
01903c43-3988-7bf7-80ed-26f406f33899,beneficial_owner,NAMSUNG SHIPPING CO LTD,REPUBLIC OF KOREA,2015-09-25
014e4a95-2830-7920-8d1e-5937d3b365c6,beneficial_owner,FENG SEA SHIPPING PTE LTD,SINGAPORE,2024-03-06
016684dd-0040-7554-9d8b-620e1ab51fec,beneficial_owner,EVERGREEN MARINE CORP,TAIWAN,2015-07-07
0172c080-d868-791f-9264-947611a7a328,beneficial_owner,NISSEN KAIUN CO LTD NISSEN KAIUN KK,JAPAN,2020-07-07
0190252a-ac40-7f56-b58a-ddba78a59d95,beneficial_owner,CSSC HONG KONG SHIPPING CO LTD,HONG KONG,
014e50ef-ddb0-749d-8e22-58c49afa383f,beneficial_owner,MAERSK AS,DENMARK,2016-03-08
01872aac-a028-72ad-913d-d3eed3c62efa,beneficial_owner,CIDO SHIPPING AND TRADING CO,HONG KONG,2006-10-30
014e46ee-d0c8-7ccd-8d6d-db08140151c3,beneficial_owner,GOLDEN UNION SHIPPING CO SA,GREECE,2010-07-09
014e46eb-5240-76b2-9d63-11229f2d1a9a,beneficial_owner,LEGENDSEA CO LTD,VIETNAM,2024-08-27
0156fdfd-ffe8-7fdc-b53f-daa2aa9f4c3d,beneficial_owner,CENTURY BULK CARRIERS MGMT CO,GREECE,2024-01-18
019706c8-4a58-782f-9663-3e45bb10d00a,beneficial_owner,FUJIAN ZHONGHANG SHIPPING CO LTD,CHINA,2025-11-03
014e46f7-4ca8-750c-ac1b-c6d5d79b38f4,beneficial_owner,COSTAMARE INC,MARSHALL ISLANDS,2012-02-09
014e46ea-92d8-731c-a9e8-e43486383aab,beneficial_owner,COSCO SHIPPING LINES CO LTD,CHINA,2022-03-01
014e4ee3-aa60-7770-9bc2-a14bd3bb195c,beneficial_owner,NHAT VIET TRANSPORTATION CORP,VIETNAM,2026-01-16
014e46f0-c8b0-7a7b-9c7b-ad07c39caa5d,beneficial_owner,EVERGREEN MARINE CORP,TAIWAN,2010-07-02
014e5787-88a8-7baa-9092-1859787b31d0,beneficial_owner,MAPLE LEAF SHIPPING CO LTD,CHINA,2012-11-28
014e491c-cc88-7abb-9468-967a22feec68,beneficial_owner,CK LINE CO LTD,REPUBLIC OF KOREA,2013-08-12
014e46eb-61e0-7690-a4f0-542b8c054b36,beneficial_owner,HAI DANG MARINE CO LTD,VIETNAM,2021-10-28
01502a70-4808-7460-80b4-6cbe30b2c562,beneficial_owner,HAPAG-LLOYD AG,GERMANY,2023-02-01
01893651-1da8-7df8-908f-660f8c522664,beneficial_owner,TS LINES LTD,TAIWAN,2023-08-28
014e46f2-4b68-72d9-85f4-7e4c094d0ed7,beneficial_owner,EVERGREEN MARINE CORP,TAIWAN,2010-07-02
0177ec3d-95b8-725f-9013-fa953cbb19f4,beneficial_owner,SHOKUYU TANKER CO,JAPAN,2020-07-06
01876e75-ddd8-7f33-9bd5-a9df3063982d,beneficial_owner,ORIENT OVERSEAS CONTAINER LINE,HONG KONG,2023-07-03
014e5338-c7f8-7dc6-a307-9592a6368114,beneficial_owner,TAN CANG SAIGON CO CONG TY TAN CANG SAIGON,VIETNAM,2020-07-15
014e4a26-d9e8-713a-8ea8-e44d56fb0551,beneficial_owner,NYK LINE,JAPAN,2009-11-17
01961a03-e4e8-7007-8c4b-4d90c3d85e34,beneficial_owner,ZHEJIANG ORIENTAL INTL SHPG,CHINA,2025-04-25
014e556c-2a88-70fa-88b2-2af4724e2acc,beneficial_owner,FENG SEA SHIPPING PTE LTD,SINGAPORE,2024-11-18
014e46f7-c1d8-7b57-9145-85292ff77e12,beneficial_owner,PETROLIMEX TANKER CORP,VIETNAM,2016-06-29
014e481f-de88-7177-8203-1c3b98cdecfd,beneficial_owner,EVERGREEN MARINE CORP,TAIWAN,2010-07-02
0192d664-fab8-76fc-9169-4f4f2f4fe4c1,beneficial_owner,SINOKOR MERCHANT MARINE CO LTD,REPUBLIC OF KOREA,2022-04-28
014e479a-7630-7f7c-a485-9b1803e80d74,beneficial_owner,MSC MEDITERRANEAN SHIPPING CO,SWITZERLAND,2023-05-03
0156ba5c-ff00-71ef-ad7f-718c2cc07825,beneficial_owner,BEAUFORT SHIPPING LTD,GREECE,2016-11-15
015730be-7250-7ddf-9b18-fbbe987cd4a9,beneficial_owner,MITSUI OSK LINES LTD,JAPAN,2016-11-02
01975d1e-5370-7169-a32d-8d2d75cb63e6,beneficial_owner,CK LINE CO LTD,REPUBLIC OF KOREA,2025-07-31
014e4896-7db8-702c-9a73-0e3ab7fcbf79,beneficial_owner,KCTC,REPUBLIC OF KOREA,2017-02-01
014e46f1-8fe8-7156-a9e7-fb665a74897c,beneficial_owner,LASKARIDIS MARITIME SA,PANAMA,2014-12-01
0153bbde-acf0-76e1-924a-c14b81eb1ce8,beneficial_owner,PRECIOUS SHIPPING PCL,THAILAND,2013-12-23
017bde1f-37a8-7957-9982-6202791d7fa2,beneficial_owner,SHOEI KISEN KK,JAPAN,2021-10-11
014e4c56-6030-7001-81b7-8d99b454dbc3,beneficial_owner,COSCO SHIPPING ENERGY TRANS,CHINA,2016-06-03
0189c395-25d8-7c4c-916f-c69a2680547e,beneficial_owner,EVERGREEN MARINE CORP,TAIWAN,2023-09-11
018fc9b5-86a0-70eb-b3c6-fd7e2b15e3b3,beneficial_owner,ASEAN SEAS LINE CO LTD,CHINA,2024-06-19
014eb048-dcd0-7fc2-830b-32afed977f65,beneficial_owner,MSC MEDITERRANEAN SHIPPING CO,SWITZERLAND,2024-10-07
01874625-ff20-7bbf-b4f1-fddea3f5e25e,beneficial_owner,SITC INTERNATIONAL HOLDINGS CO LTD,HONG KONG,2021-06-22
014e479c-ef00-714e-8834-f01cf5c923ef,beneficial_owner,COSCO SHIPPING LINES CO LTD,CHINA,2017-12-01
014e46fb-05c8-7292-9f98-f6f12ce2e56b,beneficial_owner,HAIANTS JSC,VIETNAM,2021-03-05
014e4bd9-a298-7028-9b0b-ec6010be6cae,beneficial_owner,NANJING SHENGHANG SHIPPING CO,CHINA,2023-01-08
014e489a-dae8-7a2a-bddd-def5a4fe4f19,beneficial_owner,NANJING SHENGHANG SHIPPING CO LTD,CHINA,2023-09-26
017592a5-c1d0-79b2-b91b-6eb77db2215a,beneficial_owner,KOREA MARINE TRANSPORT CO LTD KMTC,REPUBLIC OF KOREA,2019-03-25
01909532-b230-70e5-a554-61a4276c0459,beneficial_owner,CMA CGM SA THE FRENCH LINE,FRANCE,2024-08-22
018abca9-1828-7b91-87aa-8e39a47851e3,beneficial_owner,SANTOKU SENPAKU CO LTD,JAPAN,2018-10-22
01993772-2eb0-7deb-a945-3f0525d2577c,beneficial_owner,EVERGREEN MARINE CORP,TAIWAN,2021-09-06
015b26eb-fe60-7222-bbae-2f07bac18e01,beneficial_owner,SHOKUYU TANKER CO,JAPAN,2015-06-05
017d7f44-bcd8-740f-af4b-9acfb9a43e59,beneficial_owner,GREATHORSE INTERNATIONAL SHIP MANAGEMENT CO L,CHINA,2025-01-08
014e4ab6-ae38-7f9d-b014-6d1b19f9b432,beneficial_owner,SHANGHAI GENTCO LOGISTICS CO,CHINA,2019-07-01
014e47bd-f420-7905-bba5-3c61da4b1f82,beneficial_owner,GAS SHIPPING JSC VIETNAM,VIETNAM,2025-03-06
014e4adb-b6b0-725c-af12-d8365486decc,beneficial_owner,ORIENT OVERSEAS CONTAINER LINE,HONG KONG,2022-02-01
014e46eb-b7d0-7563-bc6a-0fffd6d0a98e,beneficial_owner,SOKI KISEN KK,JAPAN,2009-06-26
01882332-1200-7efc-9851-338a36c24442,beneficial_owner,REGIONAL CONTAINER LINES PUBLIC CO,THAILAND,2023-06-15
014e47a6-3218-7d48-8021-ea415f461c26,beneficial_owner,FORMOSA PLASTICS MARINE CORP,TAIWAN,2023-08-08
0177cdd7-1d38-745a-904e-ae206e752f8d,beneficial_owner,YANG MING MARINE TRANSPORT CORP,TAIWAN,2018-11-29
01892944-4f90-7fcb-82f4-89ca7ea40a00,beneficial_owner,WAN HAI LINES LTD,TAIWAN,2023-07-31
014e4b47-de30-7934-bc85-87729beada63,beneficial_owner,INTERASIA LINES LTD,JAPAN,2020-07-13
014e46f0-b528-7f25-8b62-290cfd5663a5,beneficial_owner,FAR EAST SHIPPING & TRADING CO LTD,JAPAN,2022-08-01
014e46f8-df00-75af-afa6-dd4fb981da6a,beneficial_owner,PETROVIETNAM TRANSPORTATION CORP,VIETNAM,2025-06-18
014e46f1-7c60-787b-b255-dcc7b622f811,beneficial_owner,ORIENT OVERSEAS CONTAINER LINE,HONG KONG,2017-12-04
0153d629-4818-769f-b0de-802e6b90179e,beneficial_owner,INTERNATIONAL SEAWAYS INC,UNITED STATES OF AMERICA,2021-12-31
014e4c54-6460-739e-ae00-c81f2c5753c3,beneficial_owner,CHINA COSCO SHIPPING CORP LTD,CHINA,2003-01-01
017e6a57-fb90-7688-82db-8feefc9ac14f,beneficial_owner,SHOEI KISEN KK,JAPAN,2022-02-13
014e473d-5e28-7670-a779-ea7004c20251,beneficial_owner,WAN HAI LINES LTD,TAIWAN,2022-06-13
0196cd59-da20-7353-8aa8-92099e003eff,beneficial_owner,INTERASIA LINES LTD,JAPAN,2023-10-20
014e4708-7730-7554-8280-593cc37a1f8d,beneficial_owner,MOLLERMAERSK AS,DENMARK,2022-01-27
017520b6-2790-7dbd-9e6b-7834a19b98f1,beneficial_owner,OSAKA ASAHI KAIUN KK,JAPAN,2020-11-23
014e4878-6a80-7f2a-910f-96a10d3de4ec,beneficial_owner,MSC MEDITERRANEAN SHIPPING CO,SWITZERLAND,2009-07-01
017f5414-6890-7c81-a0d7-6d52a7f30e61,beneficial_owner,SHANDONG SHIPPING CORP,CHINA,2020-05-12
014e46fa-ee58-7aa8-ab87-fc1c3f6bf552,beneficial_owner,BEE SHIPPING SA,MARSHALL ISLANDS,2023-01-09
014e4c1e-0a50-718c-a692-51f1204f0872,beneficial_owner,HAI AN TRANSPORT & STEVEDORING JSC,VIETNAM,2025-10-23
01961918-38e0-770a-b683-427b84c7906a,beneficial_owner,MOLLERMAERSK AS,DENMARK,2025-05-27
017e785b-7a00-7e1b-9f2c-cc851cb026b0,beneficial_owner,SHENZHEN SOUTHERN CHINA LPG SHIPPING CO LTD,CHINA,2025-07-14
014e46ee-f7d8-70c5-9b17-305e385d6ba1,beneficial_owner,MITSUI OSK LINES LTD,JAPAN,2001-02-23
016f24fa-7398-7248-81f0-fc0afeb006b0,beneficial_owner,ANGLOEASTERN MARITIME SERVICES PTE LTD,SINGAPORE,2021-12-21
0183a5f5-3898-70ad-a160-5ce725850a7c,beneficial_owner,WAN HAI LINES LTD,TAIWAN,2021-02-01
01961eb2-9818-763a-9745-791524fc655a,beneficial_owner,ORIENT OVERSEAS CONTAINER LINE,HONG KONG,2025-05-21
0180873a-7970-7b90-8543-5342f773d7eb,beneficial_owner,ORIENT OVERSEAS CONTAINER LINE,HONG KONG,2010-04-01
014e486d-a4b0-70d8-8f6e-2f9aca54a308,beneficial_owner,PACIFIC INTERNATIONAL LINES,SINGAPORE,2008-01-08
014e484a-5988-7b74-96a0-d9d9c837004e,beneficial_owner,EUROBULK LTD,GREECE,2017-03-31
01715613-7158-7b0a-b3fc-ba6817dac9b2,beneficial_owner,NANJING SHENGHANG SHIPPING CO LTD,CHINA,2019-12-19
014e4878-dfb0-7cd4-b913-730bf8b86214,beneficial_owner,CMA CGM SA THE FRENCH LINE,FRANCE,2020-06-03
0167fccb-c540-7914-aab1-ba9b627d8663,beneficial_owner,ICBC FINANCIAL LEASING CO LTD,CHINA,2023-09-14
0166c81e-4d28-7f76-b476-9a62719afce6,beneficial_owner,ZHONGSHAN HONG KONG PASSENGER,CHINA,2018-12-17
016cc205-9ee0-78ba-aed2-45011f85f600,beneficial_owner,GOODWILL MARITIME PTE LTD,SINGAPORE,2020-09-18
014e4729-e5c8-7992-962e-13555e86b6f9,beneficial_owner,FEOSO OIL,CHINA,2013-09-10
014e481f-3690-732b-9de1-e6f2ff9a8fc2,beneficial_owner,CMA CGM SA THE FRENCH LINE,FRANCE,2013-05-19
014e4cc0-dde8-72dc-85d5-0ed7abe43752,beneficial_owner,SITC INTERNATIONAL HOLDINGS CO LTD,HONG KONG,2012-06-27
0171779d-6d10-722d-b4df-cd9cecf275d1,beneficial_owner,SINOKOR MERCHANT MARINE CO LTD,REPUBLIC OF KOREA,2019-02-18
015ddf27-3538-7e6d-b765-b5a781b45bc1,beneficial_owner,MSC MEDITERRANEAN SHIPPING CO,SWITZERLAND,2019-08-01
01881e27-f090-77cc-b2a1-ef403414f11c,beneficial_owner,SEA CONSORTIUM PTE LTD XPRESS FEEDERS,SINGAPORE,2021-08-02
0195ace4-0ac8-75bd-bbd3-123bec996a1b,beneficial_owner,BANK OF COMMUNICATIONS,CHINA,2025-04-18
0168853b-b020-7f7d-98d1-af71741655b2,beneficial_owner,PACIFIC INTERNATIONAL LINES,SINGAPORE,1998-01-01
0180873b-dce8-786f-abd5-75ac584feb15,beneficial_owner,WAN HAI LINES LTD,TAIWAN,2021-12-15
016256bd-a948-7334-8d54-0700eba1484a,beneficial_owner,TOYOFUJI SHIPPING CO LTD,JAPAN,2018-05-22
014e4820-1538-7864-b920-ebcecddf62c7,beneficial_owner,TECHNOMAR SHIPPING INC,GREECE,2021-01-20
014e479c-df60-7ed4-aa69-4c305679072c,beneficial_owner,MSC MEDITERRANEAN SHIPPING CO,SWITZERLAND,2019-08-15
014e48b3-25a8-758f-bbf3-b75cbbfcb024,beneficial_owner,YANG MING MARINE TRANSPORT CORP,TAIWAN,2007-09-01
014e46f8-7d58-749a-822f-998a05a64ef8,beneficial_owner,DALIAN CHUN AN SHIP MGMT CO,CHINA,2021-02-03
01925b92-a470-7047-a246-7308666a7a51,beneficial_owner,EVERGREEN MARINE CORP,TAIWAN,2021-03-29
014e46f3-3d98-7a3f-a242-0468b28a43a9,beneficial_owner,CMA CGM SA THE FRENCH LINE,FRANCE,2017-08-30
014e46f7-7f70-7304-8332-94deb5a719ae,beneficial_owner,SINOTRANS SHIPPING LTD HONG KONG,CHINA,2011-09-23
014e4744-c898-7dc2-ac4d-ec33fe5f6556,beneficial_owner,GLORY NAVIGATION CO,TAIWAN,2013-09-04
019360dc-42a0-774c-9560-d48fbb143b13,beneficial_owner,EVERGREEN MARINE CORP,TAIWAN,2021-09-06
018bc61c-5b08-731f-b845-145111916a8d,beneficial_owner,TIANJIN SOUTHWEST MARITIME LTD,CHINA,2026-01-15
014e46ec-1978-7f00-bce0-9486d48992a7,beneficial_owner,AN THANH NAM TRANSPORT CO LTD,VIETNAM,2024-04-01
014e4b48-5b30-7bf1-a95a-0ac172657cb7,beneficial_owner,FAR EAST SHIPPING & TRADING CO LTD,JAPAN,2019-11-01
018b26d9-ae10-7890-b575-ec497cb04da7,beneficial_owner,MINERVA DRY INC,MARSHALL ISLANDS,2023-11-13
01902163-8e38-70d8-a867-5c3d688892d6,beneficial_owner,HUBEI CHUDAO WATERWAY TRANS,CHINA,2024-06-03
0162a7ef-a820-7083-aac9-a19d773afb8e,beneficial_owner,CHINA ZHESHANG BANK CO LTD,CHINA,2023-09-05
01808744-1660-77db-87a8-3ced7171b3d3,beneficial_owner,SALAM PACIFIC INDONESIA LINES,INDONESIA,2020-09-10
014e5199-1dd0-7193-a707-9c9b235b41e1,beneficial_owner,GLORY NAVIGATION CO,TAIWAN,2013-07-03
014e53f1-59f8-7acb-b3c3-8b2196a38071,beneficial_owner,SHENZHEN SOUTHERN CHINA LPG SHIPPING CO LTD,CHINA,2025-07-31
014e592c-c0b0-7cf9-9a16-fe36149f66eb,beneficial_owner,PVT LOGISTICS,VIETNAM,2023-09-11
018f04ca-d9d0-7f28-8077-3bed17309e67,beneficial_owner,EUROBULK LTD,GREECE,2024-05-13
014e4731-11b8-7fc5-ba2f-93d308e2f3af,beneficial_owner,TAIMIN GROUP LTD,CHINA,2013-08-05
014e479b-9f10-7d44-849a-dec0f41c99de,beneficial_owner,MSC MEDITERRANEAN SHIPPING CO,SWITZERLAND,2021-08-31
014e49aa-85c8-7f2e-b6b6-63edac111124,beneficial_owner,EVERGREEN MARINE CORP,TAIWAN,2021-08-22
0185a5c2-7a00-7c51-aa7d-438f1365adf7,beneficial_owner,TS LINES LTD,TAIWAN,2021-08-09
014e4b95-cf50-79a8-b784-1c6cbadf15b0,beneficial_owner,GAS SHIPPING JSC VIETNAM,VIETNAM,2025-03-06
0160c3d6-55e0-7428-b1a4-967c1c704531,beneficial_owner,TS LINES LTD,TAIWAN,2015-07-06
0183e9f6-d010-798d-96c6-1cd587153f23,beneficial_owner,TIANJIN SOUTHWEST MARITIME LTD,CHINA,2022-11-28
014e46e9-cf88-75c5-998d-38cafd95b350,beneficial_owner,YANG MING MARINE TRANSPORT CORP,TAIWAN,2021-09-01
017e72f8-2c70-79ca-a73d-f5da03a1d0dd,beneficial_owner,SITC CONTAINER LINES CO LTD,CHINA,2022-02-24
0190a02b-80e0-7f7a-9ea7-62a1464776f4,beneficial_owner,FINANCIERE DU MARCHE ST HONORE SA,FRANCE,
014e46ee-0d78-7ff2-af2e-8cb6145f025e,beneficial_owner,HARBOURLINK GROUP BHD,MALAYSIA,2024-10-01
014e46e9-db40-7f4b-84b4-f0d533ddec2e,beneficial_owner,STOLT TANKERS BV,NETHERLANDS,2017-06-26
014e484d-2460-7eb2-8a0a-6b120c9fe29b,beneficial_owner,CMA CGM SA THE FRENCH LINE,FRANCE,2021-11-23
014e48a4-0a78-7403-a2ca-9651c008560f,beneficial_owner,MSC MEDITERRANEAN SHIPPING CO,SWITZERLAND,2022-10-27
01920e31-9740-7016-9c99-9c4e00851fa3,beneficial_owner,MOLLERMAERSK AS,DENMARK,2024-11-04
014e4819-9cf8-7f5d-88e3-72da3ecd1329,beneficial_owner,EUROBULK LTD,GREECE,2022-06-01
014e4701-d7e0-74d3-98d7-aa3867e8ebb1,beneficial_owner,NYK STOLT SHIPHOLDINGS PTE LTD,SINGAPORE,2022-12-02
017ac8b1-f258-7e05-b2ff-f91f85d94919,beneficial_owner,TIANJIN SOUTHWEST MARITIME LTD,CHINA,2026-01-15
018c19f2-7bb8-7228-b008-178658031f10,beneficial_owner,KEIYO KISEN KK,JAPAN,2023-12-07
0160e3c6-1de0-764f-bad2-e93c1a3427a2,beneficial_owner,JINYU SHIPPING CO,JAPAN,2025-09-23
01884d68-b218-756e-9284-2cd7ea4834f1,beneficial_owner,MAPLE LEAF SHIPPING CO LTD,CHINA,2021-11-29
014e573d-19f8-75b8-9349-634b43334196,beneficial_owner,DANAOS CORP,MARSHALL ISLANDS,2014-11-05
015b8bf2-c190-7542-aa86-72cc81d0a4e6,beneficial_owner,SHANGHAI NORTH SEA SHPG CO LTD,CHINA,2017-10-05
0150e93e-3a88-7978-82be-de4c3e362923,beneficial_owner,NISSEN KAIUN CO LTD NISSEN KAIUN KK,JAPAN,2017-09-22
017d7cf4-aa88-7a90-9cab-b5d94cfb8b26,beneficial_owner,ZHEJIANG FENGYI SHIPPING CO LTD,CHINA,2021-10-04
01867a25-1cd0-7b65-b3bb-4cb04b3f1dc1,beneficial_owner,REGIONAL CONTAINER LINES PUBLIC CO,THAILAND,2023-02-17
01533f94-d1d8-718e-a296-d4d62493e460,beneficial_owner,JOHN SWIRE & SONS LTD,UNITED KINGDOM,
014e4724-b1c0-7b2d-8f9c-c56a75e51420,beneficial_owner,GLOBAL SHIP LEASE INC GSL,UNITED KINGDOM,2016-06-14
014e6d4b-b150-7207-9992-23f91c1b1bd4,beneficial_owner,PACIFIC INTERNATIONAL LINES,SINGAPORE,2023-06-08
018831ea-78f0-7755-b716-b6f17cd644e8,beneficial_owner,CAPITAL MARITIME & TRADING,GREECE,2023-06-30
014e46e9-eae0-7d9e-a003-a7ecad58f53f,beneficial_owner,BW LPG HOLDING PTE LTD,SINGAPORE,2023-03-14
0159c555-4d38-78fb-9cd9-9170c8d096bc,beneficial_owner,CMB FINANCIAL LEASING CO LTD,CHINA,2017-07-01
01808747-3340-71ed-b998-5210d4143664,beneficial_owner,WAN HAI LINES LTD,TAIWAN,2008-01-02
018bfedf-e540-77fe-9213-080690f84fb8,beneficial_owner,WAN HAI LINES LTD,TAIWAN,2023-12-22
016d7199-8ad8-70c4-849d-6b9889bdd4ca,beneficial_owner,INFICESS SHIPPING CO LTD,REPUBLIC OF KOREA,2018-07-25
01771463-c5b8-7910-8ad1-a6592b1b677a,beneficial_owner,WAN HAI LINES LTD,TAIWAN,2022-06-20
0198313e-9610-7aff-8f63-a6621de0bf9b,beneficial_owner,EVERGREEN MARINE CORP,TAIWAN,2021-03-29
014e4880-9840-7e71-b360-cf6bd8ed0622,beneficial_owner,MERATUS LINE,INDONESIA,2019-10-28
014e47ba-3b00-7f8b-98a3-edfcd0b80261,beneficial_owner,YANG MING MARINE TRANSPORT CORP,TAIWAN,2007-10-22
01775a9a-1b68-7a08-8c43-fcb84ca626fc,beneficial_owner,WAN HAI LINES LTD,TAIWAN,2018-11-22
018ac9ab-0130-737d-a57b-3e826e1f8dbb,beneficial_owner,WAN HAI LINES LTD,TAIWAN,2023-11-14
014e46ef-3e28-76ae-8124-a9ea954206b5,beneficial_owner,CHINA COSCO SHIPPING CORP LTD,CHINA,2000-05-29
01808744-3d70-7e12-9d75-b0f271fda452,beneficial_owner,FANGCHENGGANG CITY HENGSHENG,CHINA,2016-08-26
01797d3d-e940-71f0-bfd3-abd7aa7df6ab,beneficial_owner,WAN HAI LINES LTD,TAIWAN,2018-11-22
014e4c0e-0c90-799b-960c-802763ee716b,beneficial_owner,FEOSO OIL,CHINA,2014-01-21
0180938e-0d90-7f4a-adb2-b9d2116c8bb3,beneficial_owner,UNITED SHIPPING CO LTD,VIETNAM,2023-04-10
014e46ff-6eb0-75f8-8583-29d25796a516,beneficial_owner,KOREA MARINE TRANSPORT CO LTD KMTC,REPUBLIC OF KOREA,2010-03-29
014e4797-70c0-7e10-97ba-4566d0c1b699,beneficial_owner,COSCO SHIPPING LINES CO LTD,CHINA,2013-04-25
0161e52f-41d8-70f0-9d3a-150ee87483b9,beneficial_owner,MAERSK TANKERS,DENMARK,2023-12-08
01738f5f-e408-7785-84ba-b9ac833ef800,beneficial_owner,YANG MING MARINE TRANSPORT CORP,TAIWAN,2018-11-29
01906d5c-7048-7b18-909d-f686df6a7e01,beneficial_owner,EVERGREEN MARINE CORP,TAIWAN,2024-07-31
019b910f-6580-7db5-be06-db41791bdacc,beneficial_owner,REGIONAL CONTAINER LINES PUBLIC CO,THAILAND,2022-03-07
014e46ed-2ae8-71ca-a902-d9152e62b25a,beneficial_owner,GAS SHIPPING JSC VIETNAM,VIETNAM,2025-07-15
019511cf-09c0-7237-82c4-3b47723e3e9c,beneficial_owner,HAPAG-LLOYD AG,GERMANY,2021-06-28
014e47a3-a1d8-7fe9-bedf-4730b96a77f8,beneficial_owner,USUI KAIUN KK,JAPAN,2008-10-01
014e47c4-fce8-7b3a-855e-8c3416ebc1e8,beneficial_owner,SEASPAN CORP,CANADA,2013-10-28
014e46f0-0d30-752e-87c9-8ef8faa4678f,beneficial_owner,SALAM PACIFIC INDONESIA LINES,INDONESIA,2009-02-05
0161034f-b1d0-751f-bbe0-3fc8683aecb1,beneficial_owner,JOSCO,CHINA,2016-11-25
014e46ea-2190-7e78-92da-a5c903911a68,beneficial_owner,YANG MING MARINE TRANSPORT CORP,TAIWAN,2007-05-09
0162fb84-1c50-767e-83b1-8b1bcf2926cf,beneficial_owner,SENZO SHENZHEN INDUSTRIAL CO LTD,CHINA,2024-06-07
018a732a-ee60-7c92-82c8-4b282be0e15a,beneficial_owner,TS LINES LTD,TAIWAN,2023-11-02
014e46ed-1b48-7eab-b04b-c49bd09c9b22,beneficial_owner,GLOBAL SHIP LEASE INC GSL,UNITED KINGDOM,2021-09-06
014e478a-68d0-7890-b37b-890b6dd400cb,beneficial_owner,SHIH WEI NAVIGATION CO LTD,TAIWAN,2011-06-30
01615a10-dcb0-75d3-babc-2d319b130641,beneficial_owner,BANK OF COMMUNICATIONS BOCOM,CHINA,2018-06-28
014e46eb-b7d0-785f-a213-214f11dd5019,beneficial_owner,SITC INTERNATIONAL HOLDINGS CO LTD,HONG KONG,2015-04-03
017b2f6d-c828-7017-bfcb-219d1feb750d,beneficial_owner,ICBC FINANCIAL LEASING CO LTD,CHINA,2021-09-20
01577955-87d8-705e-877e-7dee3871c9f5,beneficial_owner,KOTOKU KAIUN CO LTD,JAPAN,2018-11-28
01934cb8-d1a8-7cf0-b931-ba8cc45fc17a,beneficial_owner,INTERASIA LINES LTD,JAPAN,2023-10-20
014e46ef-2e88-7247-b7ac-c18958c000f4,beneficial_owner,HARBOURLINK GROUP BHD,MALAYSIA,2022-04-04
014e46ea-5840-79f9-9af4-2326d173061a,beneficial_owner,CHARTWORLD SHIPPING CORP,GREECE,2017-08-17
016be433-6570-725e-a8a3-27d39ab7a583,beneficial_owner,FORMOSA PLASTICS MARINE CORP,TAIWAN,2017-06-14
014e46f3-6c78-7a48-aa63-ae0a595277cc,beneficial_owner,ORIENT OVERSEAS CONTAINER LINE,HONG KONG,2015-03-31
01808738-8188-7290-a397-75b94e826cb3,beneficial_owner,AST INC ADVANCED STORAGE & TRANSPORTATION,JAPAN,2014-07-02
014e4711-c9e8-7f48-9917-19fec529e334,beneficial_owner,HOANH SON GROUP JSC CONG TY CP TAP DOAN HOANH,VIETNAM,2020-12-14
014e46f3-0eb8-7753-acb0-05e25a0c49ec,beneficial_owner,DONG JIN SHIPPING CO LTD,REPUBLIC OF KOREA,2017-04-17
017d8e34-6450-7457-a147-3f9937bddecb,beneficial_owner,TIANJIN SOUTHWEST MARITIME LTD,CHINA,2026-01-15
018dbffb-1e10-7f1c-a848-4270d460f858,beneficial_owner,TS LINES LTD,TAIWAN,
014e46eb-1b90-76f1-91ed-a9f620b05467,beneficial_owner,MSC MEDITERRANEAN SHIPPING CO,SWITZERLAND,2022-07-07
01808da9-85f8-7e98-93fa-1713a4a3858f,beneficial_owner,HAIANTS JSC,VIETNAM,2022-11-03
014e47ed-e590-7768-8e76-bea7eef2c493,beneficial_owner,SEVEN SEAS OIL HK LTD,HONG KONG,2013-08-28
015a8c40-07f8-7e2e-8a80-765510e93527,beneficial_owner,JINYU SHIPPING CO,JAPAN,2025-09-15
0177ecb4-6f80-7c55-83f2-ce5870c1ccaa,beneficial_owner,CDB LEASING INTERNATIONAL CO LTD,CHINA,2021-04-23
0185a358-cd00-74d5-a601-8c985b42adbe,beneficial_owner,FESCO,RUSSIA,2023-02-22
014e46f4-c820-7bd9-b90c-6ffc88db9c3e,beneficial_owner,OCEAN LINE HOLDINGS LTD,HONG KONG,2018-03-07
014e46eb-5240-7c9e-b467-46d245d08aaa,beneficial_owner,DRYSHIPS INC,GREECE,2007-12-14
01808738-46f0-7645-b478-2c183ac27b24,beneficial_owner,COSCO SHIPPING ENERGY TRANS,CHINA,2016-06-03
014e46f6-4ad8-78dd-96e7-02ad880fc326,beneficial_owner,KHARIS SHIPPING CO LTD,REPUBLIC OF KOREA,2016-02-22
014e46ea-d540-7866-b3b9-0b89a992adca,beneficial_owner,SITC INTERNATIONAL HOLDINGS CO LTD,HONG KONG,2015-03-10
01961929-bd40-7f2f-910d-ad1290b32791,beneficial_owner,FJ SHIPPING CO LTD,JAPAN,2025-04-25
018fb7d1-f770-715a-9a8c-3979aeaad430,beneficial_owner,NAMSUNG SHIPPING CO LTD,REPUBLIC OF KOREA,2024-06-19
014e4705-1018-7efd-8a87-b7547c67ff20,beneficial_owner,EXQUISITE AURORA LTD,BRITISH VIRGIN ISLANDS,2020-12-10
014e476d-3058-7d65-a16d-d656a3be9d4e,beneficial_owner,SITC SHIPS MANAGEMENT CO LTD,CHINA,2013-04-02
014e47e8-1930-725f-b5b5-7cf445fe4077,beneficial_owner,GUANGZHOU CHINA MERCHANTS RORO TRANSPORT CO LTD,CHINA,2011-12-05
01774777-41f0-745b-8ef9-07c28c0b4880,beneficial_owner,ICBC FINANCIAL LEASING CO LTD,CHINA,2021-04-15
01694513-61e0-7d70-a8f1-7f6e210783ab,beneficial_owner,VIET THUAN TRANSPORT CO LTD,VIETNAM,2019-01-02
01963712-7658-78bd-b2ce-885e48622b8c,beneficial_owner,OCEAN NETWORK EXPRESS PTE LTD,SINGAPORE,2023-04-03
014e4abe-43a0-7d41-8754-0d1baba18dbc,beneficial_owner,FORMOSA PLASTICS MARINE CORP,TAIWAN,2023-08-08
019134eb-7d70-7e62-8052-9170d6f00068,beneficial_owner,ZHEJIANG ANJI MARINE TECHNOLOGY CO LTD,CHINA,
014e4748-5aa8-7f9b-9413-26e93ad9ec10,beneficial_owner,CHINA COSCO SHIPPING CORP LTD,CHINA,2017-12-01
0180873b-2168-717c-bb21-851e3a3ef294,beneficial_owner,VIET THUAN TRANSPORT CO LTD,VIETNAM,2018-10-08
014e483d-e9f0-731f-a8e4-6d1206686857,beneficial_owner,MARAN TANKERS MANAGEMENT,GREECE,2020-12-17
0186598d-5118-78b4-bc17-a99ee7170408,beneficial_owner,NISSEN KAIUN KK,JAPAN,2023-03-29
014e49d5-cfd0-7231-b6da-8c193e247abb,beneficial_owner,WINNING INTERNATIONAL GROUP,SINGAPORE,2021-01-15
01647e42-c758-78a7-9fd3-b4a123a13bdc,beneficial_owner,NAVIOS MARITIME PARTNERS LP,GREECE,2018-12-07
014e4764-04b0-79ee-ae73-60cd18a29d3d,beneficial_owner,FORMOSA PLASTICS MARINE CORP,TAIWAN,2023-08-08
014e46ec-a618-7a22-8038-90230147cbcd,beneficial_owner,NINGBO ZHUNXING SHIPPING CO LTD,CHINA,2018-04-09
014e46ec-09d8-7b89-9ebf-77ed002c61e6,beneficial_owner,CMA CGM GROUP,FRANCE,2009-11-18
0180874c-8e58-782e-b9b1-68478c4fc791,beneficial_owner,GEMADEPT SHIPPING LTD CO,VIETNAM,2017-09-26
014e471b-3be0-75c7-b3b5-4f7033a0d245,beneficial_owner,COSCO SHIPPING BULK LTD,CHINA,2011-06-16
019342c8-2bf8-70bb-84b5-ffe2334766da,beneficial_owner,N2 TANKERS,NETHERLANDS,2025-01-15
014e4818-c238-7c7d-a641-64843f3c636e,beneficial_owner,FUJIAN HENGFENG SHIPPING CO LTD,CHINA,2022-11-01
01692d7e-1ed0-7713-9c24-5e3ae1b59215,beneficial_owner,KEISHIN KAIUN CO LTDEHIME,JAPAN,2019-03-28
014e4bc9-d7a0-7ef2-acaa-43e93920bd40,beneficial_owner,FANGCHENGGANG CITY MANYI SHPG,CHINA,2023-05-11
017becd3-b698-737b-a206-c14992c9032a,beneficial_owner,WAN HAI LINES LTD,TAIWAN,2018-11-22
014e4b56-f578-76fd-94f5-e3d6fbed5b77,beneficial_owner,ZODIAC MARITIME LTD,UNITED KINGDOM,2014-01-28
014e503e-e8e8-7a56-9de0-506a156e781b,beneficial_owner,SENZO SHENZHEN INDUSTRIAL CO LTD,CHINA,2024-06-14
014e46ea-0a20-7d28-8aba-41510b11d7a9,beneficial_owner,DANAOS CORP,MARSHALL ISLANDS,2024-07-08
01896ce7-b1d8-7c00-a095-20ccf25e8782,beneficial_owner,TODA KISEN K K,JAPAN,2023-09-25
014e47c4-2610-78c3-bc98-0a00acb0a9c8,beneficial_owner,CHINA HUARONG ASSET MANAGEMENT CO LTD,CHINA,2018-03-01
017ff90a-8e88-7833-b818-7d96b1f44c7f,beneficial_owner,NISSEN KAIUN KK,JAPAN,2023-08-04
019801fb-53e8-7132-bd2f-6bb0ac793f11,beneficial_owner,MSC MEDITERRANEAN SHIPPING CO,SWITZERLAND,2022-12-14
01807ded-c098-7046-8d1d-0b88018516fb,beneficial_owner,BEYOND GROUP LTD,HONG KONG,2021-06-08
019ac8e2-eb90-7986-a39d-cb7dd715891b,beneficial_owner,ARAB MARITIME PETROLEUM TRANS,KUWAIT,2023-04-10
014e4764-0c80-7b4c-94c5-dbb0e47036b9,beneficial_owner,CMA CGM SA THE FRENCH LINE,FRANCE,2025-06-19
014e46eb-1b90-738d-8638-69d6025c755e,beneficial_owner,VIET THUAN TRANSPORT CO LTD,VIETNAM,2024-01-08
016878c9-f158-7981-be7c-5deaa0083fd7,beneficial_owner,CHIMBUSCO,CHINA,2020-01-03
018625bc-68b0-7783-8afb-7e2b72badfe2,beneficial_owner,SHANDONG SHIPPING CORP,CHINA,2021-10-18
015ea1ac-c8e8-756d-a14c-01fa3ea43b90,beneficial_owner,SHIH WEI NAVIGATION CO LTD,TAIWAN,2011-10-24
0181f022-2ec8-7ffb-af9f-ca0cc04697d3,beneficial_owner,WAN HAI LINES LTD,TAIWAN,2022-08-08
014e46eb-5240-7dc4-8657-f32376a5b0dc,beneficial_owner,MOLLERMAERSK AS,DENMARK,2015-04-13
014e4712-9508-7d10-bb1c-0a899d44cf5b,beneficial_owner,NAVIOS MARITIME PARTNERS LP,GREECE,2023-08-30
014e484b-a1a8-7198-8e3b-6964028f5459,beneficial_owner,SALAM PACIFIC INDONESIA LINES,INDONESIA,2011-05-31
0168fb5f-dfd8-7b77-bd8d-8689d0283b5f,beneficial_owner,CHUN AN SHIPPING LTD,CHINA,2020-02-27
014e47c3-0118-78a0-8ef4-885ca22b72d9,beneficial_owner,WILHELMSEN AHRENKIEL BULK GMBH,GERMANY,2008-09-01
017d7e23-d7d0-7922-ad2e-ca1e7b9c1e6c,beneficial_owner,ICBC FINANCIAL LEASING CO LTD,CHINA,2022-01-28
018c5669-7cb8-76f5-a046-dc3fa36098ad,beneficial_owner,CHIMBUSCO PAN NATION HOLDINGS HK LTD,CHINA,2023-12-28
0154bcbc-2318-71dd-b989-5aa04d567736,beneficial_owner,METIS SHIP MANAGEMENT SA,GREECE,2026-04-21
015d6269-81e0-758c-8a4c-e403363ca279,beneficial_owner,OCEAN NETWORK EXPRESS PTE LTD,SINGAPORE,2022-10-20
0173f0f2-7b90-770a-a34b-7b6240cfe33f,beneficial_owner,SINOKOR MERCHANT MARINE CO LTD,REPUBLIC OF KOREA,2019-05-28
0190054e-8b80-7441-b3d4-df99bc927454,beneficial_owner,HMM CO LTD,REPUBLIC OF KOREA,2024-07-01
018c94ad-13e0-766c-a6d4-f0939c652967,beneficial_owner,YAMANE SANGYO KK,JAPAN,2024-01-24
014e4ed6-e8c0-73ce-8197-f3a199975b2b,beneficial_owner,DALIAN HAIDA INTERNATIONAL FLEET MANAGEMENT CO LTD,CHINA,2023-05-25
0169e638-a5d0-7e24-9166-6c548842a670,beneficial_owner,CHINA COSCO SHIPPING CORP LTD,CHINA,2024-04-26
016cefc7-b390-7e98-972c-cd8f45e7562b,beneficial_owner,USUI KAIUN CO,JAPAN,2019-11-04
014e4798-ad28-72b7-9b44-f97a9c715f04,beneficial_owner,GOVERNMENT OF THE PEOPLES REPUBLIC OF CHINA,CHINA,2010-01-04
014e4725-c718-7327-b109-9be193859b8d,beneficial_owner,PACIFIC INTERNATIONAL LINES,SINGAPORE,2012-08-28
018ba234-acb8-7311-954a-f3f9e5aef056,beneficial_owner,SHIKISHIMA KISEN KK,JAPAN,2023-09-19
019882af-e3f0-7507-bcb5-4d308629f161,beneficial_owner,MOLLERMAERSK AS,DENMARK,2018-03-27
014e46f1-9ba0-7098-8caa-a3c42ee71fc5,beneficial_owner,CHINA RESOURCES PETROCHEMS GROUP CO LTD,CHINA,2012-09-20
014e46eb-6d98-74ad-bbcf-e8f05d5e568d,beneficial_owner,SHANGHAI INTERNATIONAL PORT GROUP CO LTD,CHINA,2016-06-08
0175f2b0-abd0-775b-a171-174fc34d4a3f,beneficial_owner,HAPAG-LLOYD AG,GERMANY,2016-03-03
014e46fa-b7a8-7475-91b6-3e5bd9965d68,beneficial_owner,MOLLERMAERSK AS,DENMARK,2021-03-26
014e48ac-c0f0-72c6-a588-b07b68ed1116,beneficial_owner,SITC CONTAINER LINES CO LTD,CHINA,2019-05-09
018f23e6-ea98-7052-ba5e-e22db24a513f,beneficial_owner,HAIANTS JSC,VIETNAM,2024-05-22
014e46ea-0e08-798a-8db8-57e3c5253313,beneficial_owner,MAERSK AS,DENMARK,2007-12-05
016c947b-14f0-769c-a886-7322fae78094,beneficial_owner,INDUSTRIAL & COMMERCIAL BANK OF CHINA LTD ICBC,CHINA,2019-09-12
0174061a-9ae8-7317-b512-719d377bc891,beneficial_owner,SHENZHEN SOUTHERN CHINA LPG SHIPPING CO LTD,CHINA,2013-04-23
014e46ee-6750-796d-9247-4cbdceb8798d,beneficial_owner,COSCO SHIPPING DEVELOPMENT,CHINA,2022-06-30
014e46fb-8e80-7bb6-bd0e-0fd3abdd4299,beneficial_owner,GUANGDONG ENERGY GROUP,CHINA,2007-07-10
01822507-fa00-736e-b575-8717b43f6f11,beneficial_owner,EVERGREEN MARINE CORP,TAIWAN,2020-06-08
0189073f-1128-7a49-8e0a-df65b560712c,beneficial_owner,JIANGSU LINZHOUYANG SHIPPING,CHINA,2022-01-12
01758c58-4af0-795c-bcfb-1b4f0a6d1170,beneficial_owner,CHINA COSCO SHIPPING CORP LTD,CHINA,2020-12-18
014e484b-5b58-7f62-9d8b-688e74e409e5,beneficial_owner,YANG MING MARINE TRANSPORT CORP,TAIWAN,2006-12-01
01519ee0-ee80-72e9-a85e-00f158bc1acd,beneficial_owner,FIRST STEAMSHIP CO LTD,TAIWAN,2016-02-01
01815c19-2a10-7c61-add0-97bba8857017,beneficial_owner,TS LINES LTD,TAIWAN,2019-09-16
014e46ea-e8c8-7bc7-9c32-2ffb4e4ee709,beneficial_owner,CHINA COSCO HOLDINGS CO CCHC,CHINA,2016-02-19
014e4b7a-b9b8-7af6-a39b-778b9ccb10ee,beneficial_owner,SHENGSI PUSHENG SHIPPING CO LTD,CHINA,2025-07-08
014e4d27-f870-7eda-bf3a-72f98cc77820,beneficial_owner,STENA BULK,SWEDEN,2018-04-03
017b3a33-26e0-732c-a43e-fe5a065edcc1,beneficial_owner,TODA KISEN K K,JAPAN,2021-09-27
014e4723-7940-73d1-a05e-109feb6ee171,beneficial_owner,FORMOSA PLASTICS MARINE CORP,TAIWAN,2023-08-08
014e4902-a538-7d06-af27-52878dd67e33,beneficial_owner,GLOBAL SHIP LEASE INC GSL,UNITED KINGDOM,2005-10-11
016e5d86-6498-761d-b80a-4759ca6f9652,beneficial_owner,GOODWILL MARITIME PTE LTD,SINGAPORE,2020-02-11
017940fe-6b30-7923-88d4-d57e17ef24fb,beneficial_owner,INDUSTRIAL & COMMERCIAL BANK OF CHINA LTD ICBC,CHINA,2021-06-15
014e4773-00a0-72a0-a0f1-c83fc40f33ff,beneficial_owner,MERATUS LINE,INDONESIA,2020-12-07
014e4abb-d688-7997-a1a4-54d9d2f73c90,beneficial_owner,PACIFIC INTERNATIONAL LINES,SINGAPORE,2012-06-22
014e4799-5908-7825-82ff-e8a8521bd797,beneficial_owner,HAINAN RAILWAY CO LTD,CHINA,2019-01-01
014e46ef-22d0-721b-b7b2-10ef619b99b5,beneficial_owner,NINGBO TIANHAO SHIPPING CO LTD,CHINA,2016-08-15
014f87b5-0a68-7c8d-ba35-c92793d4409a,beneficial_owner,MARMARAS NAVIGATION LTD,GREECE,2013-02-22
014e4712-9120-79b6-953e-1c180b980878,beneficial_owner,MITSUI OSK LINES LTD,JAPAN,2011-09-16
014e4704-1230-7973-a46d-126e4d2011b7,beneficial_owner,UMING MARINE TRANSPORT CORP,TAIWAN,2012-02-13
01887f9d-5b58-792e-8073-b25a1cbec059,beneficial_owner,TS LINES LTD,TAIWAN,2023-07-25
01857755-fc50-7437-aed5-bc9273f40fcc,beneficial_owner,NYK LINE,JAPAN,2011-09-05
014e47f8-af48-7ea9-9cca-9eda68a483af,beneficial_owner,VIETNAM NATIONAL SHIPPING LINES VINALINES,VIETNAM,2007-01-01
014e46f3-1688-70c6-bc98-8ae0628cf90b,beneficial_owner,UNITED SHIPPING CO LTD,VIETNAM,2025-09-23
01904e28-5b10-721d-88cc-130edaf07c72,beneficial_owner,CARRAS HELLAS SA,GREECE,2024-08-08
019cbd0d-e390-7251-af63-563af3a423d3,beneficial_owner,SAIC ANJI LOGISTICS CO LTD,CHINA,2026-04-09
014e4700-87f0-7457-9fce-f0fe8d622d6e,beneficial_owner,DEYUAN SHIPPING CO LTDHKG,HONG KONG,2019-06-21
014e4b1e-5d30-78eb-925f-cd872881cfea,beneficial_owner,COSTAMARE SHIPPING CO SA,GREECE,2009-09-10
014e536b-5178-7aac-8aee-ebf06e7b8d31,beneficial_owner,DAIICHI CHUO NAIKKO KAISHA,JAPAN,2010-12-22
0193999a-8930-711f-9544-62b14e9e2d4e,beneficial_owner,SHANGHAI TIME SHIPPING CO LTD,CHINA,2012-07-31
0179dab5-0518-7cf0-8a27-62513ed9cafb,beneficial_owner,CHINA MERCHANTS ENERGY SHPG,CHINA,2019-12-09
014e495b-e8c8-7823-92d5-2bcfdac9bb54,beneficial_owner,MSC MEDITERRANEAN SHIPPING CO,SWITZERLAND,2022-11-21
01523363-e5f8-7f75-8dad-cd898bbb9d86,beneficial_owner,HARIM HOLDINGS CORP,REPUBLIC OF KOREA,2025-06-19
0186c9d9-6100-76a1-a234-2275a64c39ef,beneficial_owner,TIANJIN SOUTHWEST MARITIME LTD,CHINA,2023-06-04
014e46ff-2860-736b-8460-e19dca403a7b,beneficial_owner,FIRST STEAMSHIP CO LTD,TAIWAN,2015-08-20
0180873c-e2a0-7687-b4ac-2890b9e17e27,beneficial_owner,OCEANMONEY HONGKONG CO LTD,HONG KONG,2021-12-01
018ea3ae-1270-785b-8c86-0120ad2f3dbc,beneficial_owner,SEACON SHIPPING GROUP LTD,CHINA,2026-04-21
019cc0f7-9cf8-7511-a7bb-d9436f6b4881,beneficial_owner,TMS DRY LTD,GREECE,2023-04-10
01898a7b-8490-7f39-8999-47bed3552332,beneficial_owner,SINOKOR MERCHANT MARINE CO LTD,REPUBLIC OF KOREA,2023-08-22
0182f78b-0760-7de3-a987-95870a5d2a2e,beneficial_owner,RUICO GUANGDONG SHIPPING & LOGISTICS CO LTD,CHINA,2022-11-24
018f2755-d680-7335-b970-563f7dd31e81,beneficial_owner,TODA KISEN K K,JAPAN,2024-06-12
014e47da-d6a8-7e84-b795-9656b58dcac9,beneficial_owner,SEASPAN HOLDCO III LTD,CHINA,2021-07-16
014e4745-8fd0-7f0e-a1cf-2b47267f8458,beneficial_owner,KOREA MARINE TRANSPORT CO LTD KMTC,REPUBLIC OF KOREA,2020-04-21
0193aee3-fbc8-70c8-ae0c-83dc0cb641bd,beneficial_owner,SK SHIPPING CO LTD KRS,REPUBLIC OF KOREA,2025-03-31
0173223e-ecc0-7a1b-9915-8e12a99ddf8d,beneficial_owner,KOTOKU KAIUN CO LTD,JAPAN,2020-12-07
01616472-7088-77ae-bd73-19848319f969,beneficial_owner,EVERGREEN MARINE CORP,TAIWAN,2015-07-07
01656a40-42e8-712a-9ab9-c2e70e147614,beneficial_owner,TOKEI KAIUN KK,JAPAN,2018-09-13
01921655-54c0-7b5d-8089-8782478bbbdd,beneficial_owner,EVERGREEN MARINE CORP,TAIWAN,2021-03-29
018087c4-a488-7827-b18f-5c83a2e81383,beneficial_owner,ZHEJIANG ZHONGTUP SHIPPING,CHINA,2018-01-15
014e46ed-80d8-771a-a0e3-a1415a88a9b7,beneficial_owner,SHANGHAI JUNZHENG SHIPPING CO LTD,CHINA,2022-11-29
0186acb1-86e8-71ce-ae9c-dbc3cf763a30,beneficial_owner,COSCO SHIPPING BULK LTD,CHINA,2018-09-25
014e46fb-09b0-7436-a582-df0559deb279,beneficial_owner,CHINA COSCO SHIPPING CORP LTD,CHINA,2014-02-18
014e4712-1038-7cf1-9dfa-9c4f8b59cf3f,beneficial_owner,COSCO SHIPPING BULK LTD,CHINA,2014-01-20
014e46ef-ab88-7ce8-98bc-9350c9624d1c,beneficial_owner,PETER DOEHLE SCHIFFAHRTS-KG,GERMANY,2024-04-24
016aaf7e-f818-742a-9a62-508a4cad934b,beneficial_owner,EVERGREEN MARINE CORP,TAIWAN,2015-09-11
014e46f4-7de8-7bda-9f8d-034c43faee43,beneficial_owner,SITC INTERNATIONAL HOLDINGS CO LTD,HONG KONG,2021-04-02
014e47a4-49d0-7927-ba3f-5b99c44cc5c9,beneficial_owner,CIDO SHIPPING AND TRADING CO,HONG KONG,2022-12-22
018d49d1-f100-7b1f-acf2-2e2134edc758,beneficial_owner,FIRST MARINE SERVICE CO,JAPAN,2024-03-11
01550ef6-1ff8-7b22-9dd7-54c8a5ed706a,beneficial_owner,CMA CGM SA THE FRENCH LINE,FRANCE,2025-06-23
01645def-57a0-78c1-a314-87b5debee2c5,beneficial_owner,AMA MARINE PCL,THAILAND,2023-12-13
014e4798-95b8-780d-b18f-48a403871e33,beneficial_owner,COSCO SHIPPING LINES CO LTD,CHINA,2012-06-17
016b59b8-8f60-7297-9dd4-ac5b48118066,beneficial_owner,COBELFRET NV (CLDN),BELGIUM,2023-08-18
014e46f6-fe88-74ee-9a3d-140ab8e6ac1a,beneficial_owner,TONGMAO SHIP MANAGEMENT PANAMA INC,PANAMA,2010-12-10
014eae60-8148-7960-8270-75c8c59d4d29,beneficial_owner,CMA CGM SA THE FRENCH LINE,FRANCE,2021-06-21
016edc3a-94a8-7d30-9b21-af48816d76db,beneficial_owner,NISSEN KAIUN CO LTD NISSEN KAIUN KK,JAPAN,2020-01-10
018088d6-e778-732e-b3d8-06bd99743a25,beneficial_owner,GOVERNMENT OF THE PEOPLES REPUBLIC OF CHINA,CHINA,2009-12-29
014e47a7-7268-7801-b33f-3d875e11b589,beneficial_owner,AMA MARINE PCL,THAILAND,2017-02-27
014e47ca-7740-7def-83e4-b0a285d1b475,beneficial_owner,WAN HAI LINES LTD,TAIWAN,2008-01-02
014e46f4-fed0-75ab-b2c0-ce20dcea251a,beneficial_owner,NYK LINE,JAPAN,2023-08-02
014e46ec-82f0-7e8f-92f8-782c5a51dcb7,beneficial_owner,COSCO SHIPPING LINES CO LTD,CHINA,2022-11-01
0194ced0-1150-7c6b-aa24-dd055d55466a,beneficial_owner,CHINA CINDA ASSET MANAGEMENT CO LTD,CHINA,2013-01-01
014e4cf2-3e88-756f-8a76-46af46a4aa49,beneficial_owner,GAS SHIPPING JSC VIETNAM,VIETNAM,2025-07-16
014e47b5-5130-78f5-a5ee-a25f8bd1bd9c,beneficial_owner,NYK LINE,JAPAN,2009-06-11
01872719-f000-74de-99e8-d8c033f626e8,beneficial_owner,SINOKOR MERCHANT MARINE CO LTD,REPUBLIC OF KOREA,2021-08-02
0180c0f5-d8f8-7161-b609-9bac1e96c648,beneficial_owner,CHINA COSCO SHIPPING CORP LTD,CHINA,2022-06-22
014e46f9-e8a0-766a-a3e1-a7dce528bf54,beneficial_owner,SITC INTERNATIONAL HOLDINGS CO LTD,HONG KONG,2012-10-22
014e4819-8970-7492-b4de-d8cff62130aa,beneficial_owner,COSCO SHIPPING ENERGY TRANS,CHINA,2016-06-03
014e46fc-80b0-7c9a-88b7-0163a57240ab,beneficial_owner,SOKI KISEN KK,JAPAN,2012-07-01
014e46fa-b3c0-7d8f-b59a-18171600fb21,beneficial_owner,MOLLERMAERSK AS,DENMARK,2023-05-19
014e46f1-5d20-73cb-8454-a5ab9d425a6d,beneficial_owner,SOARING DRAGON ENTERPRISE,CHINA,2011-05-20
015667fa-ec68-77ac-af8c-b1f661e93d79,beneficial_owner,COSCO SHIPPING ENERGY TRANS,CHINA,2016-09-26
014e471d-62a8-76d1-9719-07cc53c762e1,beneficial_owner,PAN OCEAN SHIPPING CO,REPUBLIC OF KOREA,2009-11-06
01742e02-da48-7b8f-836c-993dac77e74c,beneficial_owner,WAN HAI LINES LTD,TAIWAN,2018-11-22
0197f6b1-b1d0-791d-8673-a0078b3e75a9,beneficial_owner,SHENZHEN OCEAN SHIPPING CO COSCO SHENZHEN,CHINA,2025-09-01
014e4734-7cb8-73a1-82a4-d2384489f330,beneficial_owner,HAINAN RAILWAY CO LTD,CHINA,2018-02-01
01808739-2980-752d-9290-a238ac86e5e1,beneficial_owner,CMB FINANCIAL LEASING CO LTD,CHINA,2022-06-16
014e4854-f460-7d77-bff6-22a96e6294cc,beneficial_owner,ANDALAS BAHTERA BARUNA,INDONESIA,2021-11-15
014e4752-12f0-7fa1-9b07-ac648430a556,beneficial_owner,SHIN DOUN KISEN CO LTD,JAPAN,2014-01-01
014e46ff-7298-7300-a203-24bc20d1e580,beneficial_owner,TRUONG LONG VN JSC,VIETNAM,2025-05-06
014e4852-f4a8-76d6-9447-6d0318c7b6c3,beneficial_owner,NANJING OCEAN SHIPPING CO LTD NASCO,CHINA,2024-08-01
014e46ef-9be8-702f-a4c3-0bad3173f282,beneficial_owner,NYK LINE,JAPAN,2021-08-13
019376c2-8d90-7cca-82c9-c2465c76c89e,beneficial_owner,XINGTONG SHIPPING CO LTD,CHINA,
014e4875-3e00-75b0-97ac-878f31749bbd,beneficial_owner,GLOBAL SHIP LEASE INC GSL,UNITED KINGDOM,2020-05-01
014e46ea-6010-766a-a572-e98c0fee4f48,beneficial_owner,YANG MING MARINE TRANSPORT CORP,TAIWAN,2007-08-08
014e47c4-c250-743c-adc8-5a0226ab34b1,beneficial_owner,PACIFIC INTERNATIONAL LINES,SINGAPORE,2021-09-16
01899bd4-5050-7ac6-9df9-0dc00042c17d,beneficial_owner,HOA PHAT GROUP JSC,VIETNAM,2023-09-12
01808792-e628-7de6-8261-9657063741f8,beneficial_owner,CHELSEA SHIPPING CORP,PHILIPPINES,2017-04-07
014e4711-fcb0-7f69-9b9e-718367bff3e8,beneficial_owner,COSCO SHIPPING LINES CO LTD,CHINA,2012-06-18
014e47f5-3890-78bd-910e-657e57774769,beneficial_owner,REGIONAL CONTAINER LINES PUBLIC CO,THAILAND,2005-04-19
01894482-18a0-74ae-aaae-8f874ec5d78d,beneficial_owner,TS LINES LTD,TAIWAN,2021-08-09
01808738-4308-7a6f-8d53-31647f5e052e,beneficial_owner,SITC INTERNATIONAL HOLDINGS CO LTD,HONG KONG,2012-06-27
0196dc64-1a30-700a-9141-91c5f3a1ab05,beneficial_owner,TODA KISEN K K,JAPAN,2025-07-14
014e4749-b268-7170-8e07-7948694d84ea,beneficial_owner,VIET THUAN TRANSPORT CO LTD,VIETNAM,2025-11-20
014e46f4-2fc8-7cae-8cde-531640b7b0fc,beneficial_owner,CIDO SHIPPING AND TRADING CO,HONG KONG,2006-06-02
014e47a2-c330-736a-90a7-43da5eb1e46c,beneficial_owner,AMA MARINE CO LTD,THAILAND,2018-03-20
014e46eb-65c8-76eb-8cfd-05a56a368a1a,beneficial_owner,VELOS DRY LTD,GREECE,2024-06-06
014e9f18-4220-7a43-bf5c-d4f4c5765122,beneficial_owner,BW LPG HOLDING LTD,BERMUDA,2016-12-05
01808739-fc70-79df-86c2-dec738284360,beneficial_owner,COSCO SHIPPING DEVELOPMENT,CHINA,2023-04-01
017ac282-05f8-7ff6-972c-4a7b1f2bdd5e,beneficial_owner,USUI KAIUN CO,JAPAN,2021-09-27
0176211a-1088-7902-9510-6c36d82e71d2,beneficial_owner,COSTAMARE SHIPPING CO SA,GREECE,2018-05-14
014e46ea-f868-7390-9f9f-bf53d43b5475,beneficial_owner,NINGBO HEZHONG SHIPPING CO LTD,CHINA,2017-07-11
014e4704-6438-7b91-aafe-0e4ea47c6659,beneficial_owner,NMB SHIPPING LTD,LIBERIA,2025-05-16
014e46f7-2598-7034-ae0e-5120be3e8b00,beneficial_owner,HAI DANG MARINE CO LTD,VIETNAM,2022-01-14
019bea1d-d3f0-7844-893b-65a471e7e57d,beneficial_owner,ZHEJIANG CHANGRUN SHIPPING CO LTD,CHINA,2026-04-28
01856ab1-a080-7922-8044-3fab395d6c76,beneficial_owner,KITAURA KAIUN KK,JAPAN,2023-01-11
014e46ed-d6c8-7652-a64c-57f95ffbdc70,beneficial_owner,AMA MARINE CO LTD,THAILAND,2017-08-30
01756803-e0b0-700e-8e91-05db45d98535,beneficial_owner,ZHEJIANG DONGRUN SHIPPING,CHINA,2021-03-30
017ac1dd-26f0-73f7-bc30-83d4ace74cfc,beneficial_owner,MOLLERMAERSK AS,DENMARK,2025-05-06
01836f7c-7538-78bb-a4f8-b734d170b26f,beneficial_owner,HPS SHIP MANAGEMENT CO LTD,VIETNAM,2024-07-10
014e46f4-1c40-7926-a4be-70fbe18b0f5e,beneficial_owner,TANGSHAN DONGFANG SHIPPING,CHINA,2020-11-24
014e4717-09a8-7c07-8092-53a252ad895c,beneficial_owner,BRUNEI SHELL TANKERS SENDIRIAN BHD,BRUNEI,2016-04-05
016b452a-cf90-7ef2-997e-268e3baca64e,beneficial_owner,MSC MEDITERRANEAN SHIPPING CO,SWITZERLAND,2017-09-22
01827b44-1660-73f4-8719-bb8f49c451aa,beneficial_owner,SHOEI KISEN KK,JAPAN,2018-02-27
014e46ec-a230-7b66-885c-39c409662568,beneficial_owner,SINOKOR MARITIME CO LTD,REPUBLIC OF KOREA,2026-04-15
0164fbcd-2150-7757-b45d-1211d2bd646e,beneficial_owner,LUCKY IMPACT LTD,HONG KONG,2025-02-07
016eb0dd-b088-7ffe-ba82-be24b5148f1a,beneficial_owner,JOHN SWIRE & SONS LTD,UNITED KINGDOM,2020-01-17
019a2354-9c78-7483-a135-ffb991d37ef9,beneficial_owner,NORWEGIAN CAR CARRIERS ASA NOCC,NORWAY,2023-11-13
014e7411-a008-7aa0-b882-0bd8ad9a7f83,beneficial_owner,DALIAN SENYI SHIPPING LTD,CHINA,2023-10-09
018097dd-6e68-79d7-b0b2-d32d62677030,beneficial_owner,QUYET TAM SHIPPING CO LTD,VIETNAM,2019-05-01
019a4d0b-75a0-7712-9eab-c46e53d8d2af,beneficial_owner,CHINA MERCHANTS BANK CMB,CHINA,2025-12-22
0191dd12-3a48-786a-bec6-245b3caa44f5,beneficial_owner,HUBEI CHUDAO WATERWAY TRANS,CHINA,2019-11-05
015185db-1be0-798e-993b-3442a0621638,beneficial_owner,XINGTONG SHIPPING CO LTD,CHINA,2015-12-17
018a32d1-d130-72fd-8c66-726dc1cfc8af,beneficial_owner,PAN OCEAN SHIPPING CO,REPUBLIC OF KOREA,2023-09-04
014e4daa-0180-7557-9b7b-2c8cadf802ed,beneficial_owner,BERNHARD SCHULTE GMBH CO KG,GERMANY,2015-07-31
014e46ea-3900-7723-b86b-a96d73381221,beneficial_owner,GUO XING SHIP MANAGEMENT CO LTD,CHINA,2018-02-26
01808ba3-6d28-7a44-b8e6-a0413b1f5759,beneficial_owner,ROYAL MARITIME JSC,VIETNAM,2015-09-15
014e46ed-d6c8-7a0f-8744-a9cfaa9b1b5f,beneficial_owner,QINGDAO PENGTENG INTERNATIONAL SHIP MANAGEMEN,CHINA,2016-05-23
014e5f19-6668-77da-93ac-8a09c8540d5f,beneficial_owner,TTP IET JSC,VIETNAM,2022-06-15
0160affd-f7a8-750e-ba22-320878ee96af,beneficial_owner,SERENITY SHIP MANAGEMENT FZCO,UNITED ARAB EMIRATES,2022-07-25
0197f832-fe88-772e-bdf1-e9b37b435bb8,beneficial_owner,RUN XIANG SHIPPING CO LTD,CHINA,2024-09-16
01808739-6fd0-7369-8b82-d7b30fa65af9,beneficial_owner,HMM CO LTD,REPUBLIC OF KOREA,2023-09-27
016e4509-d2b0-7f9b-a3ca-48458bd90411,beneficial_owner,VIEN DONG MANUFACTURE TRADING & SHIPPING JSC CONG TY CO PHAN SAN XUAT THUONG MAI & VAN TAI BIEN VIEN DONG,VIETNAM,2022-06-16
015e84fe-b2b0-7c22-8131-16a86c4adea4,registered_owner,QUANZHOU ANSHENG SHIPPING CO LTD,CHINA,2017-08-17
014e554b-d148-7763-b305-81353409f84e,registered_owner,CHINA OILFIELD SERVICES LTD COSL,CHINA,2011-12-16
014e46f6-0c58-733c-8b95-f7dbc1cb1b82,registered_owner,NEWCONTAINER NO 15 MI SHIPPING,MARSHALL ISLANDS,2010-01-11
014e57f5-4668-70f7-b53f-0862b7111170,registered_owner,MAGNA OCEANWAY LTD,LIBERIA,2023-10-23
014e46eb-5628-745d-a171-882c035e56cb,registered_owner,HAIANTS JSC,VIETNAM,2020-07-27
018808dc-66d0-748d-9014-2fb195da4ec7,registered_owner,TS KINGDOM HOLDING LTD,MARSHALL ISLANDS,2023-07-07
0186086d-d870-7149-ae09-ebc38b6c5e61,registered_owner,BEN NEVIS SHIPPING INC,BRITISH VIRGIN ISLANDS,2011-06-03
014e47b3-0f10-7396-ad8c-f9895b1dc774,registered_owner,BERGE STANLEY CO INC,MARSHALL ISLANDS,2019-03-12
017f96ad-05e0-7acf-9f46-6e743e4e5b47,registered_owner,PSILI SHIPPING LTD,MALTA,2022-07-29
018fe606-9470-733a-af09-07a49bdffead,registered_owner,SITC MINHE SHIPPING CO LTD,CHINA,2024-07-02
0192e06a-ca60-766d-a222-d76e2ee4de83,registered_owner,SOUTH CHINA TOWING CO LTD,HONG KONG,2018-10-25
0171c4c2-ec28-7ba1-8fb7-4a481a85bc35,registered_owner,YANG MING SINGAPORE PTE LTD,SINGAPORE,2024-01-01
014e4723-5de8-7d30-841f-038683cc90f5,registered_owner,FPMC BALANCE MARINE CORP,LIBERIA,2011-06-15
014e46eb-b000-7c8c-9234-86e252ee7ec0,registered_owner,SMART BAY LTD,FRANCE,2015-06-12
01668b3c-f198-78d3-88b3-0ddc3e5c2323,registered_owner,EVERGREEN MARINE ASIA PTE LTD,SINGAPORE,2026-01-15
0173c22d-9128-71ed-a5c3-b36891211d96,registered_owner,RAINBOW SHIPPING LTD,HONG KONG,2020-11-10
014e4789-18e0-79a8-8cab-9c56ecc3c798,registered_owner,MINSHENG FINANCIAL LEASING CO,CHINA,2012-01-01
017d0885-2bc8-7c02-8c75-0cd884fe83f6,registered_owner,SHENZHEN HAIFA SHIPPING CO LTD,CHINA,2021-11-26
014e4765-0a68-7871-97ce-96c7a993f26c,registered_owner,PHERENICE OCEANWAY LTD,LIBERIA,2023-07-10
014e4703-a0e8-750c-9e9e-572ba464c4c4,registered_owner,HF FORTUNE SHIPPING CO LTD,HONG KONG,2019-04-28
0195ea7e-3ac0-70b7-8a42-d5b2cacf4683,registered_owner,EVERGREEN MARINE ASIA PTE LTD,SINGAPORE,2025-05-13
018fa93d-aab0-76e7-b0b5-b589ca0e1a30,registered_owner,VIET THUAN TRANSPORT CO LTD,VIETNAM,2024-06-27
0180873e-3a60-7dee-91ae-c09106db93c2,registered_owner,VIETNAM NATIONAL PETROLEUM CORP PETROL,VIETNAM,2016-11-08
014e46eb-17a8-72e8-bf44-12876e7b748e,registered_owner,MIDAS LINE SA,PANAMA,2019-01-12
014e47af-f230-76b0-96fe-f184819b7ba4,registered_owner,ABC FOUR PTE LTD,SINGAPORE,2014-09-03
014e4704-3940-7bf1-be90-0cc2cc4fa0e9,registered_owner,KAWASAKI KISEN KAISHA LTD,JAPAN,2024-03-01
014e46ee-1160-7277-9436-2417d294aa70,registered_owner,CNK COMPANIA NAVIERA KALINA SA,SWITZERLAND,2009-05-01
014e46ea-c1b8-7111-9ffb-6349e70ccbd6,registered_owner,SHANGHAI XIN YUAN HAI JI,CHINA,2022-03-01
01591a98-1e70-766a-b801-c6bba6ceae44,registered_owner,REMETZO MARINE SA,LIBERIA,2022-09-01
01742f6b-5770-703c-9e9a-07bb05ee511b,registered_owner,SHANGHAI ZHONGGU LOGISTICS CO,CHINA,2018-04-18
014e5233-46a8-7e9c-9ed9-ef1f33cd0b7d,registered_owner,YANG MING MARINE TRANSPORT CORP,TAIWAN,2011-01-01
014e4822-3fe8-7cb9-b9e2-7b03ef2e8e60,registered_owner,CSCL PACIFIC OCEAN SHIPPING CO,HONG KONG,2014-12-19
014e46ff-9d90-789c-a0e3-61329c05950b,registered_owner,REGIONAL CONTAINER LINES PTE,SINGAPORE,1997-01-01
014e46f8-2f38-7225-8e82-f1ad0c03080a,registered_owner,CAPE SHIPPING & TRADING LTD,LIBERIA,2021-11-24
018088df-c500-7062-81d6-fb3a7097129f,registered_owner,VIETNAM NATIONAL PETROLEUM CORP PETROL,VIETNAM,2022-03-29
014e4746-2c10-728d-9bd1-b2fb8fa20e13,registered_owner,ADRASTEIA OCEANWAY LTD,LIBERIA,2023-05-22
01571494-97a8-7164-9885-870c063d674e,registered_owner,SHANGHAI GUOJIN LEASING CO LTD,CHINA,2024-04-26
01909542-4678-74b0-81d4-5c5caa09c6b1,registered_owner,HONO SHIP INVESTSUN ALLIANCE,DENMARK,2024-08-08
018ff08f-6340-7306-9c8c-984c8f53dd2c,registered_owner,STEPHANIA SHIPPING LTD,LIBERIA,2024-06-28
018d25e7-21e8-7de1-9a68-1248f984a255,registered_owner,GRACE OCEAN PTE LTD,SINGAPORE,2024-03-19
014e4acc-5d00-7c44-b22d-c72b6ac772eb,registered_owner,SKY VICTORY SHIPPING LTD,HONG KONG,2024-11-25
01741ea7-51a0-7a70-8b02-6edc39daccb3,registered_owner,RUI KANG SHIPPING LTD,HONG KONG,2021-03-01
01929a3c-0a18-794b-bc4b-6a25c4102b07,registered_owner,SPLENDOR SHIPPING MARITIME LTD,MARSHALL ISLANDS,2024-11-01
014e4703-9d00-74c9-a001-e605caa5cca5,registered_owner,KOREA MARINE TRANSPORT CO LTD KMTC,REPUBLIC OF KOREA,2006-01-01
014e46f7-8740-784d-a988-f6f202394ad4,registered_owner,OLYMPIAN PEARL MARINE LTD,CYPRUS,2013-07-19
01869d7a-33c8-7b98-84a5-d8d8ea2fb139,registered_owner,NANJING SHENGHANG SHIPPING CO,CHINA,2023-10-20
018089c4-e928-769b-ad5e-6cc36cf18456,registered_owner,GLOBAL TANKER JSC,VIETNAM,2019-07-24
0162e0b1-7120-76a2-ab71-24d15ab691c3,registered_owner,WANDA SHIP HOLDING LLC,JAPAN,2018-06-06
01826914-7a70-7515-a188-27e0b0dd1a24,registered_owner,JIANGSU LINZHOUYANG SHIPPING,CHINA,2022-08-16
014e54bc-3790-7f00-984a-af4d2e801f00,registered_owner,SIAM LUCKY MARINE CO LTD,THAILAND,2009-02-25
0172bd3f-8460-7e1e-b34a-8af19ba33786,registered_owner,SUN LANES SHIPPING SA,JAPAN,2020-06-16
0187c5be-74b0-7011-8aa8-6b709b3ffec2,registered_owner,SITC HUIMING SHIPPING CO LTD,HONG KONG,2023-05-30
015c4781-6b78-78d4-920f-e14be60c7360,registered_owner,CHIE SHIPPING SA,PANAMA,2017-06-16
01716c4b-62a0-7793-a518-84a97d3ff383,registered_owner,RUICO SHPG LOGGUANGDONG RUICO,CHINA,2024-12-24
014e46eb-7950-74ef-8987-f9fb0e41d563,registered_owner,MAERSK AS,DENMARK,2015-05-06
0155f7ff-0bd8-7fcd-b4e4-5116b015ef2f,registered_owner,AVANGAAD BHD,MALAYSIA,2016-04-20
015dab79-2e80-7f02-901b-e754787339b8,registered_owner,GREENCOMPASS MARINE SA,PANAMA,2017-09-03
016db3ab-4100-73e5-aa4b-7bba72b224a3,registered_owner,GOODWILL MARITIME PTE LTD,SINGAPORE,2019-10-30
014e479a-6a78-7442-a413-9444bc1dc2db,registered_owner,SITC HONGKONG SHIPPING ENT INC,PANAMA,2007-06-08
0194f390-7048-72db-b83a-e07547c3baad,registered_owner,EVERGREEN MARINE ASIA PTE LTD,SINGAPORE,2025-03-06
019b1cd9-03d8-7ba5-81f3-24820cb4af2e,registered_owner,CHINA HARBOUR ENGINEERING CO,CHINA,2026-01-12
014e474b-19c8-7dcb-bd44-d296455903ea,registered_owner,HONG KONG HAICHANG HOLDINGS,CHINA,2024-06-04
017313d7-97b8-7435-8351-abf2f2744171,registered_owner,GOODWILL MARITIME PTE LTD,SINGAPORE,2020-07-28
014e46ea-6010-72c7-9456-6f79640304f6,registered_owner,NEW GDYNIA SHIPPING & TRADING,LIBERIA,2021-07-28
014e4749-3950-7741-b408-107a034aa030,registered_owner,KAW1555 SHIPPING SA,PANAMA,2026-02-01
014e46ea-a660-71ed-8025-569c8c8002fc,registered_owner,CHINA HARBOUR ENGINEERING CO,CHINA,2023-08-29
014e46ed-4a28-719e-bf1d-e1b5f0dfa3d2,registered_owner,CLARIMOND NAVIGATION CORP,GREECE,2017-01-19
01851aaf-6b30-78ce-81e3-3dd7e6f390ac,registered_owner,SAN CLEMENTETOKYO SANGYO,PANAMA,2023-01-16
0197cf08-0dc8-7c25-bee6-e975b7393b1c,registered_owner,CHINA HARBOUR ENGINEERING CO,CHINA,2025-07-15
014e46f5-c9f0-7c94-aa1d-2634fa057c1f,registered_owner,ANDALAS BAHTERA BARUNA,INDONESIA,2021-04-05
014e4bc8-7040-7968-aece-df1c38d8957a,registered_owner,CHINA SHIPPING CHEMICAL CARRIER CO LTD,CHINA,2013-05-06
0180873c-1b68-70b8-be29-d1cdcd1f2e44,registered_owner,SHANGHAI XIN YUAN HAI JI,CHINA,2022-10-01
01742ffc-8380-7976-b69f-ea98387beee8,registered_owner,KOREA MARINE TRANSPORT CO LTD KMTC,REPUBLIC OF KOREA,2022-02-07
0190159e-72c0-772b-b022-366cc6a69e03,registered_owner,WAN HAI LINES SINGAPORE PTE,SINGAPORE,2024-07-09
018dd685-d2d8-7cbe-8a1f-eaa0d12fd6d1,registered_owner,HAIANTS JSC,VIETNAM,2024-04-24
0157f64b-3f08-790e-be6e-e9a8cbb94c3e,registered_owner,ZHONGSHAN HONG KONG PASSENGER,CHINA,2018-03-01
0168930a-7678-79d2-b2ab-4dd8389fa023,registered_owner,DOXA SHIPPING CORP,GREECE,2019-03-27
017f76b0-6ca0-7ba7-a071-3a034c36f1b5,registered_owner,JIANGSU FINANCIAL LEASING CO,CHINA,2022-04-01
018ad9c4-a5d0-7cb4-a700-fd08843aa925,registered_owner,KAIRASU SHIPPING SA,SINGAPORE,2023-11-07
01521b61-71c8-7019-88f3-f1bc754af977,registered_owner,KINGSWOOD MARINE SA,MARSHALL ISLANDS,2010-03-26
01681c64-a340-7466-9789-47def0867a91,registered_owner,TUNG LINH SHIPPING CO LTD,VIETNAM,2023-06-23
0180f4e7-9b88-7ab8-ab23-0f4aa7295c14,registered_owner,SITC LIDE SHIPPING CO LTD,HONG KONG,2022-06-20
018f382c-1c30-7933-817c-137aabcdc4b0,registered_owner,DONG YOUNG SHIPPING CO LTD,REPUBLIC OF KOREA,2024-05-28
014e4d75-5520-7e86-8957-21210dc9da64,registered_owner,SPEEDCARRIER NO 1 CORP,LIBERIA,2007-09-01
014e4723-d318-78aa-93ae-af64a121e297,registered_owner,CMA CGM SA THE FRENCH LINE,FRANCE,2026-01-15
014e46f0-a1a0-7256-a9cc-9cd3b719985a,registered_owner,COSCO AQABA SHIPPING LTD,HONG KONG,2013-09-04
014e48e1-1b48-78af-890e-a12b4fc0629a,registered_owner,YANG MING MARINE TRANSPORT CORP,TAIWAN,2024-11-30
014e46eb-5df8-7292-8612-52d2638fd04c,registered_owner,LONGHAI INTERNATIONAL SHIP,HONG KONG,2022-05-31
014e46eb-bbb8-7993-b31b-4fb500457a16,registered_owner,NEWCONTAINER 1421 SHIPPING INC,MARSHALL ISLANDS,2020-06-15
014e473e-8ed8-7a2c-a0d5-82905b1ba436,registered_owner,NEW WISDOM SHIPPING CO LTD,CHINA,2014-11-15
0165aef3-cd10-7903-bcaf-d9395868edf8,registered_owner,ZHONGSHAN HONG KONG PASSENGER,CHINA,2018-10-05
017bbeba-5e10-7597-bb5b-7266002e615e,registered_owner,MIDAS LINE SA,PANAMA,2021-10-07
01924a9c-d488-7b40-a7d7-1d7764223d1c,registered_owner,GMF NS NO 2 SA,LIBERIA,2024-10-23
014e4766-3b18-7875-b6d8-f7f3863de71e,registered_owner,BEATRIX SHIPHOLDING SA,PANAMA,2015-07-24
015cf6ce-b180-721d-8e5d-9cbf672d545c,registered_owner,TS EMPIRE HOLDING LTD,MARSHALL ISLANDS,2017-07-21
0180b67e-6f48-72ad-a2d5-da5870e9e0cf,registered_owner,SOLT HOLDING PANAMA 43 SA,PANAMA,2022-06-21
014e4c1d-1c08-7738-aba6-1b82a7d573aa,registered_owner,NEWCONTAINER 1565A SHIPPING INC,MARSHALL ISLANDS,2024-12-31
014e46f9-f070-79cf-a08a-9a8c3eea17c5,registered_owner,EFFORT PLUS LTD,HONG KONG,2012-01-06
01978823-9dc8-7d5d-a1e5-e8f5d6e69397,registered_owner,CHINA HARBOUR ENGINEERING CO,CHINA,2025-05-28
014e46f2-a928-70ec-9c30-f36197e0efb7,registered_owner,WAN HAI LINES SINGAPORE PTE,SINGAPORE,2005-11-13
0183a85e-8bc0-7247-b018-f85148f716a0,registered_owner,EASTERN MUSE SA,PANAMA,2022-10-26
018c3813-8e98-73d4-81d7-723f6a75f8fd,registered_owner,MELODY 3 SA,MARSHALL ISLANDS,2024-01-22
018325b7-72b8-7500-864c-16bbab7cf7fe,registered_owner,SHANGHAI COSCO SHIPPING HONG,HONG KONG,2022-10-18
014e53df-73f0-75ab-beaf-c39906a01e15,registered_owner,LEGENDSEA CO LTD,VIETNAM,2022-02-03
014e4aac-d2c8-7c4b-8e2f-f7a95db4bf48,registered_owner,NEWCASTLE SHIPPING CO LTD,LIBERIA,2025-02-19
014e58b4-77b8-7cf9-ac3d-06ccc8b463a0,registered_owner,ALIZE 1992 SNC,FRANCE,2009-03-19
014e46f1-8c00-70fc-aae1-0b4d2609e684,registered_owner,FRANBO BRIGHT LTD,MARSHALL ISLANDS,2021-11-30
014e48d5-8a58-7efd-b1dd-efc63cd0bcaf,registered_owner,TIMES SHIPPING LTD,CHINA,2014-07-08
014e5668-7478-7c87-b394-888d6b716f25,registered_owner,YIU LIAN DOCKYARDS LTD,CHINA,2012-09-17
0174aed2-be68-7561-ba05-65475d20b9c1,registered_owner,YANG MING SINGAPORE PTE LTD,SINGAPORE,2023-12-31
014fa192-1e80-7ce2-a81b-e82042ab1d0e,registered_owner,SHANGHAI GUOJIN LEASING CO LTD,CHINA,2018-08-29
014e46ec-f820-7ef1-8ef4-06b5829960dd,registered_owner,KOREA MARINE TRANSPORT CO LTD KMTC,REPUBLIC OF KOREA,2005-01-01
014e46ec-d8e0-7703-b992-ada4eaa3980d,registered_owner,CAPETANISSA MARITIME CORP,LIBERIA,2006-06-08
019aae34-0c70-7ed4-bede-0a84f2fafa3f,registered_owner,VINACOMIN WATERWAY TRANS JSC,VIETNAM,2021-12-31
014e46ea-e4e0-7df8-a473-524471254f95,registered_owner,SEMELI OCEANWAY LTD,LIBERIA,2023-12-28
014e4702-9360-749a-86f3-a6f94e303949,registered_owner,ALINE MARINE SA,MARSHALL ISLANDS,2012-06-26
018804ce-9338-70a5-9743-2145387e80b5,registered_owner,EUROPEAN ANTHEM SHIPPING CO,MARSHALL ISLANDS,2023-06-05
014e5dd9-4548-72e4-ad11-419135092418,registered_owner,NHAT VIET MARINE SERVICE JSC,VIETNAM,2024-04-08
0191dee3-ed08-74bc-a89e-8e6ca4261823,registered_owner,SITC RUIDE SHIPPING CO LTD,CHINA,2024-09-27
014e4879-2dd0-7787-8333-072d18618487,registered_owner,PST MANAGEMENT PTE LTD,SINGAPORE,2006-05-26
014e46f1-41c8-7492-a374-c310539bbdd3,registered_owner,SHANGHAI XIN YUAN HAI JI,CHINA,2022-06-30
0188171e-2e90-7f57-ad2d-8e0ea9a7cb8a,registered_owner,GOOD OCEAN MARITIME SA,PANAMA,2025-09-03
0166c31b-4fd8-7954-853e-d16ad11cf25e,registered_owner,COSCO SHIPPING SAKURA LTD,HONG KONG,2018-12-11
014e46f2-0518-7aae-ad05-c0edc1b2835b,registered_owner,CORAL CANAL SA,PANAMA,2007-10-10
018ef4af-f4e0-79e0-bc17-a17654e787cd,registered_owner,JIC LEASING SHANGHAI CO LTD,CHINA,2024-05-21
01929d83-5190-702b-a986-9ae2c074399a,registered_owner,NEW WORLD SHIPPING LTD,CHINA,2024-11-25
014e4712-ac78-7cb1-a0e9-63525ff1b143,registered_owner,FPMC LORD MARINE CORP,LIBERIA,2011-05-09
018354c2-f370-70ea-b61b-a6937ee2e94c,registered_owner,LSMHL7 CO LTD,MARSHALL ISLANDS,2022-11-09
014e4a74-b398-7337-b506-1a321806c77f,registered_owner,OLIVA MARINE CO,LIBERIA,2024-10-30
014e46ea-2578-78ab-b72f-04e15fa31da8,registered_owner,CENTRO SHIPPING SA,PANAMA,2014-03-01
014e473a-aea8-7119-93ec-0546caaece51,registered_owner,SYNVIEW LTD,BRITISH VIRGIN ISLANDS,2023-02-27
014e46f7-4ca8-71d8-b8c3-6bcedb3c1f85,registered_owner,AUSIN HOLDINGS PTY LTD,SEYCHELLES,2021-06-03
01656896-c908-7518-b1ab-1d4a20402f85,registered_owner,HAINAN WIDESHINE MARITIME LTD,CHINA,2024-05-10
014e47fb-b8a0-7bc6-a07a-1c789f2c35c5,registered_owner,OCEAN TRINITY SH NO 12 SA,PANAMA,2020-01-01
014e46f8-2b50-7fa5-837c-4f35983b7791,registered_owner,COSCO SHIPPING BULK LTD,CHINA,2019-01-10
014e473a-ba60-76a8-ba0a-229427be2f9b,registered_owner,GSL DOROTHEA LLC,LIBERIA,2021-04-26
017e474d-4f60-7c86-ac60-8a323b839817,registered_owner,SEA 123 LEASING CO LTD,HONG KONG,2022-03-04
0197f3d7-1e78-76cf-88f5-3a0b8d58f2d2,registered_owner,SHENZHEN HAIFA SHIPPING CO LTD,CHINA,2020-04-26
014e46fc-80b0-71a9-9efe-83d63703b7f9,registered_owner,SHANGHAI XIN YUAN HAI JI,CHINA,2023-02-01
01584237-05a0-7bf9-94f2-bb851567d175,registered_owner,COSCO SHIPPING SPECIALIZED-CHR,CHINA,2016-11-17
014e46ea-cd70-7431-8760-73049cc13c2e,registered_owner,VIETNAM NATIONAL PETROLEUM CORP PETROL,VIETNAM,2007-04-02
014e61d5-9868-70fd-9697-75ef5e34716d,registered_owner,NGOC ANH VTB TRADING CO LTD,VIETNAM,2025-07-03
017b9f11-a190-792f-90ae-37347728cfbd,registered_owner,WAN HAI LINES SINGAPORE PTE,SINGAPORE,2021-09-30
0197f704-dae0-70d3-b417-7b61d759d736,registered_owner,ZHEJIANG ZHEYIN FINANCIAL,CHINA,2022-10-10
01798203-0e88-7529-8df7-4f6de7f7f4e5,registered_owner,STRAITS BREEZE SA,PANAMA,2021-05-31
014e47a6-ce58-73ed-8c5b-8015969c2d61,registered_owner,MTT SHIPPING SDN BHD,MALAYSIA,2014-12-04
014e47c3-9588-7914-9a71-4af09b458f02,registered_owner,PACIFIC INTERNATIONAL LINES,SINGAPORE,2022-03-17
016bc1bb-19e8-70bb-8148-7e82c3937fd1,registered_owner,GOODWILL MARITIME PTE LTD,SINGAPORE,2019-09-10
014e46f5-06a0-7b4f-8f8c-5957084ee84e,registered_owner,CALLANY,CHINA,2024-04-26
01690a3c-12d8-7d39-9474-0a6e55e3ab59,registered_owner,BAO DAT THANH COMERCIAL JSC,VIETNAM,2023-01-10
014e4d9c-f5a8-7b6b-b31f-7baed2b6e205,registered_owner,WAN HAI LINES HONG KONG,TAIWAN,2009-08-25
014e4765-3560-7f44-8802-7df809a1039c,registered_owner,PROSPEROUS MARITIME HOLDING,LIBERIA,2025-04-09
014e4738-4578-7441-81c8-a65399916b34,registered_owner,PACIFIC INTERNATIONAL LINES,SINGAPORE,2014-10-29
0186fcb3-00b8-78d7-9b36-5d94c1a32e8b,registered_owner,SHANGHAI ZHONGGU LOGISTICS CO,CHINA,2023-04-11
014e4952-28b0-7c11-9eab-3e80bf556786,registered_owner,COSCO LINE NEW JERSEY,UNITED STATES OF AMERICA,1998-11-20
014e4990-e730-766a-8989-c902c4e4876c,registered_owner,UNICORN SUCCESSOR SA,PANAMA,2011-11-15
014e4820-5f70-7b0c-9dba-118f378724b6,registered_owner,CONTINENT MARITIME SA,PANAMA,2020-08-06
014e46fb-ec40-75ba-a172-0ff73c850ad9,registered_owner,UNIFIED SOLUTIONS LTD,BRITISH VIRGIN ISLANDS,2015-03-16
014e47d6-bfc8-7437-8cc5-18071b1728e5,registered_owner,NOTOS SHIPPING & TRADING LTD,LIBERIA,2022-06-27
014e4764-1450-71f1-855a-dbacee228508,registered_owner,SC CHONGQING SHIPPING CO LTD,MARSHALL ISLANDS,2010-04-16
014e49d4-be60-7294-b185-fd093a7ffbf2,registered_owner,FENG LI MARITIME CORP,PANAMA,1998-01-01
014e511d-fa60-775a-91a8-197d0ddb7272,registered_owner,GOLDEN PATHFINDER LTD,HONG KONG,2023-09-22
014e47c5-bc50-78b2-9259-ed0651cba72e,registered_owner,GLOBAL SHIP LEASE 72 LLC,LIBERIA,2023-06-02
01808762-f0d0-70b4-8aa0-7a3dc0e7520e,registered_owner,NHAT VIET MARINE SERVICE JSC,VIETNAM,2024-01-22
014f731c-2708-7481-bb99-cd6f56a73a4c,registered_owner,PACIFIC INTERNATIONAL LINES,SINGAPORE,2015-09-25
0150e9d9-0b58-7342-a1cc-77d29348175b,registered_owner,ACRACO SHIPPING INC,LIBERIA,2018-10-01
0170f5f8-56d0-7528-9287-6acd738aced4,registered_owner,KYOWA KISENGREEN SPANKER,JAPAN,2020-04-23
0170566d-e6c0-7e33-bf35-f40c6adf3cbf,registered_owner,SOUTHERN ROUTE MARITIME SA,JAPAN,2020-03-31
01906daf-4b38-7f54-802f-f27cb9e2696b,registered_owner,NANJING SHENGHANG SHIPPING CO,CHINA,2024-08-07
014e51eb-ba40-75a0-ab63-8c61f88aa9f3,registered_owner,TIDEBAY LTD,GREECE,2009-04-15
015059ad-5458-7c9a-9c8b-9f8a80494b9c,registered_owner,POSCO INTERNATIONAL CORP,REPUBLIC OF KOREA,2021-06-09
014e46f7-d560-7cea-bf0d-a8c769b42771,registered_owner,MITSUI OSK LINES LTD,JAPAN,2018-02-01
014e4712-27a8-7760-a69e-c9c066ae2b67,registered_owner,HAYLING OCEANWAY LTD,LIBERIA,2022-08-22
01808741-10f0-7fe8-8e2a-7d0df334a7d6,registered_owner,AULAC CORP,VIETNAM,2012-10-30
014e46f8-2768-7c76-9026-716af6cb7730,registered_owner,TANZANITE MARITIME LTD,MARSHALL ISLANDS,2025-09-18
014e46e9-f698-7565-a193-233459c73e9c,registered_owner,COSCO SHIPPING BULK NORTH CHINA CO LTD,CHINA,2024-04-26
014e46ed-84c0-787d-88b9-3533aad6a811,registered_owner,WORLD SEA TRANSPORTATION CO,VIETNAM,2025-02-25
014e481a-2998-7a67-b544-8e833607ced2,registered_owner,PERICLES MARINE LLC,MARSHALL ISLANDS,2011-01-20
0187c610-1338-7628-afe5-2b30c342c540,registered_owner,WAN HAI LINES SINGAPORE PTE,SINGAPORE,2023-04-27
014e4765-50b8-7402-b1d2-c57b37ff623f,registered_owner,LIBERO PANAMA SA,PANAMA,2011-11-18
015f7a09-74e8-7d85-8bc9-025588443da9,registered_owner,SUN PLUS MARITIME SA,PANAMA,2017-12-13
014e5291-fcc0-702d-b30e-60b90f1c38c3,registered_owner,POS MARITIME YD SA,PANAMA,2020-10-01
01742d64-b9d0-71f0-bb35-075c0dbbd55a,registered_owner,GUANGXI WUZHOU SHIPYARD,CHINA,2013-01-18
01732d87-fe50-7080-bd75-99b0839c1053,registered_owner,SITC NANSHA SHIPPING CO LTD,HONG KONG,2020-08-12
014e95d4-8de0-775f-ad6c-8a007250765f,registered_owner,AN TIEN MANH CO LTD,VIETNAM,2021-06-02
014e4cf4-f5d8-768f-ae30-47bedbe9005f,registered_owner,NYK VENUS CORP,PANAMA,2017-03-01
014e46eb-e6b0-78cd-988c-00eeb2cfda5a,registered_owner,MERCURY LINES CO LTD,VIETNAM,2023-10-16
0164161b-43f8-7e25-af1b-a750c429f7ac,registered_owner,GREENCOMPASS MARINE SA,PANAMA,2018-07-06
014e4802-d8d8-7d60-8f5b-401f18fe0192,registered_owner,FOCUS SHIPPING CO LTD,CHINA,2022-06-07
014e46fe-16f0-7648-a8a3-d2ff1c537511,registered_owner,DERYOUNG MARITIME HK CO LTD,HONG KONG,2024-04-26
017b7707-b518-7c11-9250-5f0e2073d9c5,registered_owner,YANG MING SINGAPORE PTE LTD,SINGAPORE,2023-12-31
0175684c-95f8-7bee-815a-4897d2879a20,registered_owner,WAN HAI LINES SINGAPORE PTE,SINGAPORE,2020-12-09
014e4edd-c2a8-72ea-abb6-d3a823a7ec9e,registered_owner,DERYOUNG MARITIME HK CO LTD,HONG KONG,2024-04-26
014e46ff-95c0-747c-bc6e-f5d60e33f03f,registered_owner,GUANGXI WUZHOU SHIPYARD,CHINA,2013-01-16
016ef936-7108-7be5-bc1d-539eafd1b6f2,registered_owner,CONTINENT MARITIME SA,PANAMA,2020-01-21
017a45e0-3f10-70e5-bfcc-1535128fa7b2,registered_owner,CATALINA SHIPPING SA,PANAMA,2021-07-21
016e8723-e190-7d1b-ac93-896c0c032561,registered_owner,KYOWA KISENGREEN SPANKER,JAPAN,2020-01-20
0197f3fa-cb48-7fae-9a4e-e3a952bd4ebd,registered_owner,CHINA HUARONG HUAFA SHIP,CHINA,2026-03-19
014e46eb-9c78-7871-b59d-4bf0982d4780,registered_owner,MCC LEASING NO 24 LTD,UNITED KINGDOM,2005-09-27
014e4ad4-11a8-7ad2-ade3-78f54f72bcab,registered_owner,SHANGHAI CHANGJIANG SHIPPING CORP,CHINA,2018-01-18
0186e7b8-4678-7c50-ab9f-c0f4416a2815,registered_owner,YAMIN III SHIPPING SA,LIBERIA,2023-12-27
016ecfb5-da80-7a9f-a5c5-f6d1a2eea12b,registered_owner,WEST FORTUNE SHIPPING SA,PANAMA,2020-01-14
018cc253-95f8-7237-8961-f17dfe34cce0,registered_owner,BUSAN SHIPPING LTD,MARSHALL ISLANDS,2019-11-22
0186949e-f9a0-7a83-b50a-c1b6dbd5b1f4,registered_owner,VISTA SHIP HOLDING SA,PANAMA,2017-03-31
0164a664-a8a0-7585-b005-d50d5bb1557c,registered_owner,GREENCOMPASS MARINE SA,PANAMA,2018-08-30
014e4752-5d28-778d-9d19-29ef5cdd0588,registered_owner,OSTC,VIETNAM,2007-06-01
014e48b7-d4e0-7b67-8bf0-53e4d9b3dd8b,registered_owner,NINH PHUC TRADING TRANSPORT,VIETNAM,2015-01-01
0166c28a-46f0-7017-a14a-674c4f8a9a56,registered_owner,HENG DA SHIPPING LTD,HONG KONG,2018-12-05
014e46ea-b9e8-7e24-8513-b2480a400a4e,registered_owner,SOUTH CHINA TOWING CO LTD,HONG KONG,2013-05-15
016bc093-5ee0-7663-a1dc-ae66d07acdca,registered_owner,MTT SHIPPING BINTULU SDN BHD,MALAYSIA,2019-08-19
019279d4-9178-7e44-bf55-e536c1c60c25,registered_owner,EVERGREEN MARINE ASIA PTE LTD,SINGAPORE,2024-11-21
014e4879-2600-7f82-ac09-bc14b5dd53ec,registered_owner,PRIENOS STAR SA,PANAMA,2010-04-15
0174f99d-caf0-787f-bd05-20458ecaccb9,registered_owner,GLORY OCEAN SHIPPING SA,PANAMA,2025-07-29
0175f799-df90-786c-a0db-face2f2014c5,registered_owner,POS MARITIME KF SA,PANAMA,2024-01-23
01808739-5478-7059-a81e-d5f26a9e6269,registered_owner,HAIANTS JSC,VIETNAM,2022-04-01
014e46ef-70f0-70ee-94eb-2e50e66933c9,registered_owner,NEWCONTAINER NO 103 MI SHPG,MARSHALL ISLANDS,2015-11-23
014e4c27-d238-79c3-bae7-8144f3320bbf,registered_owner,HONGKONG SALVAGE & TOWAGE SRVS,HONG KONG,2023-07-12
0175773b-dbc8-73cc-af1e-8a73d7ff9bd9,registered_owner,WAN HAI LINES SINGAPORE PTE,SINGAPORE,2020-12-31
017195c5-8ca0-7503-a725-c826a5fc128d,registered_owner,YANG MING SINGAPORE PTE LTD,SINGAPORE,2024-01-01
0180874e-a198-7e2a-b1b8-a3684b382ff9,registered_owner,SUN LANES SHIPPING SA,JAPAN,2020-02-10
01926a45-3730-7381-9acb-074f84e2e999,registered_owner,EVERGREEN MARINE ASIA PTE LTD,SINGAPORE,2024-10-29
014e4d99-4070-703c-ad99-e85813dd73a2,registered_owner,PICCOLO MARITIME SA,PANAMA,2014-03-01
016b4973-9118-70c5-a5ce-3696e0654b65,registered_owner,GIANT LINE INC SA,TAIWAN,2019-09-10
018a313e-92b8-7177-9ad8-e18245d43e23,registered_owner,HONGKONG SALVAGE & TOWAGE SRVS,HONG KONG,2023-07-14
014e481d-90b0-7b25-89fa-efde8755eb9a,registered_owner,TVL SHIPPING CO LTD,HONG KONG,2015-01-15
014e4a96-a318-7178-8b60-7b4c12e232ea,registered_owner,AULAC CORP,VIETNAM,2023-05-09
015a5927-4c00-7f86-9553-a82ca87d6414,registered_owner,SOUTHERN DRAGON CHEMICAL SA,PANAMA,2017-03-22
014e46ee-0990-795f-98d5-b31815fb8b1e,registered_owner,HONGKONG SALVAGE & TOWAGE SRVS,HONG KONG,2023-07-13
014e5109-ab28-7370-a41f-f35fc08e556e,registered_owner,L&B AKER FEEDERSHIPS GMBH & CO,GERMANY,2020-09-15
014e46ee-f008-79ec-a55d-109042a99940,registered_owner,PACIFIC INTERNATIONAL LINES,SINGAPORE,2025-03-21
0187bb13-3190-78a1-9389-0c4f7ad32bb0,registered_owner,DIGNITY MARINE LTD,CHINA,2023-10-07
014e47ca-dcd0-7fb9-b3b9-88a7b5e6fb36,registered_owner,POLO EXPORT AND TRADING LTD,LIBERIA,2021-07-20
014e4895-4920-76de-933a-3d9fdee518bc,registered_owner,NEWCONTAINER NO 142 MI SHPG,MARSHALL ISLANDS,2022-06-08
01891a4d-4190-7a25-b98a-fc9eae5131b0,registered_owner,WAN HAI LINES LTD,TAIWAN,2023-08-29
014e47c3-dbd8-7850-8dec-4774f16e3f39,registered_owner,NEWCONTAINER 1370A SHIPPING,MARSHALL ISLANDS,2020-06-16
017c4f89-1f58-7872-a880-c93e521978dc,registered_owner,FOREVER SHIPPING SA,PANAMA,2021-11-04
014e47ca-9298-7f00-9930-33caae3beeb3,registered_owner,VIET THUAN TRANSPORT CO LTD,VIETNAM,2023-11-02
014e4c19-5730-78b7-8cb5-50a525647b1b,registered_owner,SEACARRIERS LINES INC,LIBERIA,2007-11-27
014e4820-1920-7043-9e64-380d7d80b1f5,registered_owner,EVERGREEN MARINE CORP,TAIWAN,2015-01-09
014e4776-a250-7aa1-b5b8-506d0ae81148,registered_owner,SHANGHAI XIN YUAN HAI JI,CHINA,2022-03-01
017c1419-1e78-713c-a068-b1152c89eb29,registered_owner,UMIYAMA LINE SA,PANAMA,2026-03-09
014e470b-1ee0-7c1e-add7-e9a30b4b9eee,registered_owner,EVER BRIGHT SHIPPING SA,JAPAN,2012-05-23
014e46f3-0eb8-733a-90bf-5306a5a76195,registered_owner,HONGKONG SALVAGE & TOWAGE SRVS,HONG KONG,2023-07-12
01815c01-6420-7eef-8455-605a26b9b696,registered_owner,SITC SHANGDE SHIPPING CO LTD,HONG KONG,2022-07-05
014e4c00-e560-7dc0-a27c-b2024c0c0500,registered_owner,COSCOL HK INVESTMENT,HONG KONG,2006-07-18
014e46ec-ec68-7d4f-b6d5-1861401a4ff4,registered_owner,WAN HAI LINES LTD,TAIWAN,2022-09-26
014e46ed-abd0-790b-bc9c-75eb686334ba,registered_owner,TIANJIN YUYUE7 LEASING LTD,CHINA,2023-09-26
014e4764-bc48-7502-b0cb-a0c99f7af9ba,registered_owner,KEELUNG SHIPPING LTD,MARSHALL ISLANDS,2019-11-18
014e4721-8540-7124-868e-227ca5604c1e,registered_owner,TAIWAN POWER CO,TAIWAN,2011-10-17
015d4233-d740-70f8-800a-09fc05445914,registered_owner,GUO HO SHIPPING LTD,HONG KONG,2017-07-06
014e47ab-a0b8-747b-bf0b-25a9c1710d33,registered_owner,AS CASPRIA SCHIFFFAHRTS,GERMANY,2024-02-16
01928e45-9da0-7fab-b96d-b98e369dae5b,registered_owner,CMA CGM SA THE FRENCH LINE,FRANCE,2024-12-25
014e46ea-c988-7105-9216-17ecade86523,registered_owner,AULAC CORP,VIETNAM,2023-02-23
01850e7b-74d0-7beb-8da4-e8a78aa23163,registered_owner,PEARL OCEANIC MARITIME PTE LTD,CHINA,2024-08-19
014e46fb-30c0-7e40-9e20-0a9b995cd35b,registered_owner,BRENDAN OCEANWAY LTD,LIBERIA,2024-11-18
014e46ea-d158-71da-b1ed-e8e4a269e99f,registered_owner,HONGKONG SALVAGE & TOWAGE SRVS,HONG KONG,2023-07-13
018dd856-58d0-74a8-b8c9-cc4eb053c14c,registered_owner,SHANGHAI ZHONGGU LOGISTICS CO,CHINA,2024-04-02
014e479b-a6e0-75ab-a181-0d10e04f25b5,registered_owner,DP WORLD MARINE SPV1 FZCO,UNITED ARAB EMIRATES,2025-12-11
014e473e-b9d0-7847-bc2b-ba94b2aa925a,registered_owner,MIYUNHE MARITIME,PANAMA,2001-03-28
01808beb-3bf8-7111-8a16-5c65496752ed,registered_owner,PHU LONG TRANSPORT SERVICE,VIETNAM,2019-05-29
0183d4c5-3ad8-7c8d-83bb-fd3adcb4f530,registered_owner,WAN HAI LINES SINGAPORE PTE,SINGAPORE,2022-12-20
014e46ea-b218-7cce-b92d-5c1a86c58f8a,registered_owner,AN BIEN SHIPPING LINES CORP,VIETNAM,2022-03-01
015c3877-d748-7bed-a3b4-efef4d7c0546,registered_owner,GUANGDONG SHIPPING CO LTD,CHINA,2017-06-19
014e48c8-b918-7a89-90fc-e501618109d4,registered_owner,MERATUS LINE,INDONESIA,2017-10-11
018454a3-c9b8-787e-84f8-7ba948b7d6c8,registered_owner,WAN HAI LINES SINGAPORE PTE,SINGAPORE,2023-01-31
014e4747-35b0-7c5b-9e16-8ef96f7f7f2a,registered_owner,NEWCONTAINER NO 141 MI SHPG,MARSHALL ISLANDS,2022-03-14
014e46ea-c5a0-7f7f-9f0a-49cf25953202,registered_owner,HAIANTS JSC,VIETNAM,2021-04-30
0163a825-8bd8-748a-90c3-5f4becb3c512,registered_owner,TRIO HAPPINESS TODA SHIP CO,JAPAN,2016-08-25
014e46ea-fc50-75fe-8951-906430f4b31a,registered_owner,BERGE BROAD PEAK CO INC,LIBERIA,2021-02-11
018a3b4a-6188-7f97-84d5-f98323f9fbbf,registered_owner,FAIR WIND NAVIGATION SA,PANAMA,2023-10-31
01808739-7b88-7028-beda-024906088ebe,registered_owner,HACT LTD,VIETNAM,2017-05-08
014e46f4-00e8-795f-807b-85d9d87b0c6b,registered_owner,CNT COMPANIA NAVIERA TASMANIA,PANAMA,2022-08-21
014e4703-cbe0-7dec-a53e-c0f8816b035f,registered_owner,HILL POWER DEVELOPMENT LTD,HONG KONG,2013-08-28
018b8370-b6a0-74d3-95db-709ced7d5134,registered_owner,HELIOS CONTAINER CARRIER SA,MARSHALL ISLANDS,2024-03-12
01808738-d778-73df-8c53-c5db699ffecf,registered_owner,FOSHAN HAIBOSHUN SHPG CO LTD,CHINA,2014-10-23
017520f2-32a8-774f-af52-f4fe139140fd,registered_owner,SWIRE SHIPPING PTE LTD,SINGAPORE,2020-12-14
014e5611-9248-7316-9ac0-554324526b13,registered_owner,POS MARITIME UC SA,PANAMA,2019-08-01
014e46ef-bf10-7546-af3e-64b9a2702183,registered_owner,HARBOUR ZIRCON SDN BHD,MALAYSIA,2024-06-03
014e46f1-45b0-78fa-8f6a-88f2504cf80f,registered_owner,KORONIS MARINE LTD,LIBERIA,2013-04-19
0159b56a-9068-7585-ab5e-a92faa78d915,registered_owner,DONGJIN SHIPPING CO LTD,REPUBLIC OF KOREA,2017-02-10
01932ea0-c748-7c86-80a5-a89d58efa090,registered_owner,EVERGREEN MARINE ASIA PTE LTD,SINGAPORE,2024-12-31
014e483d-6cf0-7653-bac1-81dcf78150d2,registered_owner,CELLCONTAINER NO 6 CORP,LIBERIA,2011-03-10
01846955-a7a0-7658-a511-563f3b62e93a,registered_owner,SITC XIANDE SHIPPING CO LTD,CHINA,2022-12-12
017ed7d6-9f50-7bf3-a2fe-cb3d7edddaf0,registered_owner,ORDECH SHIPPING LTD,LIBERIA,2025-09-15
01870bd1-e9d8-7c3a-87b7-fd4edae1a052,registered_owner,SOUTH CHINA TOWING CO LTD,HONG KONG,2023-04-21
014e46eb-8120-7d4e-a319-738c373c8ec7,registered_owner,AS CAROLINA SCHIFFFAHRTS,GERMANY,2018-02-09
014e4a7c-c600-7683-9fc6-fcae26221f8c,registered_owner,WAN HAI LINES SINGAPORE PTE,SINGAPORE,2006-04-21
01851185-f998-7314-a95c-a26bf55395f9,registered_owner,BEYOND SHIP TRANSPORT LTD,CHINA,2023-05-01
01903c43-3988-7bf7-80ed-26f406f33899,registered_owner,SH INTERNATIONAL LTD,REPUBLIC OF KOREA,2017-10-24
014e4a95-2830-7920-8d1e-5937d3b365c6,registered_owner,BREEZE 1 SHIPPING CO LTD,BRITISH VIRGIN ISLANDS,2024-03-06
016684dd-0040-7554-9d8b-620e1ab51fec,registered_owner,GREENCOMPASS MARINE SA,PANAMA,2018-11-28
0172c080-d868-791f-9264-947611a7a328,registered_owner,KYOWA KISENGREEN SPANKER,JAPAN,2020-07-07
0190252a-ac40-7f56-b58a-ddba78a59d95,registered_owner,FORTUNE LYCHEE SHIPPING LTD,CHINA,2024-07-18
014e50ef-ddb0-749d-8e22-58c49afa383f,registered_owner,MAERSK SHIPPING HONG KONG LTD,HONG KONG,2022-06-30
01872aac-a028-72ad-913d-d3eed3c62efa,registered_owner,DYNAMIC CLIMBER SHIPPING SA,HONG KONG,2008-04-03
014e46ee-d0c8-7ccd-8d6d-db08140151c3,registered_owner,FAIRSEA MARINE SA,PANAMA,2010-07-09
014e46eb-5240-76b2-9d63-11229f2d1a9a,registered_owner,LEGENDSEA CO LTD,VIETNAM,2024-08-27
014e46f1-5938-7fec-99d6-4c421318f4d1,registered_owner,HONGKONG SALVAGE & TOWAGE SRVS,HONG KONG,2023-07-12
0156fdfd-ffe8-7fdc-b53f-daa2aa9f4c3d,registered_owner,LSMHL23 CO LTD,MARSHALL ISLANDS,2024-01-18
019706c8-4a58-782f-9663-3e45bb10d00a,registered_owner,FUJIAN WANHANG SHIPPING CO LTD,CHINA,2025-10-24
014e46f7-4ca8-750c-ac1b-c6d5d79b38f4,registered_owner,MADELIA SHIPPING CO,LIBERIA,2012-02-09
014e46ea-92d8-731c-a9e8-e43486383aab,registered_owner,SHANGHAI XIN YUAN HAI JI,CHINA,2022-03-01
014e4ee3-aa60-7770-9bc2-a14bd3bb195c,registered_owner,NHAT VIET TRANSPORTATION CORP,VIETNAM,2016-08-01
014e46f0-c8b0-7a7b-9c7b-ad07c39caa5d,registered_owner,EVERGREEN MARINE UK LTD,UNITED KINGDOM,2025-01-27
014e5787-88a8-7baa-9092-1859787b31d0,registered_owner,YU YI SHIPPING LTD,CHINA,2018-03-01
014e491c-cc88-7abb-9468-967a22feec68,registered_owner,KSF GLOBAL NO 34 SA,PANAMA,2024-05-02
014e46eb-61e0-7690-a4f0-542b8c054b36,registered_owner,TAN VUONG TRADING CO LTD,VIETNAM,2021-10-28
01502a70-4808-7460-80b4-6cbe30b2c562,registered_owner,HAPAG-LLOYD AG,GERMANY,2023-02-01
01893651-1da8-7df8-908f-660f8c522664,registered_owner,DIGNITY SHIPPING CO LTD,HONG KONG,2023-08-22
014e46f2-4b68-72d9-85f4-7e4c094d0ed7,registered_owner,EVERGREEN MARINE CORP,TAIWAN,2012-10-22
0177ec3d-95b8-725f-9013-fa953cbb19f4,registered_owner,SHOKUYU NAVIGATION CO SA,PANAMA,2021-03-22
01876e75-ddd8-7f33-9bd5-a9df3063982d,registered_owner,NEWCONTAINER NO 109 MI SHPG,MARSHALL ISLANDS,2023-07-03
014e46ea-0250-7978-9aa3-787ad6b05f49,registered_owner,SOUTH CHINA TOWING CO LTD,HONG KONG,2013-12-02
014e5338-c7f8-7dc6-a307-9592a6368114,registered_owner,VINACONNECT TRADING & INVEST,VIETNAM,2015-11-19
014e4709-3698-79a4-b58d-22eafb7cb72d,registered_owner,YIU LIAN DOCKYARD LTD,CHINA,2008-01-30
014e4a26-d9e8-713a-8ea8-e44d56fb0551,registered_owner,HIMOROV SHIPHOLDING SA,PANAMA,2023-03-06
01961a03-e4e8-7007-8c4b-4d90c3d85e34,registered_owner,ZHEJIANG ORIENTAL INTL SHPG,CHINA,2025-04-25
014e556c-2a88-70fa-88b2-2af4724e2acc,registered_owner,SUNNINE 3 SHIPPING CO LTD,BRITISH VIRGIN ISLANDS,2024-11-18
014e46f7-c1d8-7b57-9145-85292ff77e12,registered_owner,VIPCO,VIETNAM,2016-06-29
014e481f-de88-7177-8203-1c3b98cdecfd,registered_owner,EVERGREEN MARINE CORP,TAIWAN,2013-04-30
0192d664-fab8-76fc-9169-4f4f2f4fe4c1,registered_owner,ATLANTIC NO 36 SA,REPUBLIC OF KOREA,2024-11-20
014e479a-7630-7f7c-a485-9b1803e80d74,registered_owner,CAPHEIRA OCEANWAY LTD,LIBERIA,2023-05-03
0156ba5c-ff00-71ef-ad7f-718c2cc07825,registered_owner,DIONE SHIPPING & TRADING SA,LIBERIA,2016-10-20
0170a893-c348-71d1-bb88-35f97a0dd97e,registered_owner,HONGKONG SALVAGE & TOWAGE SRVS,HONG KONG,2023-07-14
015730be-7250-7ddf-9b18-fbbe987cd4a9,registered_owner,OCEAN POWER SHIPPING SA,PANAMA,2016-09-29
01975d1e-5370-7169-a32d-8d2d75cb63e6,registered_owner,GMF CK NO 1 SA,,2025-07-31
014e4896-7db8-702c-9a73-0e3ab7fcbf79,registered_owner,KOREA MARINE TRANSPORT CO LTD KMTC,REPUBLIC OF KOREA,2017-02-01
014e46f1-8fe8-7156-a9e7-fb665a74897c,registered_owner,EYOT SEAWAYS LTD,LIBERIA,2011-07-29
0153bbde-acf0-76e1-924a-c14b81eb1ce8,registered_owner,PRECIOUS SKIES PTE LTD,THAILAND,2016-07-07
01740a5e-47a8-7c8e-a729-132a99959a09,registered_owner,YIU LIAN DOCKYARDS LTD,CHINA,2020-08-28
017bde1f-37a8-7957-9982-6202791d7fa2,registered_owner,YAHATA TRADER SA,PANAMA,2021-10-08
014e4c56-6030-7001-81b7-8d99b454dbc3,registered_owner,COSCO SHIPPING TANKER SHANGHAI,CHINA,2012-11-26
0189c395-25d8-7c4c-916f-c69a2680547e,registered_owner,EVERGREEN MARINE ASIA PTE LTD,SINGAPORE,2023-09-06
018fc9b5-86a0-70eb-b3c6-fd7e2b15e3b3,registered_owner,IBFL NO TWELVE TIANJIN SHIP,CHINA,2024-06-19
014eb048-dcd0-7fc2-830b-32afed977f65,registered_owner,ARETHUSA OCEANWAY LTD,CYPRUS,2024-09-11
01874625-ff20-7bbf-b4f1-fddea3f5e25e,registered_owner,SITC HENGDE SHIPPING CO LTD,HONG KONG,2023-04-28
014e479c-ef00-714e-8834-f01cf5c923ef,registered_owner,PANASIA SHIPPING CO LTD,CHINA,2017-12-01
014e46fb-05c8-7292-9f98-f6f12ce2e56b,registered_owner,HACT LTD,VIETNAM,2021-03-05
014e4bd9-a298-7028-9b0b-ec6010be6cae,registered_owner,NANJING SHENGHANG SHIPPING CO,CHINA,2023-01-08
014e489a-dae8-7a2a-bddd-def5a4fe4f19,registered_owner,NANJING SHENGHANG SHIPPING CO,CHINA,2023-09-08
017592a5-c1d0-79b2-b91b-6eb77db2215a,registered_owner,HAKUTOHAKATA SHIPBUILDING,JAPAN,2020-11-27
01909532-b230-70e5-a554-61a4276c0459,registered_owner,CMA CGM 4218421942204221,FRANCE,2024-08-22
018abca9-1828-7b91-87aa-8e39a47851e3,registered_owner,LUCRETIA SHIPPING SA,PANAMA,2018-10-17
01993772-2eb0-7deb-a945-3f0525d2577c,registered_owner,EVERGREEN MARINE ASIA PTE LTD,SINGAPORE,2025-10-22
014e46fa-afd8-7630-bf9c-bf747bece762,registered_owner,YIU LIAN DOCKYARDS LTD,CHINA,2013-03-20
015b26eb-fe60-7222-bbae-2f07bac18e01,registered_owner,SHOKUYU NAVIGATION CO SA,PANAMA,2022-08-19
017d7f44-bcd8-740f-af4b-9acfb9a43e59,registered_owner,YANGZE TIGER 02 SHIPPING PTE,SINGAPORE,2022-02-14
014e4ab6-ae38-7f9d-b014-6d1b19f9b432,registered_owner,SHANGHAI JUNZHENG SHIPPING,CHINA,2015-09-26
014e47bd-f420-7905-bba5-3c61da4b1f82,registered_owner,GAS SHIPPING JSC,VIETNAM,2010-03-16
014e4adb-b6b0-725c-af12-d8365486decc,registered_owner,NEWCONTAINER NO 139 MI SHPG,MARSHALL ISLANDS,2022-02-01
014e46eb-b7d0-7563-bc6a-0fffd6d0a98e,registered_owner,TWIN BRIGHT SHIPPING CO SA,PANAMA,2009-06-26
01882332-1200-7efc-9851-338a36c24442,registered_owner,REGIONAL CONTAINER LINES PUBLIC CO,THAILAND,2024-02-01
014e47a6-3218-7d48-8021-ea415f461c26,registered_owner,FPMC KINGDOM MARINE CORP,LIBERIA,2013-02-27
0177cdd7-1d38-745a-904e-ae206e752f8d,registered_owner,YANG MING SINGAPORE PTE LTD,SINGAPORE,2024-02-01
01892944-4f90-7fcb-82f4-89ca7ea40a00,registered_owner,WAN HAI LINES SINGAPORE PTE,SINGAPORE,2023-07-24
014e4b47-de30-7934-bc85-87729beada63,registered_owner,INTERASIA LINES SINGAPORE PTE LTD,SINGAPORE,2020-07-06
014e4710-c430-7113-888c-84b4d8bf440d,registered_owner,SOUTH CHINA TOWING CO LTD,HONG KONG,2010-05-12
014e46ea-b218-7d06-85bc-dcc22dfada4a,registered_owner,YIU LIAN DOCKYARD LTD,CHINA,2008-01-31
014e46f0-b528-7f25-8b62-290cfd5663a5,registered_owner,NEXT BAHTERA MARITIME SDN BHD,,2026-02-27
014e46f8-df00-75af-afa6-dd4fb981da6a,registered_owner,GAS SHIPPING JSC,VIETNAM,2025-06-18
014e46f1-7c60-787b-b255-dcc7b622f811,registered_owner,NEWCONTAINER NO 88 MI SHIPPING,MARSHALL ISLANDS,2017-12-04
0153d629-4818-769f-b0de-802e6b90179e,registered_owner,DSS 7 LLC,MARSHALL ISLANDS,2016-03-29
014e4c54-6460-739e-ae00-c81f2c5753c3,registered_owner,COSCO SHIPPING DEVELOPMENT,CHINA,2003-01-01
017e6a57-fb90-7688-82db-8feefc9ac14f,registered_owner,PEDREGAL MARITIME SA,PANAMA,2022-02-08
014e473d-5e28-7670-a779-ea7004c20251,registered_owner,WAN HAI LINES SINGAPORE PTE,SINGAPORE,2022-06-07
0196cd59-da20-7353-8aa8-92099e003eff,registered_owner,INTERASIA LINES SINGAPORE PTE LTD,SINGAPORE,2025-06-27
014e4708-7730-7554-8280-593cc37a1f8d,registered_owner,MAERSK BHARAT IFSC PVT LTD,INDIA,2025-10-21
017520b6-2790-7dbd-9e6b-7834a19b98f1,registered_owner,ASAHI MARINE PANAMA SA,PANAMA,2020-10-30
0158188f-0540-7869-8ed5-e88d31ba5951,registered_owner,ACTIVE CHANCE DEVELOPMENT LTD,HONG KONG,2006-06-02
014e4878-6a80-7f2a-910f-96a10d3de4ec,registered_owner,VELDUS HOLDING SA,SWITZERLAND,2009-07-01
017f5414-6890-7c81-a0d7-6d52a7f30e61,registered_owner,MEIHAOI LEASING LTD,CHINA,2023-12-14
014e46fa-ee58-7aa8-ab87-fc1c3f6bf552,registered_owner,PARTANKERS XXIV AS,NORWAY,2023-01-09
014e4c1e-0a50-718c-a692-51f1204f0872,registered_owner,HAIANTS JSC,VIETNAM,2025-10-17
01961918-38e0-770a-b683-427b84c7906a,registered_owner,MAERSK AS,DENMARK,2025-05-27
017e785b-7a00-7e1b-9f2c-cc851cb026b0,registered_owner,SHENZHEN SOUTHERN CHINA LPG SHIPPING CO LTD,CHINA,2022-03-15
014e46ee-f7d8-70c5-9b17-305e385d6ba1,registered_owner,MARIGOLD TRANSPORT INC,LIBERIA,2021-04-02
016f24fa-7398-7248-81f0-fc0afeb006b0,registered_owner,SEAVANCE SHIPPING SA,PANAMA,2021-12-21
0183a5f5-3898-70ad-a160-5ce725850a7c,registered_owner,WAN HAI LINES SINGAPORE PTE,SINGAPORE,2022-11-29
01961eb2-9818-763a-9745-791524fc655a,registered_owner,NEWCONTAINER NO 135 MARSHALL ISLANDS SHIPPING INC,,2025-05-21
0180873a-7970-7b90-8543-5342f773d7eb,registered_owner,NEW CONTAINER NO 5 SHPG INC,LIBERIA,2010-04-01
014e486d-a4b0-70d8-8f6e-2f9aca54a308,registered_owner,PACIFIC INTERNATIONAL LINES,SINGAPORE,2008-08-01
014e484a-5988-7b74-96a0-d9d9c837004e,registered_owner,JONATHAN JOHN SHIPPING LTD,MARSHALL ISLANDS,2016-09-29
01715613-7158-7b0a-b3fc-ba6817dac9b2,registered_owner,NANJING SHENGHANG SHIPPING CO,CHINA,2019-09-05
014e4878-dfb0-7cd4-b913-730bf8b86214,registered_owner,SHIN DOUN KISEN MIDAS LINE,JAPAN,2020-03-06
0167fccb-c540-7914-aab1-ba9b627d8663,registered_owner,ICBC FINANCIAL LEASING CO LTD,CHINA,2012-03-28
0166c81e-4d28-7f76-b476-9a62719afce6,registered_owner,ZHONGSHAN HONG KONG PASSENGER,CHINA,2018-12-17
016cc205-9ee0-78ba-aed2-45011f85f600,registered_owner,GOODWILL MARITIME PTE LTD,SINGAPORE,2019-09-18
014e4729-e5c8-7992-962e-13555e86b6f9,registered_owner,CHIAO CHI SHIPBUILDING LTD,HONG KONG,2014-09-01
014e481f-3690-732b-9de1-e6f2ff9a8fc2,registered_owner,NOL LINER PTE LTD,SINGAPORE,2013-05-19
014e4cc0-dde8-72dc-85d5-0ed7abe43752,registered_owner,SITC LIANYUNGANG SHIPPING CO,HONG KONG,2012-07-09
0171779d-6d10-722d-b4df-cd9cecf275d1,registered_owner,SINOKOR MERCHANT MARINE CO LTD,REPUBLIC OF KOREA,2023-07-13
015ddf27-3538-7e6d-b765-b5a781b45bc1,registered_owner,AVENUE 9 HOLDING LTD,HONG KONG,2019-08-01
01881e27-f090-77cc-b2a1-ef403414f11c,registered_owner,CAMBORNE SHIPPING PTE LTD,SINGAPORE,2023-06-29
0195ace4-0ac8-75bd-bbd3-123bec996a1b,registered_owner,XIANG H103 INTERNATIONAL SHIP,,2025-04-18
0168853b-b020-7f7d-98d1-af71741655b2,registered_owner,PACIFIC INTERNATIONAL LINES,SINGAPORE,1998-01-01
0180873b-dce8-786f-abd5-75ac584feb15,registered_owner,INTERASIA LINES SINGAPORE PTE LTD,SINGAPORE,2021-12-15
016256bd-a948-7334-8d54-0700eba1484a,registered_owner,FENG LI MARITIME CORP,PANAMA,2018-05-22
014e4820-1538-7864-b920-ebcecddf62c7,registered_owner,STAMATIS B MARITIME LLC,MARSHALL ISLANDS,2021-01-20
014e479c-df60-7ed4-aa69-4c305679072c,registered_owner,GERSOR INTERNATIONAL INC,LIBERIA,2008-01-10
014e48b3-25a8-758f-bbf3-b75cbbfcb024,registered_owner,YANG MING MARINE TRANSPORT CORP,TAIWAN,2007-09-01
014e46f8-7d58-749a-822f-998a05a64ef8,registered_owner,SATURN MARINE LTD,MARSHALL ISLANDS,2021-02-03
01925b92-a470-7047-a246-7308666a7a51,registered_owner,EVERGREEN MARINE ASIA PTE LTD,SINGAPORE,2024-10-25
014e46f3-3d98-7a3f-a242-0468b28a43a9,registered_owner,CMA CGM SA THE FRENCH LINE,FRANCE,2017-08-30
014e46f7-7f70-7304-8332-94deb5a719ae,registered_owner,KING STRATEGY LTD,HONG KONG,2011-09-23
014e4744-c898-7dc2-ac4d-ec33fe5f6556,registered_owner,GLORYPACIFIC SHIPPING S PTE,SINGAPORE,2013-08-08
019360dc-42a0-774c-9560-d48fbb143b13,registered_owner,EVERGREEN MARINE ASIA PTE LTD,SINGAPORE,2024-12-19
018bc61c-5b08-731f-b845-145111916a8d,registered_owner,GTF MARITIME INTERNATIONAL CO,CHINA,2023-11-30
014e46ec-1978-7f00-bce0-9486d48992a7,registered_owner,VIET THUAN TRANSPORT CO LTD,VIETNAM,2024-04-01
014e4b48-5b30-7bf1-a95a-0ac172657cb7,registered_owner,STAR NAVIGATION SA,PANAMA,2019-11-01
018b26d9-ae10-7890-b575-ec497cb04da7,registered_owner,TOPSPIN SHIPPING SA,LIBERIA,2025-02-10
01902163-8e38-70d8-a867-5c3d688892d6,registered_owner,HUBEI CHUDAO WATERWAYZOU X,CHINA,2024-06-03
0162a7ef-a820-7083-aac9-a19d773afb8e,registered_owner,ZHE YIN HANGZHOU NO 16,CHINA,2023-05-09
01808744-1660-77db-87a8-3ced7171b3d3,registered_owner,SALAM PACIFIC INDONESIA LINES,INDONESIA,2020-08-21
014e5199-1dd0-7193-a707-9c9b235b41e1,registered_owner,GLORYPACIFIC SHIPPING S PTE,SINGAPORE,2013-04-24
014e53f1-59f8-7acb-b3c3-8b2196a38071,registered_owner,SHENZHEN SOUTHERN CHINA LPG SHIPPING CO LTD,CHINA,2014-01-02
014e592c-c0b0-7cf9-9a16-fe36149f66eb,registered_owner,PETROVIETNAM TRANSPORTATION CORP,VIETNAM,2018-05-31
018f04ca-d9d0-7f28-8077-3bed17309e67,registered_owner,MONICA SHIPOWNERS LTD,GREECE,2024-05-13
014e46ea-f480-73ba-a762-153ddecc3b8b,registered_owner,YIU LIAN DOCKYARDS LTD,CHINA,2013-03-20
014e4731-11b8-7fc5-ba2f-93d308e2f3af,registered_owner,TAIMIN PETROLEUM & CHEMICALS,CHINA,2013-05-08
014e479b-9f10-7d44-849a-dec0f41c99de,registered_owner,JAPAN MARITIME INC,LIBERIA,2021-08-31
014e49aa-85c8-7f2e-b6b6-63edac111124,registered_owner,EVERGREEN MARINE HONG KONG,HONG KONG,2021-08-22
0185a5c2-7a00-7c51-aa7d-438f1365adf7,registered_owner,TS EMPIRE HOLDING LTD,MARSHALL ISLANDS,2023-03-06
014e4b95-cf50-79a8-b784-1c6cbadf15b0,registered_owner,GAS SHIPPING JSC,VIETNAM,2008-10-10
0160c3d6-55e0-7428-b1a4-967c1c704531,registered_owner,TS KINGDOM HOLDING LTD,MARSHALL ISLANDS,2018-01-22
0183e9f6-d010-798d-96c6-1cd587153f23,registered_owner,GAS MAGNOLIA PTE LTD,SINGAPORE,2022-11-28
014e46e9-cf88-75c5-998d-38cafd95b350,registered_owner,YANG MING SINGAPORE PTE LTD,SINGAPORE,2021-09-01
017e72f8-2c70-79ca-a73d-f5da03a1d0dd,registered_owner,SITC YUNCHENG SHIPPING CO LTD,HONG KONG,2022-02-24
0190a02b-80e0-7f7a-9ea7-62a1464776f4,registered_owner,FORT JAMES 2614 BAIL SAS,FRANCE,2024-08-14
014e46ee-0d78-7ff2-af2e-8cb6145f025e,registered_owner,HARBOUR ICONIC SDN BHD,MALAYSIA,2024-10-14
014e46e9-db40-7f4b-84b4-f0d533ddec2e,registered_owner,STOLT VIRTUE BV,NETHERLANDS,2014-11-10
014e484d-2460-7eb2-8a0a-6b120c9fe29b,registered_owner,NOL LINER PTE LTD,SINGAPORE,2021-11-23
014e48a4-0a78-7403-a2ca-9651c008560f,registered_owner,ISLAY SHIPPING LTD,LIBERIA,2022-10-27
01920e31-9740-7016-9c99-9c4e00851fa3,registered_owner,MAERSK AS,DENMARK,2024-11-04
014e4819-9cf8-7f5d-88e3-72da3ecd1329,registered_owner,EMMANUEL SHIPPING LTD,MARSHALL ISLANDS,2022-05-24
014e4701-d7e0-74d3-98d7-aa3867e8ebb1,registered_owner,STOLT RINDO PTE LTD,SINGAPORE,2019-02-19
017ac8b1-f258-7e05-b2ff-f91f85d94919,registered_owner,TIANJIN SOUTHWEST MARITIME LTD,CHINA,2021-08-30
014e46ea-ecb0-70d3-a7ad-ab9095c38082,registered_owner,HONGKONG SALVAGE & TOWAGE SRVS,HONG KONG,2023-07-14
018c19f2-7bb8-7228-b008-178658031f10,registered_owner,BARRO COLORADO SHIPPING CO SA,PANAMA,2024-01-25
0160e3c6-1de0-764f-bad2-e93c1a3427a2,registered_owner,CROWN BULK SHIPPING SA,PANAMA,2025-06-18
01884d68-b218-756e-9284-2cd7ea4834f1,registered_owner,SHENG LI JI MARITIME LTD,HONG KONG,2023-06-16
014e573d-19f8-75b8-9349-634b43334196,registered_owner,ACTAEA CO LTD,GREECE,2014-11-05
015b8bf2-c190-7542-aa86-72cc81d0a4e6,registered_owner,SHANGHAI NORTH SEA SHPG CO LTD,CHINA,2017-05-10
0150e93e-3a88-7978-82be-de4c3e362923,registered_owner,NISSEN KAIUN SOUTHERN ROUTE,PANAMA,2017-09-22
01569af4-6860-7790-957e-55351fe67149,registered_owner,AVANGAAD BHD,MALAYSIA,2016-08-11
017d7cf4-aa88-7a90-9cab-b5d94cfb8b26,registered_owner,ZHEJIANG FENGYI SHIPPING CO LTD,CHINA,2022-01-24
01867a25-1cd0-7b65-b3bb-4cb04b3f1dc1,registered_owner,THITTI BHUM CO LTD,SINGAPORE,2023-02-16
01533f94-d1d8-718e-a296-d4d62493e460,registered_owner,CHINA HARBOUR ENGINEERING CO,CHINA,2023-08-29
014e4724-b1c0-7b2d-8f9c-c56a75e51420,registered_owner,GLOBAL SHIP LEASE 38 LLC,LIBERIA,2020-02-01
014e6d4b-b150-7207-9992-23f91c1b1bd4,registered_owner,LSMHL16 CO LTD,MARSHALL ISLANDS,2023-06-08
018831ea-78f0-7755-b716-b6f17cd644e8,registered_owner,AIOLOS CONTAINER CARRIER SA,MARSHALL ISLANDS,2023-06-30
014e46e9-eae0-7d9e-a003-a7ecad58f53f,registered_owner,BW OKPO PTE LTD,SINGAPORE,2023-03-14
0159c555-4d38-78fb-9cd9-9170c8d096bc,registered_owner,SEA 45 LEASING CO LTD,HONG KONG,2017-07-01
01808747-3340-71ed-b998-5210d4143664,registered_owner,WAN HAI LINES SINGAPORE PTE,SINGAPORE,2012-05-29
018bfedf-e540-77fe-9213-080690f84fb8,registered_owner,WAN HAI LINES SINGAPORE PTE,SINGAPORE,2023-12-15
016d7199-8ad8-70c4-849d-6b9889bdd4ca,registered_owner,INFICESS SHIPPING CO LTD,REPUBLIC OF KOREA,2019-12-06
01771463-c5b8-7910-8ad1-a6592b1b677a,registered_owner,SINSA SHIPPING PTE LTD,TAIWAN,2022-05-25
0198313e-9610-7aff-8f63-a6621de0bf9b,registered_owner,EVERGREEN MARINE ASIA PTE LTD,SINGAPORE,2025-08-14
014e4880-9840-7e71-b360-cf6bd8ed0622,registered_owner,MANDIRI BAHARI LINE,INDONESIA,2019-10-24
014e47ba-3b00-7f8b-98a3-edfcd0b80261,registered_owner,YANG MING MARINE TRANSPORT CORP,TAIWAN,2019-12-01
016ab4e7-3f18-7635-87f6-af4414098645,registered_owner,HONGKONG SALVAGE & TOWAGE SRVS,HONG KONG,2023-07-11
01775a9a-1b68-7a08-8c43-fcb84ca626fc,registered_owner,WAN HAI LINES SINGAPORE PTE,SINGAPORE,2021-03-26
018ac9ab-0130-737d-a57b-3e826e1f8dbb,registered_owner,WAN HAI LINES LTD,TAIWAN,2023-11-14
014e46ef-3e28-76ae-8124-a9ea954206b5,registered_owner,COSCO SHIPPING LINES CO LTD,CHINA,2000-05-29
01808744-3d70-7e12-9d75-b0f271fda452,registered_owner,FANGCHENGGANG CITY MANYI SHPG,CHINA,2011-06-18
01797d3d-e940-71f0-bfd3-abd7aa7df6ab,registered_owner,WAN HAI LINES SINGAPORE PTE,SINGAPORE,2021-05-07
014e4c0e-0c90-799b-960c-802763ee716b,registered_owner,FEOSO OIL,CHINA,2014-01-21
0180938e-0d90-7f4a-adb2-b9d2116c8bb3,registered_owner,UNITED SHIPPING CO LTD,VIETNAM,2023-04-10
014e46ff-6eb0-75f8-8583-29d25796a516,registered_owner,KOREA MARINE TRANSPORT CO LTD KMTC,REPUBLIC OF KOREA,2010-04-15
014e4797-70c0-7e10-97ba-4566d0c1b699,registered_owner,COSCO VALENCIA MARITIME LTD,HONG KONG,2013-04-25
0161e52f-41d8-70f0-9d3a-150ee87483b9,registered_owner,SHENZHEN QIANHAI FAN XING NO 7,DENMARK,2023-12-08
01738f5f-e408-7785-84ba-b9ac833ef800,registered_owner,YANG MING SINGAPORE PTE LTD,SINGAPORE,2023-12-31
01906d5c-7048-7b18-909d-f686df6a7e01,registered_owner,EVERGREEN MARINE ASIA PTE LTD,SINGAPORE,2024-07-31
019b910f-6580-7db5-be06-db41791bdacc,registered_owner,WAN HAI LINES SINGAPORE PTE,SINGAPORE,2026-02-09
014e46ed-2ae8-71ca-a902-d9152e62b25a,registered_owner,GAS SHIPPING JSC,VIETNAM,2019-09-27
019511cf-09c0-7237-82c4-3b47723e3e9c,registered_owner,HAPAG-LLOYD AG,GERMANY,2025-03-01
014e47a3-a1d8-7fe9-bedf-4730b96a77f8,registered_owner,OLAMAR NAVEGACION SA,PANAMA,2008-10-01
014e47c4-fce8-7b3a-855e-8c3416ebc1e8,registered_owner,SEASPAN 126 PTE LTD,SINGAPORE,2025-09-15
014e46f0-0d30-752e-87c9-8ef8faa4678f,registered_owner,SALAM PACIFIC INDONESIA LINES,INDONESIA,2017-05-29
0161034f-b1d0-751f-bbe0-3fc8683aecb1,registered_owner,JOSCO REAL SHIPPING HK CO LTD,CHINA,2023-07-14
016a053e-30f8-774d-ae1e-d7e6a5eea9d4,registered_owner,HONGKONG SALVAGE & TOWAGE SRVS,HONG KONG,2023-11-07
014e46ea-2190-7e78-92da-a5c903911a68,registered_owner,YANG MING MARINE TRANSPORT CORP,TAIWAN,2024-11-30
0162fb84-1c50-767e-83b1-8b1bcf2926cf,registered_owner,HUIZHOU HUAYI RONGSHENG SHIPPING CO LTD,CHINA,2024-06-07
018a732a-ee60-7c92-82c8-4b282be0e15a,registered_owner,PRIMACY SHIPPING CO LTD,HONG KONG,2023-11-02
014e46ed-1b48-7eab-b04b-c49bd09c9b22,registered_owner,GLOBAL SHIP LEASE 60 LLC,LIBERIA,2021-07-31
014e478a-68d0-7890-b37b-890b6dd400cb,registered_owner,SKYHIGH PESCADORES SA PANAMA,PANAMA,2011-06-29
01615a10-dcb0-75d3-babc-2d319b130641,registered_owner,ERA WISDOM INTERNATIONAL HLDG,HONG KONG,2018-06-28
014e46eb-b7d0-785f-a213-214f11dd5019,registered_owner,SITC PYEONGTAEK SHIPPING CO,HONG KONG,2015-04-03
017b2f6d-c828-7017-bfcb-219d1feb750d,registered_owner,HAI KUO SHIPPING 1904C LTD,DENMARK,2021-09-20
01577955-87d8-705e-877e-7dee3871c9f5,registered_owner,CONTINENT MARITIME SA,PANAMA,2018-11-28
01934cb8-d1a8-7cf0-b931-ba8cc45fc17a,registered_owner,INTERASIA LINES SINGAPORE PTE LTD,SINGAPORE,2024-12-26
014e46ef-2e88-7247-b7ac-c18958c000f4,registered_owner,HARBOURLINK LINES SDN BHD,MALAYSIA,2022-03-01
014e46ea-5840-79f9-9af4-2326d173061a,registered_owner,MANYA MARITIME LTD,LIBERIA,2017-05-22
016be433-6570-725e-a8a3-27d39ab7a583,registered_owner,FPMC 33 MARINE CORP,LIBERIA,2019-09-10
014e46f3-6c78-7a48-aa63-ae0a595277cc,registered_owner,NEWCONTAINER 1585A SHIPPING INC,MARSHALL ISLANDS,2025-03-19
01808738-8188-7290-a397-75b94e826cb3,registered_owner,CORAL CANAL SA,PANAMA,2016-04-30
014e4711-c9e8-7f48-9917-19fec529e334,registered_owner,HA TINH INTERNATIONAL SEA,,2025-02-01
014e9ab1-7918-7183-a1fd-732306bfbdb2,registered_owner,SOUTH CHINA TOWING CO LTD,HONG KONG,2015-07-01
014e46f3-0eb8-7753-acb0-05e25a0c49ec,registered_owner,MOST WEALTH LTD,TAIWAN,2017-04-17
017d8e34-6450-7457-a147-3f9937bddecb,registered_owner,TIANJIN SOUTHWEST MARITIME LTD,CHINA,2021-12-26
018dbffb-1e10-7f1c-a848-4270d460f858,registered_owner,TS MARINA BAY PTE LTD,SINGAPORE,2025-02-12
014e46eb-1b90-76f1-91ed-a9f620b05467,registered_owner,ALEXANDRIE SHIPPING LTD,LIBERIA,2022-05-26
01808da9-85f8-7e98-93fa-1713a4a3858f,registered_owner,HAIANTS JSC,VIETNAM,2022-11-03
014e47ed-e590-7768-8e76-bea7eef2c493,registered_owner,RAINBOW SHIPPING LTD,HONG KONG,2013-08-28
015a8c40-07f8-7e2e-8a80-765510e93527,registered_owner,SPRING FIELD MARITIME INC,PANAMA,2025-09-05
0177ecb4-6f80-7c55-83f2-ce5870c1ccaa,registered_owner,TIANJIN HONGYUN NO 12 LEASING,CHINA,2025-11-11
0185a358-cd00-74d5-a601-8c985b42adbe,registered_owner,ALBATROSS SHIPPING LTDHKG,HONG KONG,2023-02-22
014e46f4-c820-7bd9-b90c-6ffc88db9c3e,registered_owner,OCEAN CONFIDENCE MARITIME INC,CHINA,2005-03-01
014e46eb-5240-7c9e-b467-46d245d08aaa,registered_owner,THUNDER NAVIGATION CORP,GREECE,2007-12-14
01808738-46f0-7645-b478-2c183ac27b24,registered_owner,COSCO SHIPPING ENERGY HAINAN,CHINA,2021-08-31
014e46f6-4ad8-78dd-96e7-02ad880fc326,registered_owner,KHARIS SHIPPING CO LTD,REPUBLIC OF KOREA,2016-02-11
014e46ea-d540-7866-b3b9-0b89a992adca,registered_owner,SITC FUJIAN SHIPPING CO LTD,CHINA,2015-03-10
01961929-bd40-7f2f-910d-ad1290b32791,registered_owner,FJ LINES INC,MARSHALL ISLANDS,2025-04-25
018fb7d1-f770-715a-9a8c-3979aeaad430,registered_owner,GMF NS NO 1 SA,LIBERIA,2024-06-19
014e4705-1018-7efd-8a87-b7547c67ff20,registered_owner,OCEAN EMPEROR SHIPPING CO LTD,HONG KONG,2010-01-15
014e476d-3058-7d65-a16d-d656a3be9d4e,registered_owner,SITC SHANDONG SHIPPING CO LTD,CHINA,2014-10-17
014e47e8-1930-725f-b5b5-7cf445fe4077,registered_owner,CHINA MERCHANTS RORO TRANS,CHINA,2011-12-05
01774777-41f0-745b-8ef9-07c28c0b4880,registered_owner,HAI KUO SHIPPING 1901C LTD,DENMARK,2021-04-15
01694513-61e0-7d70-a8f1-7f6e210783ab,registered_owner,VIET THUAN TRANSPORT CO LTD,VIETNAM,2018-10-12
01963712-7658-78bd-b2ce-885e48622b8c,registered_owner,OCEAN NETWORK EXPRESS PTE LTD,SINGAPORE,2025-06-30
014e4abe-43a0-7d41-8754-0d1baba18dbc,registered_owner,FPMC INTELLIGENCE MARINE CORP,LIBERIA,2010-04-28
019134eb-7d70-7e62-8052-9170d6f00068,registered_owner,ZHEJIANG ANJI MARINE TECHNOLOGY CO LTD,CHINA,2024-08-23
014e4748-5aa8-7f9b-9413-26e93ad9ec10,registered_owner,SHANGHAI INCHON INTERNATIONAL,CHINA,2017-12-01
0180873b-2168-717c-bb21-851e3a3ef294,registered_owner,VIET THUAN TRANSPORT CO LTD,VIETNAM,2018-02-09
014e483d-e9f0-731f-a8e4-6d1206686857,registered_owner,DAFNES SHIPPING SA,MARSHALL ISLANDS,2020-12-17
0186598d-5118-78b4-bc17-a99ee7170408,registered_owner,NISSEN KAIUN SOUTHERN ROUTE,PANAMA,2023-03-14
014e49d5-cfd0-7231-b6da-8c193e247abb,registered_owner,WINNING YOUTH SHIPPING PTE LTD,SINGAPORE,2021-01-15
01647e42-c758-78a7-9fd3-b4a123a13bdc,registered_owner,CHERNAVA MARINE CORP,MARSHALL ISLANDS,2018-12-07
014e4764-04b0-79ee-ae73-60cd18a29d3d,registered_owner,FPMC LUCK MARINE CORP,LIBERIA,2013-06-25
014e46ec-a618-7a22-8038-90230147cbcd,registered_owner,NINGBO ZHUNXING SHIPPING CO LTD,CHINA,2018-09-04
014e46ec-09d8-7b89-9ebf-77ed002c61e6,registered_owner,CMA CGM SA THE FRENCH LINE,FRANCE,2023-01-01
0180874c-8e58-782e-b9b1-68478c4fc791,registered_owner,GEMADEPT SHIPPING SINGAPORE,SINGAPORE,2017-09-26
014e471b-3be0-75c7-b3b5-4f7033a0d245,registered_owner,YUANWANGHAI SHIPPING INC,PANAMA,2011-06-16
019342c8-2bf8-70bb-84b5-ffe2334766da,registered_owner,SOUTHERN ROUTE MARITIME SA,JAPAN,2025-01-15
014e4818-c238-7c7d-a641-64843f3c636e,registered_owner,FUJIAN HENGFENG SHIPPING CO LTD,CHINA,2022-10-24
01692d7e-1ed0-7713-9c24-5e3ae1b59215,registered_owner,EVER BRIGHT SHIPPING SA,JAPAN,2019-03-28
014e4bc9-d7a0-7ef2-acaa-43e93920bd40,registered_owner,FANGCHENGGANG CITY MANYI SHPG,CHINA,2023-05-11
017becd3-b698-737b-a206-c14992c9032a,registered_owner,WAN HAI LINES LTD,TAIWAN,2022-03-24
014e4b56-f578-76fd-94f5-e3d6fbed5b77,registered_owner,BORDHOY NAVIGATION INC,LIBERIA,2022-04-01
014e503e-e8e8-7a56-9de0-506a156e781b,registered_owner,HUIZHOU HUAYI RONGSHENG SHIPPING CO LTD,CHINA,2024-06-14
014e46ea-0a20-7d28-8aba-41510b11d7a9,registered_owner,BULK NO 8 CORP,LIBERIA,2024-07-08
01896ce7-b1d8-7c00-a095-20ccf25e8782,registered_owner,TRIO HAPPINESS TODA SHIP CO,JAPAN,2023-09-07
014e47c4-2610-78c3-bc98-0a00acb0a9c8,registered_owner,DRAGON VANTAGE INTL HLDG PTE,SINGAPORE,2018-03-01
017ff90a-8e88-7833-b818-7d96b1f44c7f,registered_owner,KYOWA KISENGREEN SPANKER,JAPAN,2022-04-28
019801fb-53e8-7132-bd2f-6bb0ac793f11,registered_owner,MIDAS LINE SA,PANAMA,2025-09-08
01807ded-c098-7046-8d1d-0b88018516fb,registered_owner,BEYOND SHIPPING LTD,CHINA,2022-06-08
019ac8e2-eb90-7986-a39d-cb7dd715891b,registered_owner,ARAB MARITIME PETROLEUM TRANS,KUWAIT,2026-01-21
014e4764-0c80-7b4c-94c5-dbb0e47036b9,registered_owner,CMA CGM SA THE FRENCH LINE,FRANCE,2025-06-20
014e46eb-1b90-738d-8638-69d6025c755e,registered_owner,VIET THUAN TRANSPORT CO LTD,VIETNAM,2024-01-03
016878c9-f158-7981-be7c-5deaa0083fd7,registered_owner,RUI WEN SHIPPING LTD,HONG KONG,2020-03-01
018625bc-68b0-7783-8afb-7e2b72badfe2,registered_owner,SHANDONG HENGCHANG SHIPPING CO,HONG KONG,2023-03-08
015ea1ac-c8e8-756d-a14c-01fa3ea43b90,registered_owner,DONG LIEN MARITIME SA,PANAMA,2012-11-10
0181f022-2ec8-7ffb-af9f-ca0cc04697d3,registered_owner,WAN HAI LINES LTD,TAIWAN,2022-08-02
014e46eb-5240-7dc4-8657-f32376a5b0dc,registered_owner,MAERSK AS,DENMARK,2015-04-13
018ca994-ced8-72e0-a7e7-4cd9dbaa2b55,registered_owner,ZHOUSHAN HEXING SHIPPING CO LTD,CHINA,2024-01-18
0150e64f-9a60-70dc-978f-c8867fc3502d,registered_owner,CHINA OILFIELD SERVICES LTD COSL,CHINA,2015-12-16
014e4712-9508-7d10-bb1c-0a899d44cf5b,registered_owner,EBBA NAVIGATION LTD,MARSHALL ISLANDS,2025-11-25
014e484b-a1a8-7198-8e3b-6964028f5459,registered_owner,SALAM PACIFIC INDONESIA LINES,INDONESIA,2017-05-01
0168fb5f-dfd8-7b77-bd8d-8689d0283b5f,registered_owner,STEP FORWARD SHIPPING LTD,CHINA,2020-02-27
014e47c3-0118-78a0-8ef4-885ca22b72d9,registered_owner,NAVITONI SCHIFFSBETRIEBSGESELLSCHAFT MBH & CO MS MONACO KG,GERMANY,2008-09-01
017d7e23-d7d0-7922-ad2e-ca1e7b9c1e6c,registered_owner,HAI KUO SHIPPING 2103B LTD,CHINA,2022-01-28
018379ee-54f0-7cf3-b9de-edc27a17702a,registered_owner,HOA PHAT DUNG QUAT STEEL JSC,VIETNAM,2023-01-13
0191a804-b330-7a82-9d2f-4e68ca53b84a,registered_owner,ZHOUSHAN HEXING SHIPPING CO LTD,CHINA,2024-04-07
018c5669-7cb8-76f5-a046-dc3fa36098ad,registered_owner,HENG DA SHIPPING LTD,CHINA,2023-12-28
0154bcbc-2318-71dd-b989-5aa04d567736,registered_owner,NIKKO KISEN SUN LANES,PANAMA,2016-07-12
015d6269-81e0-758c-8a4c-e403363ca279,registered_owner,MIYABI SHIP HOLDING LLC,JAPAN,2022-10-20
0173f0f2-7b90-770a-a34b-7b6240cfe33f,registered_owner,SINOKOR MERCHANT MARINE CO LTD,REPUBLIC OF KOREA,2023-06-08
0190054e-8b80-7441-b3d4-df99bc927454,registered_owner,MIRACLE NAVIGATION LINE SA,PANAMA,2024-07-01
018c94ad-13e0-766c-a6d4-f0939c652967,registered_owner,STAR NAVIGATION SA,PANAMA,2024-01-31
014e4ed6-e8c0-73ce-8197-f3a199975b2b,registered_owner,YANGPU LINGYU INTERNATIONAL SHIPPING LTD,CHINA,2023-05-05
0169e638-a5d0-7e24-9166-6c548842a670,registered_owner,TOP POWER TRANSPORTATION LTD,HONG KONG,2011-03-09
016cefc7-b390-7e98-972c-cd8f45e7562b,registered_owner,OLAMAR NAVEGACION SA,PANAMA,2019-10-31
014e4798-ad28-72b7-9b44-f97a9c715f04,registered_owner,GUANGZHOU SALVAGE BUREAU,CHINA,2001-01-01
014e4725-c718-7327-b109-9be193859b8d,registered_owner,PACIFIC INTERNATIONAL LINES,SINGAPORE,2021-12-22
018ba234-acb8-7311-954a-f3f9e5aef056,registered_owner,AMBITIOUS LINE SA,PANAMA,2023-12-11
019882af-e3f0-7507-bcb5-4d308629f161,registered_owner,MAERSK AS,DENMARK,2018-03-27
014e46f1-9ba0-7098-8caa-a3c42ee71fc5,registered_owner,CALLANY,CHINA,2024-04-26
014e46eb-6d98-74ad-bbcf-e8f05d5e568d,registered_owner,SUPER PIONEER SHIPPING,HONG KONG,2016-06-08
0175f2b0-abd0-775b-a171-174fc34d4a3f,registered_owner,HAPAG-LLOYD AG,GERMANY,2025-03-17
014e46fa-b7a8-7475-91b6-3e5bd9965d68,registered_owner,MOLLER SINGAPORE AP PTE LTD,SINGAPORE,2021-03-26
014e48ac-c0f0-72c6-a588-b07b68ed1116,registered_owner,HF LUCKY SHIPPING CO LTD,CHINA,2019-05-08
018f23e6-ea98-7052-ba5e-e22db24a513f,registered_owner,AN BIEN SHIPPING LINES CORP,VIETNAM,2024-05-22
014e46ea-0e08-798a-8db8-57e3c5253313,registered_owner,MOLLER SINGAPORE AP PTE LTD,SINGAPORE,2007-12-05
016c947b-14f0-769c-a886-7322fae78094,registered_owner,ICBC FINANCIAL LEASING CO LTD,CHINA,2019-09-12
0174061a-9ae8-7317-b512-719d377bc891,registered_owner,SHENZHEN SOUTHERN CHINA LPG SHIPPING CO LTD,CHINA,2011-11-02
014e46ee-6750-796d-9247-4cbdceb8798d,registered_owner,SHANGHAI XIN YUAN HAI JI,CHINA,2022-06-30
014e46fb-8e80-7bb6-bd0e-0fd3abdd4299,registered_owner,GUANGDONG SHIPPING CO LTD,CHINA,2007-07-10
01822507-fa00-736e-b575-8717b43f6f11,registered_owner,EVERGREEN MARINE ASIA PTE LTD,SINGAPORE,2022-10-28
0189073f-1128-7a49-8e0a-df65b560712c,registered_owner,JIANGSU LINZHOUYANG SHIPPING,CHINA,2022-01-12
0171ed31-f758-793e-b0e3-2f45fad89e19,registered_owner,PETROVIETNAM TECHNICAL SERVICE,VIETNAM,2019-11-01
01758c58-4af0-795c-bcfb-1b4f0a6d1170,registered_owner,BULK FLEET FLOURISH CO LTD,HONG KONG,2020-12-18
014e484b-5b58-7f62-9d8b-688e74e409e5,registered_owner,YANG MING MARINE TRANSPORT CORP,TAIWAN,2024-11-30
01519ee0-ee80-72e9-a85e-00f158bc1acd,registered_owner,LONGEVITY NAVIGATION SA,PANAMA,2016-01-19
01815c19-2a10-7c61-add0-97bba8857017,registered_owner,DIGNITY SHIPPING CO LTD,HONG KONG,2022-07-08
014e46ea-e8c8-7bc7-9c32-2ffb4e4ee709,registered_owner,CSCL EAST CHINA SEA SHPG CO,CHINA,2014-09-02
014e4b7a-b9b8-7af6-a39b-778b9ccb10ee,registered_owner,NANJING SHENGHANG SHIPPING CO,CHINA,2025-06-26
014e4d27-f870-7eda-bf3a-72f98cc77820,registered_owner,CLEAR SKY KB,SWEDEN,2024-11-11
017b3a33-26e0-732c-a43e-fe5a065edcc1,registered_owner,TRIO HAPPINESS TODA SHIP CO,JAPAN,2021-09-16
014e4723-7940-73d1-a05e-109feb6ee171,registered_owner,FPMC 201 MARINE CORP,LIBERIA,2011-12-27
014e4902-a538-7d06-af27-52878dd67e33,registered_owner,GLOBAL SHIP LEASE 42 LLC,GREECE,2020-10-29
016e5d86-6498-761d-b80a-4759ca6f9652,registered_owner,GOODWILL MARITIME PTE LTD,SINGAPORE,2020-02-18
017940fe-6b30-7923-88d4-d57e17ef24fb,registered_owner,HAI KUO SHIPPING 1902C LTD,MARSHALL ISLANDS,2021-06-15
014e4773-00a0-72a0-a0f1-c83fc40f33ff,registered_owner,MERATUS BULK SHIPPING PT,INDONESIA,2020-11-27
014e4abb-d688-7997-a1a4-54d9d2f73c90,registered_owner,PSI 3 PTE LTD,SINGAPORE,2013-05-07
014e4799-5908-7825-82ff-e8a8521bd797,registered_owner,HAINAN RAILWAY CO LTD,CHINA,2019-01-01
014e46ef-22d0-721b-b7b2-10ef619b99b5,registered_owner,NINGBO TIANHAO SHIPPING CO LTD,CHINA,2016-07-29
014f87b5-0a68-7c8d-ba35-c92793d4409a,registered_owner,LANGRES MARITIME CO,GREECE,2016-02-25
014e4712-9120-79b6-953e-1c180b980878,registered_owner,MITSUI OSK LINES LTD,JAPAN,2011-09-16
014e4704-1230-7973-a46d-126e4d2011b7,registered_owner,UMING MARINE TRANSPORTSNG,SINGAPORE,2015-05-01
01887f9d-5b58-792e-8073-b25a1cbec059,registered_owner,ABUNDANCE SHIPPING MARITIME,MARSHALL ISLANDS,2023-07-25
01857755-fc50-7437-aed5-bc9273f40fcc,registered_owner,NYK LINE,JAPAN,2017-08-14
014e47f8-af48-7ea9-9cca-9eda68a483af,registered_owner,VIETNAM NATIONAL SHIPPING LINES VINALINES,VIETNAM,2007-01-01
014e46f3-1688-70c6-bc98-8ae0628cf90b,registered_owner,UNITED SHIPPING CO LTD,VIETNAM,2025-09-10
01904e28-5b10-721d-88cc-130edaf07c72,registered_owner,CASTLE SHIPMANAGEMENT SA,GREECE,2024-08-08
019cbd0d-e390-7251-af63-563af3a423d3,registered_owner,ANJI NO 6 SHIPPING SHANGHAI COLTD,,
014e4700-87f0-7457-9fce-f0fe8d622d6e,registered_owner,OCEANUS MARINE SHIPPING CO LTD,HONG KONG,2019-06-21
014e4b1e-5d30-78eb-925f-cd872881cfea,registered_owner,URIZA SHIPPING SA,LIBERIA,2010-05-23
014e536b-5178-7aac-8aee-ebf06e7b8d31,registered_owner,THANH HOA SHIPPING CO SA,PANAMA,2010-12-22
0193999a-8930-711f-9544-62b14e9e2d4e,registered_owner,SHANGHAI TIME SHIPPING CO LTD,CHINA,2012-12-20
0179dab5-0518-7cf0-8a27-62513ed9cafb,registered_owner,NEW FUTURE SHIPPING CO LTD,CHINA,2021-07-20
014e495b-e8c8-7823-92d5-2bcfdac9bb54,registered_owner,PALATIUM NAVIGATION LTD,MARSHALL ISLANDS,2022-03-08
01523363-e5f8-7f75-8dad-cd898bbb9d86,registered_owner,PAN OCEAN SHIPPING CO,REPUBLIC OF KOREA,2025-06-19
0186c9d9-6100-76a1-a234-2275a64c39ef,registered_owner,TIANJIN SOUTHWEST MARITIME LTD,CHINA,2023-06-04
014e46ff-2860-736b-8460-e19dca403a7b,registered_owner,SURE SUCCESS STEAMSHIP SA,PANAMA,2015-03-10
0180873c-e2a0-7687-b4ac-2890b9e17e27,registered_owner,ASTERIA SHIPPING CO LTDHKG,HONG KONG,2021-12-01
018ea3ae-1270-785b-8c86-0120ad2f3dbc,registered_owner,RONGCHENG LUTAI SHIPPING CO,,2024-05-17
019cc0f7-9cf8-7511-a7bb-d9436f6b4881,registered_owner,HAI KUO SHIPPING 2056C LTD,,2026-04-02
014e46f8-8910-730b-9cbc-1d6b7f46c4d9,registered_owner,TRANSFINM PC,RUSSIA,2022-02-03
01898a7b-8490-7f39-8999-47bed3552332,registered_owner,ATLANTIC NO 19 SA,MARSHALL ISLANDS,2023-08-25
0182f78b-0760-7de3-a987-95870a5d2a2e,registered_owner,RUICO GUANGDONG SHIPPING & LOGISTICS CO LTD,CHINA,2022-11-24
018f2755-d680-7335-b970-563f7dd31e81,registered_owner,TRIO HAPPINESS TODA SHIP CO,JAPAN,2024-06-12
014e47da-d6a8-7e84-b795-9656b58dcac9,registered_owner,SEASPAN HOLDCO LVIII LTD,MARSHALL ISLANDS,2021-07-16
014e4745-8fd0-7f0e-a1cf-2b47267f8458,registered_owner,KOREA MARINE TRANSPORT CO LTD KMTC,REPUBLIC OF KOREA,2020-04-29
0193aee3-fbc8-70c8-ae0c-83dc0cb641bd,registered_owner,COMPASS SHIPPING 98 CORP LTD,,2025-03-31
0173223e-ecc0-7a1b-9915-8e12a99ddf8d,registered_owner,CONTINENT MARITIMEKOTOKU,JAPAN,2020-12-07
01616472-7088-77ae-bd73-19848319f969,registered_owner,EVERGREEN MARINE CORP,TAIWAN,2018-03-02
01656a40-42e8-712a-9ab9-c2e70e147614,registered_owner,LEO OCEAN SA,PANAMA,2018-09-11
01921655-54c0-7b5d-8089-8782478bbbdd,registered_owner,EVERGREEN MARINE ASIA PTE LTD,SINGAPORE,2024-10-11
018087c4-a488-7827-b18f-5c83a2e81383,registered_owner,ZHEJIANG ZHONGTUP SHIPPING,CHINA,2017-12-01
014e46ed-80d8-771a-a0e3-a1415a88a9b7,registered_owner,SHANGHAI JUNZHENG SHIPPING,CHINA,2015-08-27
0196f8e3-9e88-7ea8-8394-1ad70c8dc47a,registered_owner,HUIZHOU HUAYI RONGSHENG SHIPPING CO LTD,CHINA,2025-06-10
0186acb1-86e8-71ce-ae9c-dbc3cf763a30,registered_owner,HAINAN HAISHENG SHIPPING CO LTD,CHINA,2018-09-25
014e46fb-09b0-7436-a582-df0559deb279,registered_owner,HAINAN STRAIT SHIPPING CO LTD,CHINA,2014-02-18
014e4712-1038-7cf1-9dfa-9c4f8b59cf3f,registered_owner,GUANGHUA SHIPPING SA,PANAMA,2014-01-20
014e46ef-ab88-7ce8-98bc-9350c9624d1c,registered_owner,DOEHLE ASSET MANAGEMENT,SINGAPORE,2024-04-24
016aaf7e-f818-742a-9a62-508a4cad934b,registered_owner,EVERGREEN MARINE CORP,TAIWAN,2019-06-21
014e46f4-7de8-7bda-9f8d-034c43faee43,registered_owner,SITC RIZHAO SHIPPING CO LTD,HONG KONG,2021-04-02
014e47a4-49d0-7927-ba3f-5b99c44cc5c9,registered_owner,WHITE HEATHER SHIPPING SA,HONG KONG,2022-12-22
018d49d1-f100-7b1f-acf2-2e2134edc758,registered_owner,SAPPHIRE SHIPPING SA,PANAMA,2024-02-29
01550ef6-1ff8-7b22-9dd7-54c8a5ed706a,registered_owner,CMA CGM SA THE FRENCH LINE,FRANCE,2025-06-23
01645def-57a0-78c1-a314-87b5debee2c5,registered_owner,AMA MARINE PCL,THAILAND,2023-12-13
014e4798-95b8-780d-b18f-48a403871e33,registered_owner,COSCO COLOMBO MARITIME LTD,CHINA,2012-06-17
016b59b8-8f60-7297-9dd4-ac5b48118066,registered_owner,CLDN COBELFRET PTE LTD,SINGAPORE,2019-06-28
014e46f6-fe88-74ee-9a3d-140ab8e6ac1a,registered_owner,ZHEJIANG YONGHANG SHIPPING CO LTD,CHINA,2009-12-17
014eae60-8148-7960-8270-75c8c59d4d29,registered_owner,CMA CGM ASIA SHIPPING PTE LTD,SINGAPORE,2021-07-16
016edc3a-94a8-7d30-9b21-af48816d76db,registered_owner,NIKKO KISEN SUN LANES,PANAMA,2020-01-10
018088d6-e778-732e-b3d8-06bd99743a25,registered_owner,GUANGZHOU SALVAGE BUREAU,CHINA,1999-01-01
014e47a7-7268-7801-b33f-3d875e11b589,registered_owner,AMA MARINE PCL,THAILAND,2017-02-27
014e47ca-7740-7def-83e4-b0a285d1b475,registered_owner,WAN HAI LINES SINGAPORE PTE,SINGAPORE,2013-04-10
014e46f4-fed0-75ab-b2c0-ce20dcea251a,registered_owner,NYK BULKSHIP ATLANTIC NV,BELGIUM,2013-03-29
014e46ec-82f0-7e8f-92f8-782c5a51dcb7,registered_owner,SHANGHAI XIN YUAN HAI JI,CHINA,2022-11-01
0194ced0-1150-7c6b-aa24-dd055d55466a,registered_owner,CINDA FINANCIAL LEASING CO LTD,CHINA,2013-01-01
014e4cf2-3e88-756f-8a76-46af46a4aa49,registered_owner,OCEAN EXPRESS SHIPPING CO LTD,VIETNAM,2024-02-01
014e47b5-5130-78f5-a5ee-a25f8bd1bd9c,registered_owner,NYK LINE,JAPAN,2017-08-24
01872719-f000-74de-99e8-d8c033f626e8,registered_owner,ATLANTIC NO 18 SA,MARSHALL ISLANDS,2023-05-04
014e4c20-f850-7c3d-9056-d2545db85dc8,registered_owner,FU KEUNG SEAFOOD CO LTD,HONG KONG,2007-03-31
0180c0f5-d8f8-7161-b609-9bac1e96c648,registered_owner,YAU FUNG SHIPPING LTD,HONG KONG,2022-06-22
014e46f9-e8a0-766a-a3e1-a7dce528bf54,registered_owner,SITC FANGCHENG SHIPPING CO LTD,HONG KONG,2012-10-22
014e4819-8970-7492-b4de-d8cff62130aa,registered_owner,COSPEARL LAKE MARITIME LTD,CHINA,2019-11-21
014e46fc-80b0-7c9a-88b7-0163a57240ab,registered_owner,TWIN BRIGHT SHIPPING CO SA,PANAMA,2012-07-01
014e46fa-b3c0-7d8f-b59a-18171600fb21,registered_owner,MAERSK AS,DENMARK,2023-05-19
014e46f1-5d20-73cb-8454-a5ab9d425a6d,registered_owner,ACTIVE CHANCE DEVELOPMENT LTD,HONG KONG,2011-05-20
015667fa-ec68-77ac-af8c-b1f661e93d79,registered_owner,COSCO SHIPPING TANKER SHANGHAI,CHINA,2016-09-02
014e471d-62a8-76d1-9719-07cc53c762e1,registered_owner,POS MARITIME LF SA,MARSHALL ISLANDS,2011-09-26
01742e02-da48-7b8f-836c-993dac77e74c,registered_owner,WAN HAI LINES SINGAPORE PTE,SINGAPORE,2020-10-15
0197f6b1-b1d0-791d-8673-a0078b3e75a9,registered_owner,JIANHAI 9 LEASING SHENZHEN,CHINA,2025-09-28
014e4734-7cb8-73a1-82a4-d2384489f330,registered_owner,HAINAN RAILWAY CO LTD,CHINA,2018-02-01
01808739-2980-752d-9290-a238ac86e5e1,registered_owner,MOLLER SINGAPORE AP PTE LTD,SINGAPORE,2025-03-24
014e4854-f460-7d77-bff6-22a96e6294cc,registered_owner,ANDALAS BAHTERA BARUNA,INDONESIA,2020-07-18
014e4752-12f0-7fa1-9b07-ac648430a556,registered_owner,YURI SHIPPING SA,PANAMA,2014-01-01
014e46ff-7298-7300-a203-24bc20d1e580,registered_owner,TRUONG LONG VN JSC,VIETNAM,2025-05-06
014e4852-f4a8-76d6-9447-6d0318c7b6c3,registered_owner,TRUONG LONG VN JSC,VIETNAM,2024-08-01
014e46ef-9be8-702f-a4c3-0bad3173f282,registered_owner,HERCULES SHIPHOLDING,PANAMA,2021-08-13
014e53c1-d200-76b1-9ade-82b9d7b50dba,registered_owner,SHENZHEN HUAWEI OFFSHORE,CHINA,2011-07-01
019376c2-8d90-7cca-82c9-c2465c76c89e,registered_owner,XINGTONG SHIPPING CO LTD,CHINA,2024-12-13
014e4875-3e00-75b0-97ac-878f31749bbd,registered_owner,GLOBAL SHIP LEASE 41 LLC,LIBERIA,2020-05-01
014e46ea-6010-766a-a572-e98c0fee4f48,registered_owner,YANG MING MARINE TRANSPORT CORP,TAIWAN,2007-08-08
014e47c4-c250-743c-adc8-5a0226ab34b1,registered_owner,PACIFIC INTERNATIONAL LINES,SINGAPORE,2021-09-16
01899bd4-5050-7ac6-9df9-0dc00042c17d,registered_owner,HOA PHAT DUNG QUAT STEEL JSC,VIETNAM,2023-09-12
01808792-e628-7de6-8261-9657063741f8,registered_owner,PNXCHELSEA SHIPPING,PHILIPPINES,2017-04-07
014e4711-fcb0-7f69-9b9e-718367bff3e8,registered_owner,COSCO DURBAN MARITIME LTD,HONG KONG,2012-06-18
014e47f5-3890-78bd-910e-657e57774769,registered_owner,REGIONAL CONTAINER LINES PUBLIC CO,THAILAND,2005-04-19
01894482-18a0-74ae-aaae-8f874ec5d78d,registered_owner,TS EMPIRE HOLDING LTD,MARSHALL ISLANDS,2023-08-15
01808738-4308-7a6f-8d53-31647f5e052e,registered_owner,SITC KWANGYANG SHIPPING CO LTD,HONG KONG,2012-01-05
0196dc64-1a30-700a-9141-91c5f3a1ab05,registered_owner,TRIO HAPPINESS TODA SHIP CO,JAPAN,2025-06-26
014e4749-b268-7170-8e07-7948694d84ea,registered_owner,VIET THUAN TRANSPORT CO LTD,VIETNAM,2025-06-18
014e46f4-2fc8-7cae-8cde-531640b7b0fc,registered_owner,DYNAMIC LEADER SHIPPING SA,PANAMA,2006-06-02
014e47a2-c330-736a-90a7-43da5eb1e46c,registered_owner,AMA MARINE PCL,THAILAND,2018-03-07
014e46eb-65c8-76eb-8cfd-05a56a368a1a,registered_owner,OCEAN JASPER MARITIME LTD,MARSHALL ISLANDS,2024-06-06
014e9f18-4220-7a43-bf5c-d4f4c5765122,registered_owner,BW CONSTELLATION I PTE LTD,SINGAPORE,2016-12-05
01808739-fc70-79df-86c2-dec738284360,registered_owner,SHANGHAI XIN YUAN HAI JI,CHINA,2023-04-01
017ac282-05f8-7ff6-972c-4a7b1f2bdd5e,registered_owner,OLAMAR NAVEGACION SA,PANAMA,2021-09-22
016106e1-5858-71d2-a2c8-2eaabed21a40,registered_owner,RIBBONFISH MARINE SA,PANAMA,2012-07-25
0176211a-1088-7902-9510-6c36d82e71d2,registered_owner,XIANG L10 HK INTERNATIONAL,HONG KONG,2021-02-04
014e46ea-f868-7390-9f9f-bf53d43b5475,registered_owner,NINGBO HEZHONG SHIPPING CO LTD,CHINA,2016-12-23
014e4704-6438-7b91-aafe-0e4ea47c6659,registered_owner,NMB BRIGHT LTD,LIBERIA,2025-05-16
014e46f7-2598-7034-ae0e-5120be3e8b00,registered_owner,VTB TAN PHAT TRADING CO LTD,VIETNAM,2022-01-14
019bea1d-d3f0-7844-893b-65a471e7e57d,registered_owner,ZHEJIANG HONGRUN SHIPPING CO,,2026-02-01
01856ab1-a080-7922-8044-3fab395d6c76,registered_owner,KITAURA KAIUN KK,JAPAN,2022-12-08
014e46ed-d6c8-7652-a64c-57f95ffbdc70,registered_owner,AMA MARINE PCL,THAILAND,2015-07-02
01756803-e0b0-700e-8e91-05db45d98535,registered_owner,ZHEJIANG DONGRUN SHIPPING,CHINA,2020-11-18
017ac1dd-26f0-73f7-bc30-83d4ace74cfc,registered_owner,SYNSUNSHINE LTD,HONG KONG,2025-05-06
01836f7c-7538-78bb-a4f8-b734d170b26f,registered_owner,HOANG TIEN DUNG TRANSPORT,VIETNAM,2024-07-10
014e46f4-1c40-7926-a4be-70fbe18b0f5e,registered_owner,TANGSHAN DONGFANG SHIPPING,CHINA,2020-11-24
014e4717-09a8-7c07-8092-53a252ad895c,registered_owner,BGC THREE NBD SDN BHD,BRUNEI,2014-11-13
016b452a-cf90-7ef2-997e-268e3baca64e,registered_owner,SEA 60 LEASING CO LTD,SWITZERLAND,2019-07-04
01827b44-1660-73f4-8719-bb8f49c451aa,registered_owner,CYPRESS MARITIME PANAMA SA,PANAMA,2022-09-21
014e46ec-a230-7b66-885c-39c409662568,registered_owner,HAUT BRION 13 SA,,2026-04-02
0164fbcd-2150-7757-b45d-1211d2bd646e,registered_owner,LUCKY IMPACT LTD,HONG KONG,2025-01-07
016eb0dd-b088-7ffe-ba82-be24b5148f1a,registered_owner,SWIRE SHIPPING PTE LTD,SINGAPORE,2020-01-17
019a2354-9c78-7483-a135-ffb991d37ef9,registered_owner,NOCC SHIPOWNING AS,NORWAY,
014e7411-a008-7aa0-b882-0bd8ad9a7f83,registered_owner,ASTERIA SHIPPING CO LTDHKG,HONG KONG,2026-02-01
018097dd-6e68-79d7-b0b2-d32d62677030,registered_owner,QUYET TAM SHIPPING CO LTD,VIETNAM,2019-05-01
014e47d6-eea8-7401-98b6-8653b320fabb,registered_owner,ZHE YIN SHAN ZHOU 2 TIANJIN,CHINA,2024-06-03
019a4d0b-75a0-7712-9eab-c46e53d8d2af,registered_owner,OCEAN BULK 2305 LTD,HONG KONG,2025-12-05
0191dd12-3a48-786a-bec6-245b3caa44f5,registered_owner,HUBEI CHUDAO WATERWAY TRANS,CHINA,2019-11-05
015185db-1be0-798e-993b-3442a0621638,registered_owner,XINGTONG SHIPPING CO LTD,CHINA,2015-12-17
018a32d1-d130-72fd-8c66-726dc1cfc8af,registered_owner,POS MARITIME BF SALIB,LIBERIA,2023-08-31
014e4daa-0180-7557-9b7b-2c8cadf802ed,registered_owner,SHAW PARK SHIPPING CO PTE LTD,CYPRUS,2015-07-31
014e46ec-57f8-7d51-a8a7-b4dead8597ea,registered_owner,YANGPU PETROCHINA HUAYUAN,,2023-01-01
014e46ea-3900-7723-b86b-a96d73381221,registered_owner,YONGSHUN SHIPPING MANAGEMENT,CHINA,2018-03-01
01808ba3-6d28-7a44-b8e6-a0413b1f5759,registered_owner,QUYSANG TRADING SHIPPING JSC,VIETNAM,2010-09-01
014e46ed-d6c8-7a0f-8744-a9cfaa9b1b5f,registered_owner,FUZHOU SHIPPING GROUP CO LTD,HONG KONG,2025-11-14
014e5f19-6668-77da-93ac-8a09c8540d5f,registered_owner,OCEAN STAR TRANSPORTATION,VIETNAM,2025-12-16
0160affd-f7a8-750e-ba22-320878ee96af,registered_owner,MARIBLUE SHIPPING CORP,MARSHALL ISLANDS,2022-06-20
019653f6-ded0-7c1e-8c19-db2976ce45fe,registered_owner,SHISHI ZHONGDAYI JIANJIE,,2025-03-17
0197f832-fe88-772e-bdf1-e9b37b435bb8,registered_owner,HUANGSHI HARMONY SHIPPING CO LTD,,2024-09-16
01808739-6fd0-7369-8b82-d7b30fa65af9,registered_owner,HMM CO LTD,REPUBLIC OF KOREA,2023-09-27
014e485f-6828-74f0-a8cd-af5e9d1998cd,registered_owner,ZHOUSHAN XINJI SHIPPING CO LTD,CHINA,2020-01-06
016e4509-d2b0-7f9b-a3ca-48458bd90411,registered_owner,LOC NGUYEN SEA TRANSPORT,VIETNAM,2022-06-16
014e46ed-7cf0-7a4e-a9ab-4d4ea119410a,registered_owner,GLADE SHIPPING INC,MARSHALL ISLANDS,2025-11-18
014e46f2-c868-784f-9a4a-0531277370af,registered_owner,RTA FSS SHANGHAI LTD,LIBERIA,2025-12-28
015e84fe-b2b0-7c22-8131-16a86c4adea4,operator,QUANZHOU ANSHENG SHIPPING CO LTD,CHINA,2017-08-17
014e554b-d148-7763-b305-81353409f84e,operator,GEOPHYSICALCHINA OILFIELD SERVICES LTD,CHINA,
014e46f6-0c58-733c-8b95-f7dbc1cb1b82,operator,ORIENT OVERSEAS CONTAINER LINE,HONG KONG,1998-01-01
014e57f5-4668-70f7-b53f-0862b7111170,operator,MSC MEDITERRANEAN SHIPPING CO,SWITZERLAND,2023-10-23
014e46eb-5628-745d-a171-882c035e56cb,operator,HACT LTD,VIETNAM,2020-07-27
018808dc-66d0-748d-9014-2fb195da4ec7,operator,TEH SHIPPING LINES CO LTD,TAIWAN,2023-07-07
0186086d-d870-7149-ae09-ebc38b6c5e61,operator,ZODIAC MARITIME LTD,UNITED KINGDOM,2011-06-03
014e47b3-0f10-7396-ad8c-f9895b1dc774,operator,BERGE BULK MARITIME PTE LTD,SINGAPORE,2021-10-28
017f96ad-05e0-7acf-9f46-6e743e4e5b47,operator,CHENIERE ENERGY INC,UNITED STATES OF AMERICA,2023-05-27
018fe606-9470-733a-af09-07a49bdffead,operator,SITC INTERNATIONAL HOLDINGS CO LTD,HONG KONG,2024-07-02
0171c4c2-ec28-7ba1-8fb7-4a481a85bc35,operator,YANG MING MARINE TRANSPORT CORP,TAIWAN,2020-06-03
014e4723-5de8-7d30-841f-038683cc90f5,operator,FORMOSA PLASTICS MARINE CORP,TAIWAN,2011-06-15
014e46eb-b000-7c8c-9234-86e252ee7ec0,operator,CMA CGM SA THE FRENCH LINE,FRANCE,2015-06-12
01668b3c-f198-78d3-88b3-0ddc3e5c2323,operator,GRACE OCEAN PTE LTD,SINGAPORE,2018-12-13
0173c22d-9128-71ed-a5c3-b36891211d96,operator,SEVEN SEAS OIL HK LTD,HONG KONG,2020-11-10
014e4789-18e0-79a8-8cab-9c56ecc3c798,operator,FUJIAN GUOHANG OCEAN SHIPPING GROUP CO LTD,CHINA,2012-01-01
014e4765-0a68-7871-97ce-96c7a993f26c,operator,MSC SHIPMANAGEMENT LTD,CYPRUS,2023-07-10
014e4703-a0e8-750c-9e9e-572ba464c4c4,operator,SITC SHIPPING MANAGEMENT,CHINA,2019-04-28
0195ea7e-3ac0-70b7-8a42-d5b2cacf4683,operator,EVERGREEN MARINE CORP,TAIWAN,2025-05-13
0180873e-3a60-7dee-91ae-c09106db93c2,operator,VIETNAM NATIONAL PETROLEUM CORP PETROL,VIETNAM,2016-08-11
014e46eb-17a8-72e8-bf44-12876e7b748e,operator,MSC SHIPMANAGEMENT LTD,CYPRUS,2018-04-02
014e47af-f230-76b0-96fe-f184819b7ba4,operator,PRECIOUS SHIPPING PCL,THAILAND,2014-09-03
014e4704-3940-7bf1-be90-0cc2cc4fa0e9,operator,KAWASAKI KISEN KAISHA LTD,JAPAN,2014-01-24
014e46ee-1160-7277-9436-2417d294aa70,operator,MSC MEDITERRANEAN SHIPPING CO,SWITZERLAND,2009-05-01
014e46ea-c1b8-7111-9ffb-6349e70ccbd6,operator,PANASIA SHIPPING CO LTD,CHINA,2022-03-01
01591a98-1e70-766a-b801-c6bba6ceae44,operator,COSMOSHIP MANAGEMENT SA,GREECE,2017-02-10
01742f6b-5770-703c-9e9a-07bb05ee511b,operator,SHANGHAI ZHONGGU LOGISTICS CO,CHINA,2018-04-18
014e5233-46a8-7e9c-9ed9-ef1f33cd0b7d,operator,YANG MING MARINE TRANSPORT CORP,TAIWAN,2011-01-01
014e4822-3fe8-7cb9-b9e2-7b03ef2e8e60,operator,COSCO SHIPPING LINES CO LTD,CHINA,2017-01-01
014e46ff-9d90-789c-a0e3-61329c05950b,operator,RCL SHIPMANAGEMENT PTE LTD,SINGAPORE,1997-01-01
014e46f8-2f38-7225-8e82-f1ad0c03080a,operator,MSC SHIPMANAGEMENT LTD,CYPRUS,2021-11-24
014e4746-2c10-728d-9bd1-b2fb8fa20e13,operator,MSC SHIPMANAGEMENT LTD,CYPRUS,2023-05-22
01571494-97a8-7164-9885-870c063d674e,operator,HUIZHOU HUAYI RONGSHENG SHIPPING CO LTD,CHINA,2018-12-09
01909542-4678-74b0-81d4-5c5caa09c6b1,operator,AGLAIA SEA TRANSPORT INC,PHILIPPINES,2024-08-08
018ff08f-6340-7306-9c8c-984c8f53dd2c,operator,EUROBULK LTD,GREECE,2024-06-28
018d25e7-21e8-7de1-9a68-1248f984a255,operator,MOLLERMAERSK AS,DENMARK,2024-03-25
014e4acc-5d00-7c44-b22d-c72b6ac772eb,operator,SITC SHIPS MANAGEMENT CO LTD,CHINA,2007-04-27
01741ea7-51a0-7a70-8b02-6edc39daccb3,operator,CHIMBUSCO,CHINA,2020-09-04
01929a3c-0a18-794b-bc4b-6a25c4102b07,operator,TEH SHIPPING LINES CO LTD,TAIWAN,2024-11-25
014e4703-9d00-74c9-a001-e605caa5cca5,operator,KOREA MARINE TRANSPORT CO LTD KMTC,REPUBLIC OF KOREA,1997-01-01
014e46f7-8740-784d-a988-f6f202394ad4,operator,EAST 33 MARITIME LTD,GREECE,2020-10-26
01869d7a-33c8-7b98-84a5-d8d8ea2fb139,operator,NANJING SHENGHANG SHIPPING CO,CHINA,2023-10-20
018089c4-e928-769b-ad5e-6cc36cf18456,operator,ALLSEA DMCC JSC,VIETNAM,2019-11-18
0162e0b1-7120-76a2-ab71-24d15ab691c3,operator,NYK LINE,JAPAN,2018-06-06
01826914-7a70-7515-a188-27e0b0dd1a24,operator,JIANGSU LINZHOUYANG SHIPPING,CHINA,2022-08-16
014e54bc-3790-7f00-984a-af4d2e801f00,operator,SIAM LUCKY MARINE CO LTD,THAILAND,2009-02-25
0172bd3f-8460-7e1e-b34a-8af19ba33786,operator,NISSEN KAIUN CO LTD NISSEN KAIUN KK,JAPAN,2020-06-16
0187c5be-74b0-7011-8aa8-6b709b3ffec2,operator,SITC CONTAINER LINES CO LTD,CHINA,2023-05-30
015c4781-6b78-78d4-920f-e14be60c7360,operator,DORVAL SC TANKERS INC,JAPAN,2017-06-16
01716c4b-62a0-7793-a518-84a97d3ff383,operator,RUICO GUANGDONG SHIPPING & LOGISTICS CO LTD,CHINA,2021-01-27
014e46eb-7950-74ef-8987-f9fb0e41d563,operator,MAERSK AS,DENMARK,2015-05-06
015dab79-2e80-7f02-901b-e754787339b8,operator,EVERGREEN MARINE CORP,TAIWAN,2017-09-03
016db3ab-4100-73e5-aa4b-7bba72b224a3,operator,GOODWILL MARITIME PTE LTD,SINGAPORE,2019-10-30
014e479a-6a78-7442-a413-9444bc1dc2db,operator,SITC SHIPS MANAGEMENT CO LTD,CHINA,2007-06-08
0194f390-7048-72db-b83a-e07547c3baad,operator,EVERGREEN MARINE CORP,TAIWAN,2025-03-04
014e474b-19c8-7dcb-bd44-d296455903ea,operator,HONG KONG HAICHANG HOLDINGS,CHINA,2024-06-04
017313d7-97b8-7435-8351-abf2f2744171,operator,GOODWILL MARITIME PTE LTD,SINGAPORE,2020-07-28
014e46ea-6010-72c7-9456-6f79640304f6,operator,MSC SHIPMANAGEMENT LTD,CYPRUS,2021-07-28
014e4749-3950-7741-b408-107a034aa030,operator,KAWASAKI KISEN KAISHA LTD,JAPAN,2022-09-25
014e46ea-a660-71ed-8025-569c8c8002fc,operator,CHINA HARBOUR ENGINEERING CO,CHINA,2023-08-29
014e46ed-4a28-719e-bf1d-e1b5f0dfa3d2,operator,ALPHA BULKERS SHIPMANAGEMENT INC,GREECE,2017-01-19
01851aaf-6b30-78ce-81e3-3dd7e6f390ac,operator,SHOEI KISEN KK,JAPAN,2023-01-16
014e46f5-c9f0-7c94-aa1d-2634fa057c1f,operator,ANDALAS BAHTERA BARUNA,INDONESIA,2021-04-05
014e4bc8-7040-7968-aece-df1c38d8957a,operator,CHINA SHIPPING CHEMICAL CARRIER CO LTD,CHINA,2013-05-06
0180873c-1b68-70b8-be29-d1cdcd1f2e44,operator,COSCO SHIPPING LINES CO LTD,CHINA,2022-10-01
01742ffc-8380-7976-b69f-ea98387beee8,operator,KOREA MARINE TRANSPORT CO LTD KMTC,REPUBLIC OF KOREA,2020-08-27
0190159e-72c0-772b-b022-366cc6a69e03,operator,WAN HAI LINES LTD,TAIWAN,2024-07-09
018dd685-d2d8-7cbe-8a1f-eaa0d12fd6d1,operator,HACT LTD,VIETNAM,2024-04-24
0157f64b-3f08-790e-be6e-e9a8cbb94c3e,operator,ZHONGSHAN HONG KONG PASSENGER,CHINA,2018-03-01
0168930a-7678-79d2-b2ab-4dd8389fa023,operator,CHARTERWELL MARITIME SA,GREECE,2019-03-27
017f76b0-6ca0-7ba7-a071-3a034c36f1b5,operator,HUIZHOU HUAYI RONGSHENG SHIPPING CO LTD,CHINA,2022-03-29
018ad9c4-a5d0-7cb4-a700-fd08843aa925,operator,CMA CGM SA THE FRENCH LINE,FRANCE,2024-02-19
01521b61-71c8-7019-88f3-f1bc754af977,operator,TMS DRY LTD,GREECE,2010-06-15
0180f4e7-9b88-7ab8-ab23-0f4aa7295c14,operator,SITC CONTAINER LINES CO LTD,CHINA,2022-06-20
014e4d75-5520-7e86-8957-21210dc9da64,operator,DANAOS SHIPPING CO,GREECE,2007-09-01
014e4723-d318-78aa-93ae-af64a121e297,operator,CMA CGM SA THE FRENCH LINE,FRANCE,2022-10-17
014e46f0-a1a0-7256-a9cc-9cd3b719985a,operator,COSCO SHIPPING LINES CO LTD,CHINA,2013-09-04
014e48e1-1b48-78af-890e-a12b4fc0629a,operator,YANG MING MARINE TRANSPORT CORP,TAIWAN,2007-11-01
014e46eb-5df8-7292-8612-52d2638fd04c,operator,WILHELMSEN AHRENKIEL BULK GMBH,GERMANY,2022-06-01
014e46eb-bbb8-7993-b31b-4fb500457a16,operator,ORIENT OVERSEAS CONTAINER LINE,HONG KONG,2004-01-01
014e473e-8ed8-7a2c-a0d5-82905b1ba436,operator,ASSOCIATED MARITIME CO HK LTD,HONG KONG,2014-11-15
0165aef3-cd10-7903-bcaf-d9395868edf8,operator,ZHONGSHAN HONG KONG PASSENGER,CHINA,2018-10-05
017bbeba-5e10-7597-bb5b-7266002e615e,operator,MSC MEDITERRANEAN SHIPPING CO,SWITZERLAND,2021-10-07
01924a9c-d488-7b40-a7d7-1d7764223d1c,operator,NAMSUNG SHIPPING CO LTD,REPUBLIC OF KOREA,2024-10-23
014e4766-3b18-7875-b6d8-f7f3863de71e,operator,NYK LINE,JAPAN,2015-07-24
015cf6ce-b180-721d-8e5d-9cbf672d545c,operator,TS LINES LTD,TAIWAN,2017-07-21
0180b67e-6f48-72ad-a2d5-da5870e9e0cf,operator,OCEAN NETWORK EXPRESS PTE LTD,SINGAPORE,2022-06-21
014e4c1d-1c08-7738-aba6-1b82a7d573aa,operator,ORIENT OVERSEAS CONTAINER LINE,HONG KONG,2015-01-07
014e46f9-f070-79cf-a08a-9a8c3eea17c5,operator,HONG KONG MING WAH SHIPPING CO LTD,HONG KONG,2012-06-01
014e46f2-a928-70ec-9c30-f36197e0efb7,operator,WAN HAI LINES SINGAPORE PTE,SINGAPORE,2023-07-28
0183a85e-8bc0-7247-b018-f85148f716a0,operator,TOEI HOLDINGS LTD,JAPAN,2022-10-26
018c3813-8e98-73d4-81d7-723f6a75f8fd,operator,HLINE SHIPPING CO LTD,REPUBLIC OF KOREA,2024-01-22
018325b7-72b8-7500-864c-16bbab7cf7fe,operator,CHINA SHIPPING CHEMICAL CARRIER CO LTD,CHINA,2022-10-18
014e53df-73f0-75ab-beaf-c39906a01e15,operator,ALLSEA DMCC JSC,VIETNAM,2022-02-03
014e4aac-d2c8-7c4b-8e2f-f7a95db4bf48,operator,WILHELMSEN SHIP MGMT SDN BHD,MALAYSIA,2022-11-03
014e58b4-77b8-7cf9-ac3d-06ccc8b463a0,operator,CMA CGM SA THE FRENCH LINE,FRANCE,2018-04-21
014e46f1-8c00-70fc-aae1-0b4d2609e684,operator,FRANBO SAGACITY SA,PANAMA,2021-11-30
014e48d5-8a58-7efd-b1dd-efc63cd0bcaf,operator,BERNHARD SCHULTE SINGAPORE,SINGAPORE,
014e5668-7478-7c87-b394-888d6b716f25,operator,YIU LIAN DOCKYARDS LTD,CHINA,
0174aed2-be68-7561-ba05-65475d20b9c1,operator,YANG MING MARINE TRANSPORT CORP,TAIWAN,2023-12-31
014fa192-1e80-7ce2-a81b-e82042ab1d0e,operator,HUIZHOU HUAYI RONGSHENG SHIPPING CO LTD,CHINA,2018-08-29
014e46ec-f820-7ef1-8ef4-06b5829960dd,operator,KOREA MARINE TRANSPORT CO LTD KMTC,REPUBLIC OF KOREA,2001-01-01
014e46ec-d8e0-7703-b992-ada4eaa3980d,operator,CHINA COSCO SHIPPING CORP LTD,CHINA,2006-06-08
019aae34-0c70-7ed4-bede-0a84f2fafa3f,operator,VINACOMIN WATERWAY TRANS JSC,VIETNAM,2021-12-31
014e46ea-e4e0-7df8-a473-524471254f95,operator,MSC MEDITERRANEAN SHIPPING CO,SWITZERLAND,2023-12-28
014e4702-9360-749a-86f3-a6f94e303949,operator,GOLDEN UNION SHIPPING CO SA,GREECE,2012-06-26
018804ce-9338-70a5-9743-2145387e80b5,operator,IOLCOS HELLENIC MARITIME ENTERPRISES CO LTD,GREECE,2023-06-05
014e5dd9-4548-72e4-ad11-419135092418,operator,NHAT VIET MARINE SERVICE JSC,VIETNAM,2024-04-08
0191dee3-ed08-74bc-a89e-8e6ca4261823,operator,SITC INTERNATIONAL HOLDINGS CO LTD,HONG KONG,2024-09-27
014e4879-2dd0-7787-8333-072d18618487,operator,PACIFIC INTERNATIONAL LINES,SINGAPORE,2003-06-01
014e46f1-41c8-7492-a374-c310539bbdd3,operator,COSCO SHIPPING LINES CO LTD,CHINA,2005-04-01
0188171e-2e90-7f57-ad2d-8e0ea9a7cb8a,operator,PACIFIC SHIP MANAGEMENT CO LTD,JAPAN,2025-09-03
0166c31b-4fd8-7954-853e-d16ad11cf25e,operator,COSCO SHIPPING LINES CO LTD,CHINA,2018-12-11
018ef4af-f4e0-79e0-bc17-a17654e787cd,operator,SHANGHAI DINGHENG SHPG TECH,CHINA,2024-05-21
01929d83-5190-702b-a986-9ae2c074399a,operator,CHIMBUSCO,CHINA,2024-11-25
014e4712-ac78-7cb1-a0e9-63525ff1b143,operator,FORMOSA PLASTICS MARINE CORP,TAIWAN,2011-05-09
018354c2-f370-70ea-b61b-a6937ee2e94c,operator,ZIM INTEGRATED SHIPPING SERVS,ISRAEL,2022-11-09
014e4a74-b398-7337-b506-1a321806c77f,operator,MARMARAS NAVIGATION LTD,GREECE,2014-05-19
014e46ea-2578-78ab-b72f-04e15fa31da8,operator,DAIICHI CHUO NAIKKO KAISHA,JAPAN,2009-03-05
014e473a-aea8-7119-93ec-0546caaece51,operator,SHANGHAI DINGHENG SHPG TECH,CHINA,2023-02-27
014e46f7-4ca8-71d8-b8c3-6bcedb3c1f85,operator,GALAXY SHIP MANAGEMENT CO LTD,SEYCHELLES,2021-06-03
01656896-c908-7518-b1ab-1d4a20402f85,operator,TIANJIN SOUTHWEST MARITIME LTD,CHINA,2012-06-29
014e47fb-b8a0-7bc6-a07a-1c789f2c35c5,operator,CK LINE CO LTD,REPUBLIC OF KOREA,2015-04-13
014e46f8-2b50-7fa5-837c-4f35983b7791,operator,COSCO SHIPPING BULK LTD,CHINA,
014e473a-ba60-76a8-ba0a-229427be2f9b,operator,MAERSK AS,DENMARK,2021-04-26
017e474d-4f60-7c86-ac60-8a323b839817,operator,CMA CGM SA THE FRENCH LINE,FRANCE,2022-03-04
014e46fc-80b0-71a9-9efe-83d63703b7f9,operator,SHANGHAI OCEAN SHIPPING CO LTD,CHINA,2023-02-01
01584237-05a0-7bf9-94f2-bb851567d175,operator,COSCO SHIPPING SPECIALIZED-CHR,CHINA,2016-11-17
014e46ea-cd70-7431-8760-73049cc13c2e,operator,VIETNAM NATIONAL PETROLEUM CORP PETROL,VIETNAM,2007-04-02
017b9f11-a190-792f-90ae-37347728cfbd,operator,WAN HAI LINES LTD,TAIWAN,2021-09-30
01798203-0e88-7529-8df7-4f6de7f7f4e5,operator,ASL SHIPPING LTD,HONG KONG,2023-07-01
014e47a6-ce58-73ed-8c5b-8015969c2d61,operator,MTT SHIPPING SDN BHD,MALAYSIA,2014-12-04
014e47c3-9588-7914-9a71-4af09b458f02,operator,PACIFIC INTERNATIONAL LINES,SINGAPORE,2012-11-12
016bc1bb-19e8-70bb-8148-7e82c3937fd1,operator,GOODWILL MARITIME PTE LTD,SINGAPORE,2019-09-10
014e46f5-06a0-7b4f-8f8c-5957084ee84e,operator,CALLANY,CHINA,2012-03-06
01690a3c-12d8-7d39-9474-0a6e55e3ab59,operator,THANH THANH DAT CO LTD,VIETNAM,2023-01-10
014e4d9c-f5a8-7b6b-b31f-7baed2b6e205,operator,WAN HAI LINES LTD,TAIWAN,2009-08-25
014e4765-3560-7f44-8802-7df809a1039c,operator,OCEAN NETWORK EXPRESS PTE LTD,SINGAPORE,
014e4738-4578-7441-81c8-a65399916b34,operator,PACIFIC INTERNATIONAL LINES,SINGAPORE,2014-10-29
0186fcb3-00b8-78d7-9b36-5d94c1a32e8b,operator,SHANGHAI ZHONGGU LOGISTICS CO,CHINA,2023-04-11
014e4952-28b0-7c11-9eab-3e80bf556786,operator,SHANGHAI OCEAN SHIPPING CO LTD,CHINA,
014e4990-e730-766a-8989-c902c4e4876c,operator,WISDOM MARINE LINES SA,TAIWAN,2010-11-25
014e4820-5f70-7b0c-9dba-118f378724b6,operator,KOTOKU KAIUN CO LTD,JAPAN,2020-08-06
014e46fb-ec40-75ba-a172-0ff73c850ad9,operator,CMA CGM SA THE FRENCH LINE,FRANCE,2015-03-16
014e47d6-bfc8-7437-8cc5-18071b1728e5,operator,MSC MEDITERRANEAN SHIPPING CO,SWITZERLAND,2022-06-27
014e4764-1450-71f1-855a-dbacee228508,operator,SC SHIPPING SINGAPORE PTE LTD,SINGAPORE,2020-05-26
014e49d4-be60-7294-b185-fd093a7ffbf2,operator,TOYOFUJI SHIPPING CO LTD,JAPAN,2004-04-01
014e511d-fa60-775a-91a8-197d0ddb7272,operator,SHANGHAI DINGHENG SHPG TECH,CHINA,2017-10-26
014e47c5-bc50-78b2-9259-ed0651cba72e,operator,CONCHART COMMERCIAL INC,GREECE,2023-05-02
014f731c-2708-7481-bb99-cd6f56a73a4c,operator,PACIFIC INTERNATIONAL LINES,SINGAPORE,2014-06-19
0150e9d9-0b58-7342-a1cc-77d29348175b,operator,MARMARAS NAVIGATION LTD,GREECE,2018-10-01
0170f5f8-56d0-7528-9287-6acd738aced4,operator,NISSEN KAIUN CO LTD NISSEN KAIUN KK,JAPAN,2020-04-23
0170566d-e6c0-7e33-bf35-f40c6adf3cbf,operator,NISSEN KAIUN CO LTD NISSEN KAIUN KK,JAPAN,2020-03-31
01906daf-4b38-7f54-802f-f27cb9e2696b,operator,NANJING SHENGHANG SHIPPING CO,CHINA,2024-08-07
014e51eb-ba40-75a0-ab63-8c61f88aa9f3,operator,DYNACOM TANKERS MANAGEMENT LTD DTM,GREECE,2009-04-15
015059ad-5458-7c9a-9c8b-9f8a80494b9c,operator,HEUNGA SHIPPING CO LTD,REPUBLIC OF KOREA,2015-12-28
014e46f7-d560-7cea-bf0d-a8c769b42771,operator,MITSUI OSK LINES LTD,JAPAN,2018-02-01
014e4712-27a8-7760-a69e-c9c066ae2b67,operator,MSC SHIPMANAGEMENT LTD,CYPRUS,2022-08-22
01808741-10f0-7fe8-8e2a-7d0df334a7d6,operator,AULAC CORP,VIETNAM,2012-10-30
014e46f8-2768-7c76-9026-716af6cb7730,operator,VELOS DRY LTD,GREECE,2025-09-18
014e46e9-f698-7565-a193-233459c73e9c,operator,COSCO SHIPPING BULK LTD,CHINA,2008-12-09
014e46ed-84c0-787d-88b9-3533aad6a811,operator,HOANH SON GROUP JSC,VIETNAM,2021-01-05
014e481a-2998-7a67-b544-8e833607ced2,operator,MSC MEDITERRANEAN SHIPPING CO,SWITZERLAND,
0187c610-1338-7628-afe5-2b30c342c540,operator,WAN HAI LINES LTD,TAIWAN,2023-04-27
014e4765-50b8-7402-b1d2-c57b37ff623f,operator,NHAT VIET TRANSPORTATION CORP,VIETNAM,2022-11-01
015f7a09-74e8-7d85-8bc9-025588443da9,operator,GALAXY SHIP MANAGEMENT CO LTD,SEYCHELLES,2017-12-13
014e5291-fcc0-702d-b30e-60b90f1c38c3,operator,MAERSK TANKERS,DENMARK,2019-01-01
01742d64-b9d0-71f0-bb35-075c0dbbd55a,operator,GUANGXI WUZHOU SHIPYARD,CHINA,2013-01-18
01732d87-fe50-7080-bd75-99b0839c1053,operator,SITC CONTAINER LINES CO LTD,CHINA,2020-08-12
014e95d4-8de0-775f-ad6c-8a007250765f,operator,AN TIEN MANH CO LTD,VIETNAM,2021-06-02
014e4cf4-f5d8-768f-ae30-47bedbe9005f,operator,NYK LINE,JAPAN,2007-02-26
014e46eb-e6b0-78cd-988c-00eeb2cfda5a,operator,TAN CANG SHIPPING JSC,VIETNAM,2023-10-16
0164161b-43f8-7e25-af1b-a750c429f7ac,operator,EVERGREEN MARINE CORP,TAIWAN,2018-07-06
014e4802-d8d8-7d60-8f5b-401f18fe0192,operator,SHANGHAI DINGHENG SHPG TECH,CHINA,2022-06-07
014e46fe-16f0-7648-a8a3-d2ff1c537511,operator,DERYOUNG MARITIME,TAIWAN,2024-04-26
017b7707-b518-7c11-9250-5f0e2073d9c5,operator,YANG MING MARINE TRANSPORT CORP,TAIWAN,2021-10-01
0175684c-95f8-7bee-815a-4897d2879a20,operator,WAN HAI LINES LTD,TAIWAN,2020-12-09
014e4edd-c2a8-72ea-abb6-d3a823a7ec9e,operator,DERYOUNG MARITIME,TAIWAN,2024-04-26
014e46ff-95c0-747c-bc6e-f5d60e33f03f,operator,GUANGXI WUZHOU SHIPYARD,CHINA,2013-01-16
016ef936-7108-7be5-bc1d-539eafd1b6f2,operator,LOMAR SHIPPING LTD,UNITED KINGDOM,2020-01-21
017a45e0-3f10-70e5-bfcc-1535128fa7b2,operator,MAERSK AS,DENMARK,2021-07-21
016e8723-e190-7d1b-ac93-896c0c032561,operator,KYOWA KISEN CO LTD,JAPAN,2020-01-20
0197f3fa-cb48-7fae-9a4e-e3a952bd4ebd,operator,NANJING SHENGHANG SHIPPING CO LTD,CHINA,
014e46eb-9c78-7871-b59d-4bf0982d4780,operator,EVERGREEN MARINE CORP,TAIWAN,2005-09-27
014e4ad4-11a8-7ad2-ade3-78f54f72bcab,operator,SHANGHAI CHANGJIANG SHIPPING CORP,CHINA,2010-12-13
0186e7b8-4678-7c50-ab9f-c0f4416a2815,operator,MINERVA DRY INC,MARSHALL ISLANDS,2023-02-28
016ecfb5-da80-7a9f-a5c5-f6d1a2eea12b,operator,TOEI HOLDINGS LTD,JAPAN,2020-01-14
018cc253-95f8-7237-8961-f17dfe34cce0,operator,EUROBULK LTD,GREECE,2019-11-22
0186949e-f9a0-7a83-b50a-c1b6dbd5b1f4,operator,NYK LINE,JAPAN,2017-03-31
0164a664-a8a0-7585-b005-d50d5bb1557c,operator,EVERGREEN MARINE CORP,TAIWAN,2018-08-30
014e4752-5d28-778d-9d19-29ef5cdd0588,operator,OSTC,VIETNAM,2007-06-01
014e48b7-d4e0-7b67-8bf0-53e4d9b3dd8b,operator,MINH TUAN TRANSPORT & TRADING,VIETNAM,2015-01-01
0166c28a-46f0-7017-a14a-674c4f8a9a56,operator,CHIMBUSCO PAN NATION SHIPPING,CHINA,2018-12-05
016bc093-5ee0-7663-a1dc-ae66d07acdca,operator,MTT SHIPPING SDN BHD,MALAYSIA,2024-02-27
019279d4-9178-7e44-bf55-e536c1c60c25,operator,EVERGREEN MARINE CORP,TAIWAN,2024-11-21
014e4879-2600-7f82-ac09-bc14b5dd53ec,operator,MSC MEDITERRANEAN SHIPPING CO,SWITZERLAND,2010-04-15
0174f99d-caf0-787f-bd05-20458ecaccb9,operator,EVERGREEN MARINE CORP,TAIWAN,2025-03-01
0175f799-df90-786c-a0db-face2f2014c5,operator,PAN OCEAN SHIPPING CO,REPUBLIC OF KOREA,2020-12-08
01808739-5478-7059-a81e-d5f26a9e6269,operator,HACT LTD,VIETNAM,2022-04-01
014e46ef-70f0-70ee-94eb-2e50e66933c9,operator,ORIENT OVERSEAS CONTAINER LINE,HONG KONG,2010-01-05
0175773b-dbc8-73cc-af1e-8a73d7ff9bd9,operator,WAN HAI LINES LTD,TAIWAN,2020-12-31
017195c5-8ca0-7503-a725-c826a5fc128d,operator,YANG MING MARINE TRANSPORT CORP,TAIWAN,2020-05-27
0180874e-a198-7e2a-b1b8-a3684b382ff9,operator,EVERGREEN MARINE CORP,TAIWAN,
01926a45-3730-7381-9acb-074f84e2e999,operator,EVERGREEN MARINE CORP,TAIWAN,2025-03-08
014e4d99-4070-703c-ad99-e85813dd73a2,operator,KITAURA KAIUN KK,JAPAN,2009-01-31
016b4973-9118-70c5-a5ce-3696e0654b65,operator,EVERGREEN MARINE CORP,TAIWAN,2019-09-10
014e481d-90b0-7b25-89fa-efde8755eb9a,operator,TVL MARINE CO LTD,TAIWAN,2015-01-15
014e4a96-a318-7178-8b60-7b4c12e232ea,operator,AULAC CORP,VIETNAM,2023-09-05
015a5927-4c00-7f86-9553-a82ca87d6414,operator,SANSHO KAIUN CO LTD,JAPAN,2017-03-22
014e5109-ab28-7370-a41f-f35fc08e556e,operator,LEONHARDT & BLUMBERG SCHIFFAHRTSGESELLSCHAFT,GERMANY,2020-09-15
014e46ee-f008-79ec-a55d-109042a99940,operator,PACIFIC INTERNATIONAL LINES,SINGAPORE,2009-10-22
0187bb13-3190-78a1-9389-0c4f7ad32bb0,operator,TIANJIN SOUTHWEST MARITIME LTD,CHINA,2023-10-07
014e47ca-dcd0-7fb9-b3b9-88a7b5e6fb36,operator,MSC MEDITERRANEAN SHIPPING CO,SWITZERLAND,2021-07-20
014e4895-4920-76de-933a-3d9fdee518bc,operator,ORIENT OVERSEAS CONTAINER LINE,HONG KONG,2022-06-08
01891a4d-4190-7a25-b98a-fc9eae5131b0,operator,WAN HAI LINES LTD,TAIWAN,2023-08-29
014e47c3-dbd8-7850-8dec-4774f16e3f39,operator,ORIENT OVERSEAS CONTAINER LINE,HONG KONG,2006-09-15
017c4f89-1f58-7872-a880-c93e521978dc,operator,MITSUI OSK LINES LTD,JAPAN,2021-11-04
014e47ca-9298-7f00-9930-33caae3beeb3,operator,VIET THUAN TRANSPORT CO LTD,VIETNAM,2023-11-02
014e4c19-5730-78b7-8cb5-50a525647b1b,operator,DANAOS SHIPPING CO,GREECE,2007-11-27
014e4820-1920-7043-9e64-380d7d80b1f5,operator,EVERGREEN MARINE CORP,TAIWAN,2015-01-09
014e4776-a250-7aa1-b5b8-506d0ae81148,operator,COSCO MARITIME UK LTD,UNITED KINGDOM,2002-01-01
017c1419-1e78-713c-a068-b1152c89eb29,operator,MIDAS LINE SA,PANAMA,2022-05-26
014e470b-1ee0-7c1e-add7-e9a30b4b9eee,operator,TOSHIN KISEN CO LTD,JAPAN,2012-05-23
01815c01-6420-7eef-8455-605a26b9b696,operator,SITC CONTAINER LINES CO LTD,CHINA,2022-07-05
014e4c00-e560-7dc0-a27c-b2024c0c0500,operator,COSCO SHIPPING SPECIALIZED-CHR,CHINA,2006-07-18
014e46ec-ec68-7d4f-b6d5-1861401a4ff4,operator,WAN HAI LINES SINGAPORE PTE,SINGAPORE,
014e46ed-abd0-790b-bc9c-75eb686334ba,operator,BG SHIPPING CO LTD,HONG KONG,2019-01-22
014e4764-bc48-7502-b0cb-a0c99f7af9ba,operator,EUROBULK LTD,GREECE,2019-11-19
014e4721-8540-7124-868e-227ca5604c1e,operator,UMING MARINE TRANSPORT CORP,TAIWAN,2022-12-08
015d4233-d740-70f8-800a-09fc05445914,operator,CHIMBUSCO PAN NATION SHIPPING,CHINA,2017-07-06
014e47ab-a0b8-747b-bf0b-25a9c1710d33,operator,ZIM INTEGRATED SHIPPING SERVS,ISRAEL,2019-04-01
01928e45-9da0-7fab-b96d-b98e369dae5b,operator,CMA CGM SA THE FRENCH LINE,FRANCE,2024-12-25
014e46ea-c988-7105-9216-17ecade86523,operator,AULAC CORP,VIETNAM,2023-02-23
01850e7b-74d0-7beb-8da4-e8a78aa23163,operator,HAPAG-LLOYD AG,GERMANY,2023-05-24
014e46fb-30c0-7e40-9e20-0a9b995cd35b,operator,EVERGREEN MARINE CORP,TAIWAN,2009-03-01
018dd856-58d0-74a8-b8c9-cc4eb053c14c,operator,EMIRATES SHIPPING LINES FZE,UNITED ARAB EMIRATES,2025-08-22
014e479b-a6e0-75ab-a181-0d10e04f25b5,operator,KOREA MARINE TRANSPORT CO LTD KMTC,REPUBLIC OF KOREA,2024-01-22
014e473e-b9d0-7847-bc2b-ba94b2aa925a,operator,COSCO SHIPPING LINES CO LTD,CHINA,2001-01-01
01808beb-3bf8-7111-8a16-5c65496752ed,operator,MINH TUAN TRANSPORT & TRADING,VIETNAM,2008-04-28
0183d4c5-3ad8-7c8d-83bb-fd3adcb4f530,operator,WAN HAI LINES LTD,TAIWAN,2022-12-20
014e46ea-b218-7cce-b92d-5c1a86c58f8a,operator,HACT LTD,VIETNAM,2022-03-01
015c3877-d748-7bed-a3b4-efef4d7c0546,operator,GUANGDONG SHIPPING CO LTD,CHINA,2017-06-19
014e48c8-b918-7a89-90fc-e501618109d4,operator,MERATUS LINE,INDONESIA,2017-10-11
018454a3-c9b8-787e-84f8-7ba948b7d6c8,operator,WAN HAI LINES LTD,TAIWAN,2023-01-31
014e4747-35b0-7c5b-9e16-8ef96f7f7f2a,operator,ORIENT OVERSEAS CONTAINER LINE,HONG KONG,2022-03-14
014e46ea-c5a0-7f7f-9f0a-49cf25953202,operator,SEA LEAD SHIPPING PTE LTD,SINGAPORE,2022-03-03
0163a825-8bd8-748a-90c3-5f4becb3c512,operator,TODA KISEN K K,JAPAN,2016-08-25
014e46ea-fc50-75fe-8951-906430f4b31a,operator,BERGE BULK MARITIME PTE LTD,SINGAPORE,2021-02-11
018a3b4a-6188-7f97-84d5-f98323f9fbbf,operator,MITSUI OSK LINES LTD,JAPAN,2023-11-21
01808739-7b88-7028-beda-024906088ebe,operator,HACT LTD,VIETNAM,2017-05-08
014e46f4-00e8-795f-807b-85d9d87b0c6b,operator,MSC SHIPMANAGEMENT LTD,CYPRUS,2017-09-03
014e4703-cbe0-7dec-a53e-c0f8816b035f,operator,TAIMIN PETROLEUM & CHEMICALS,CHINA,2013-08-28
018b8370-b6a0-74d3-95db-709ced7d5134,operator,CAPITAL MARITIME & TRADING,GREECE,2024-03-12
01808738-d778-73df-8c53-c5db699ffecf,operator,RUICO GUANGDONG SHIPPING & LOGISTICS CO LTD,CHINA,2014-10-23
017520f2-32a8-774f-af52-f4fe139140fd,operator,SWIRE SHIPPING PTE LTD,SINGAPORE,2020-12-14
014e5611-9248-7316-9ac0-554324526b13,operator,PAN OCEAN SHIPPING CO,REPUBLIC OF KOREA,2009-07-24
014e46ef-bf10-7546-af3e-64b9a2702183,operator,HARBOURLINK MARINE SERVICES SDN BHD,MALAYSIA,2024-06-03
014e46f1-45b0-78fa-8f6a-88f2504cf80f,operator,MARMARAS NAVIGATION LTD,GREECE,2013-04-19
0159b56a-9068-7585-ab5e-a92faa78d915,operator,DONGJIN SHIPPING CO LTD,REPUBLIC OF KOREA,2017-02-10
01932ea0-c748-7c86-80a5-a89d58efa090,operator,EVERGREEN MARINE CORP,TAIWAN,2024-12-31
014e483d-6cf0-7653-bac1-81dcf78150d2,operator,DANAOS SHIPPING CO,GREECE,2024-05-28
01846955-a7a0-7658-a511-563f3b62e93a,operator,SITC CONTAINER LINES CO LTD,CHINA,2022-12-12
017ed7d6-9f50-7bf3-a2fe-cb3d7edddaf0,operator,CMA CGM SA THE FRENCH LINE,FRANCE,2023-11-21
014e46eb-8120-7d4e-a319-738c373c8ec7,operator,ZIM INTEGRATED SHIPPING SERVS,ISRAEL,
014e4a7c-c600-7683-9fc6-fcae26221f8c,operator,WAN HAI LINES LTD,TAIWAN,2006-04-21
01851185-f998-7314-a95c-a26bf55395f9,operator,DANDONG MARINE SHIPPING CO LTD,CHINA,2023-01-03
01903c43-3988-7bf7-80ed-26f406f33899,operator,NAMSUNG SHIPPING CO LTD,REPUBLIC OF KOREA,2017-10-24
014e4a95-2830-7920-8d1e-5937d3b365c6,operator,FENG SEA SHIPPING PTE LTD,SINGAPORE,2024-03-07
016684dd-0040-7554-9d8b-620e1ab51fec,operator,EVERGREEN MARINE CORP,TAIWAN,2018-11-28
0172c080-d868-791f-9264-947611a7a328,operator,NISSEN KAIUN CO LTD NISSEN KAIUN KK,JAPAN,2020-07-07
0190252a-ac40-7f56-b58a-ddba78a59d95,operator,MSC MEDITERRANEAN SHIPPING CO,SWITZERLAND,2024-07-18
014e50ef-ddb0-749d-8e22-58c49afa383f,operator,MAERSK AS,DENMARK,2015-02-01
01872aac-a028-72ad-913d-d3eed3c62efa,operator,CIDO SHIPPING AND TRADING CO,HONG KONG,2008-04-03
014e46ee-d0c8-7ccd-8d6d-db08140151c3,operator,GOLDEN UNION SHIPPING CO SA,GREECE,2010-07-13
014e46eb-5240-76b2-9d63-11229f2d1a9a,operator,ALLSEA DMCC JSC,VIETNAM,2024-08-27
0156fdfd-ffe8-7fdc-b53f-daa2aa9f4c3d,operator,CENTURY BULK CARRIERS MGMT CO,GREECE,2020-10-05
019706c8-4a58-782f-9663-3e45bb10d00a,operator,SEACON STAR FUJIAN SHIPS CO,HONG KONG,2025-11-05
014e46f7-4ca8-750c-ac1b-c6d5d79b38f4,operator,MAERSK AS,DENMARK,2024-07-30
014e46ea-92d8-731c-a9e8-e43486383aab,operator,PANASIA SHIPPING CO LTD,CHINA,2022-03-01
014e4ee3-aa60-7770-9bc2-a14bd3bb195c,operator,NHAT VIET TRANSPORTATION CORP,VIETNAM,2016-08-01
014e46f0-c8b0-7a7b-9c7b-ad07c39caa5d,operator,EVERGREEN MARINE CORP,TAIWAN,2013-01-16
014e5787-88a8-7baa-9092-1859787b31d0,operator,MAPLE LEAF SHIPPING CO LTD,CHINA,2023-03-01
014e491c-cc88-7abb-9468-967a22feec68,operator,CK LINE CO LTD,REPUBLIC OF KOREA,2014-11-11
014e46eb-61e0-7690-a4f0-542b8c054b36,operator,HAI DANG MARINE CO LTD,VIETNAM,2021-10-28
01502a70-4808-7460-80b4-6cbe30b2c562,operator,HAPAG-LLOYD AG,GERMANY,2023-02-01
01893651-1da8-7df8-908f-660f8c522664,operator,TEH SHIPPING LINES CO LTD,TAIWAN,2023-08-22
014e46f2-4b68-72d9-85f4-7e4c094d0ed7,operator,EVERGREEN MARINE CORP,TAIWAN,2012-10-22
0177ec3d-95b8-725f-9013-fa953cbb19f4,operator,SHOKUYU TANKER CO,JAPAN,2021-03-22
01876e75-ddd8-7f33-9bd5-a9df3063982d,operator,ORIENT OVERSEAS CONTAINER LINE,HONG KONG,2023-07-03
014e5338-c7f8-7dc6-a307-9592a6368114,operator,TAN CANG SHIPPING JSC,VIETNAM,2015-11-19
014e4709-3698-79a4-b58d-22eafb7cb72d,operator,YIU LIAN DOCKYARDS LTD,CHINA,
014e4a26-d9e8-713a-8ea8-e44d56fb0551,operator,NYK LINE,JAPAN,2013-03-06
01961a03-e4e8-7007-8c4b-4d90c3d85e34,operator,ZHEJIANG MINGDE SHIPPING CO,CHINA,2025-04-25
014e556c-2a88-70fa-88b2-2af4724e2acc,operator,FENG SEA SHIPPING PTE LTD,SINGAPORE,2024-11-18
014e46f7-c1d8-7b57-9145-85292ff77e12,operator,VIPCO,VIETNAM,2016-06-29
014e481f-de88-7177-8203-1c3b98cdecfd,operator,EVERGREEN MARINE CORP,TAIWAN,2013-04-30
0192d664-fab8-76fc-9169-4f4f2f4fe4c1,operator,SINOKOR MERCHANT MARINE CO LTD,REPUBLIC OF KOREA,2024-11-20
014e479a-7630-7f7c-a485-9b1803e80d74,operator,MSC SHIPMANAGEMENT LTD,CYPRUS,2023-05-03
0156ba5c-ff00-71ef-ad7f-718c2cc07825,operator,CARRAS HELLAS SA,GREECE,2016-10-20
015730be-7250-7ddf-9b18-fbbe987cd4a9,operator,DAIICHI CHUO NAIKKO KAISHA,JAPAN,2016-09-29
01975d1e-5370-7169-a32d-8d2d75cb63e6,operator,CK LINE CO LTD,REPUBLIC OF KOREA,2025-07-31
014e4896-7db8-702c-9a73-0e3ab7fcbf79,operator,KOREA MARINE TRANSPORT CO LTD KMTC,REPUBLIC OF KOREA,2017-02-01
014e46f1-8fe8-7156-a9e7-fb665a74897c,operator,LAVINIA,GREECE,2011-07-29
0153bbde-acf0-76e1-924a-c14b81eb1ce8,operator,GLOBAL CHARTERING LTD,MAURITIUS,2016-07-07
01740a5e-47a8-7c8e-a729-132a99959a09,operator,YIU LIAN DOCKYARDS LTD,CHINA,
017bde1f-37a8-7957-9982-6202791d7fa2,operator,SHOEI KISEN KK,JAPAN,2021-10-08
014e4c56-6030-7001-81b7-8d99b454dbc3,operator,COSCO SHIPPING ENERGY TRANS,CHINA,2019-05-20
0189c395-25d8-7c4c-916f-c69a2680547e,operator,EVERGREEN MARINE CORP,TAIWAN,2023-09-06
018fc9b5-86a0-70eb-b3c6-fd7e2b15e3b3,operator,ASL SHIPPING LTD,HONG KONG,2024-06-19
014eb048-dcd0-7fc2-830b-32afed977f65,operator,MSC SHIPMANAGEMENT LTD,CYPRUS,2024-09-11
01874625-ff20-7bbf-b4f1-fddea3f5e25e,operator,SITC CONTAINER LINES CO LTD,CHINA,2023-04-28
014e479c-ef00-714e-8834-f01cf5c923ef,operator,COSCO SHIPPING LINES CO LTD,CHINA,2005-06-06
014e46fb-05c8-7292-9f98-f6f12ce2e56b,operator,HACT LTD,VIETNAM,2021-03-05
014e4bd9-a298-7028-9b0b-ec6010be6cae,operator,NANJING SHENGHANG SHIPPING CO,CHINA,2023-08-01
014e489a-dae8-7a2a-bddd-def5a4fe4f19,operator,NANJING SHENGHANG SHIPPING CO,CHINA,2023-09-08
017592a5-c1d0-79b2-b91b-6eb77db2215a,operator,KOREA MARINE TRANSPORT CO LTD KMTC,REPUBLIC OF KOREA,2020-11-27
01909532-b230-70e5-a554-61a4276c0459,operator,CMA CGM SA THE FRENCH LINE,FRANCE,2024-08-22
018abca9-1828-7b91-87aa-8e39a47851e3,operator,SANTOKU SENPAKU CO LTD,JAPAN,2018-10-17
014e46fa-afd8-7630-bf9c-bf747bece762,operator,YIU LIAN DOCKYARDS LTD,CHINA,
015b26eb-fe60-7222-bbae-2f07bac18e01,operator,SHOKUYU TANKER CO,JAPAN,2022-03-24
017d7f44-bcd8-740f-af4b-9acfb9a43e59,operator,GREATHORSE INTERNATIONAL SHIP MANAGEMENT CO L,CHINA,2022-02-14
014e4ab6-ae38-7f9d-b014-6d1b19f9b432,operator,SHANGHAI JUNZHENG SHIPPING,CHINA,2020-03-27
014e4adb-b6b0-725c-af12-d8365486decc,operator,ORIENT OVERSEAS CONTAINER LINE,HONG KONG,2009-09-04
014e46eb-b7d0-7563-bc6a-0fffd6d0a98e,operator,SOKI KISEN KK,JAPAN,2009-06-26
01882332-1200-7efc-9851-338a36c24442,operator,RCL SHIPMANAGEMENT PTE LTD,SINGAPORE,2024-02-01
014e47a6-3218-7d48-8021-ea415f461c26,operator,FORMOSA PLASTICS MARINE CORP,TAIWAN,2013-02-27
0177cdd7-1d38-745a-904e-ae206e752f8d,operator,YANG MING MARINE TRANSPORT CORP,TAIWAN,2021-04-01
01892944-4f90-7fcb-82f4-89ca7ea40a00,operator,WAN HAI LINES LTD,TAIWAN,2023-07-24
014e4b47-de30-7934-bc85-87729beada63,operator,COLUMBIA SHIPMANAGEMENT SNG,SINGAPORE,2021-12-03
014e46ea-b218-7d06-85bc-dcc22dfada4a,operator,YIU LIAN DOCKYARDS LTD,CHINA,
014e46f0-b528-7f25-8b62-290cfd5663a5,operator,EASTERN CAR LINER LTD,JAPAN,2022-08-01
014e46f8-df00-75af-afa6-dd4fb981da6a,operator,GAS SHIPPING JSC,VIETNAM,2025-06-18
014e46f1-7c60-787b-b255-dcc7b622f811,operator,ORIENT OVERSEAS CONTAINER LINE,HONG KONG,2010-06-08
0153d629-4818-769f-b0de-802e6b90179e,operator,MAERSK TANKERS,DENMARK,2019-01-01
014e4c54-6460-739e-ae00-c81f2c5753c3,operator,COSCO SHIPPING DEVELOPMENT,CHINA,2003-01-01
017e6a57-fb90-7688-82db-8feefc9ac14f,operator,EVERGREEN MARINE CORP,TAIWAN,2023-09-28
014e473d-5e28-7670-a779-ea7004c20251,operator,WAN HAI LINES LTD,TAIWAN,2022-06-07
0196cd59-da20-7353-8aa8-92099e003eff,operator,INTERASIA LINES SINGAPORE PTE LTD,SINGAPORE,2025-06-27
014e4708-7730-7554-8280-593cc37a1f8d,operator,MOLLER SINGAPORE AP PTE LTD,SINGAPORE,2024-04-22
017520b6-2790-7dbd-9e6b-7834a19b98f1,operator,KOREA MARINE TRANSPORT CO LTD KMTC,REPUBLIC OF KOREA,2020-10-30
0158188f-0540-7869-8ed5-e88d31ba5951,operator,SOARING DRAGON ENTERPRISE,CHINA,2024-04-26
014e4878-6a80-7f2a-910f-96a10d3de4ec,operator,MSC MEDITERRANEAN SHIPPING CO,SWITZERLAND,2009-07-01
017f5414-6890-7c81-a0d7-6d52a7f30e61,operator,SHANDONG SHIPPING CORP,CHINA,2022-03-21
014e46fa-ee58-7aa8-ab87-fc1c3f6bf552,operator,MAERSK TANKERS,DENMARK,2019-01-01
014e4c1e-0a50-718c-a692-51f1204f0872,operator,HACT LTD,VIETNAM,2025-10-17
01961918-38e0-770a-b683-427b84c7906a,operator,MAERSK LINE LTDUSA,UNITED STATES OF AMERICA,2025-05-27
017e785b-7a00-7e1b-9f2c-cc851cb026b0,operator,CSC NANJING TANKER CORP CHINA GOVT,CHINA,2022-03-15
014e46ee-f7d8-70c5-9b17-305e385d6ba1,operator,FAIRMONT SHIPPING HK LTD,HONG KONG,2023-11-11
016f24fa-7398-7248-81f0-fc0afeb006b0,operator,EASTERN PACIFIC SHIPPING PTE,SINGAPORE,2021-12-21
0183a5f5-3898-70ad-a160-5ce725850a7c,operator,WAN HAI LINES LTD,TAIWAN,2022-11-29
01961eb2-9818-763a-9745-791524fc655a,operator,ORIENT OVERSEAS CONTAINER LINE,HONG KONG,2025-05-21
0180873a-7970-7b90-8543-5342f773d7eb,operator,ORIENT OVERSEAS CONTAINER LINE,HONG KONG,2007-10-25
014e486d-a4b0-70d8-8f6e-2f9aca54a308,operator,PACIFIC INTERNATIONAL LINES,SINGAPORE,2008-01-08
014e484a-5988-7b74-96a0-d9d9c837004e,operator,EUROBULK LTD,GREECE,2016-09-29
01715613-7158-7b0a-b3fc-ba6817dac9b2,operator,NANJING SHENGHANG SHIPPING CO LTD,CHINA,
014e4878-dfb0-7cd4-b913-730bf8b86214,operator,CMA CGM SA THE FRENCH LINE,FRANCE,2012-11-06
0167fccb-c540-7914-aab1-ba9b627d8663,operator,SHANGHAI CP INTERNATIONAL SHIP MANAGEMENT B,CHINA,2019-06-25
0166c81e-4d28-7f76-b476-9a62719afce6,operator,ZHONGSHAN HONG KONG PASSENGER,CHINA,2018-12-17
016cc205-9ee0-78ba-aed2-45011f85f600,operator,GOODWILL MARITIME PTE LTD,SINGAPORE,2020-09-18
014e4729-e5c8-7992-962e-13555e86b6f9,operator,FEOSO OIL,CHINA,2013-01-01
014e481f-3690-732b-9de1-e6f2ff9a8fc2,operator,CMA CGM SA THE FRENCH LINE,FRANCE,2013-05-19
014e4cc0-dde8-72dc-85d5-0ed7abe43752,operator,SITC SHIPS MANAGEMENT CO LTD,CHINA,2012-07-09
0171779d-6d10-722d-b4df-cd9cecf275d1,operator,SINOKOR MERCHANT MARINE CO LTD,REPUBLIC OF KOREA,2020-04-29
015ddf27-3538-7e6d-b765-b5a781b45bc1,operator,MSC MEDITERRANEAN SHIPPING CO,SWITZERLAND,2019-08-01
01881e27-f090-77cc-b2a1-ef403414f11c,operator,EASTAWAY SHIP MANAGEMENT PTE,SINGAPORE,2023-06-29
0195ace4-0ac8-75bd-bbd3-123bec996a1b,operator,COSCO SHIPPING SPECIALIZED-CHR,CHINA,2025-04-18
0168853b-b020-7f7d-98d1-af71741655b2,operator,PACIFIC INTERNATIONAL LINES,SINGAPORE,1998-01-01
0180873b-dce8-786f-abd5-75ac584feb15,operator,LOMAR SHIPPING LTD,UNITED KINGDOM,2017-09-29
016256bd-a948-7334-8d54-0700eba1484a,operator,TOYOFUJI SHIPPING CO LTD,JAPAN,2018-05-22
014e4820-1538-7864-b920-ebcecddf62c7,operator,CONCHART COMMERCIAL INC,GREECE,2021-01-20
014e479c-df60-7ed4-aa69-4c305679072c,operator,MSC MEDITERRANEAN SHIPPING CO,SWITZERLAND,2008-07-07
014e48b3-25a8-758f-bbf3-b75cbbfcb024,operator,YANG MING MARINE TRANSPORT CORP,TAIWAN,2005-06-10
014e46f8-7d58-749a-822f-998a05a64ef8,operator,DALIAN CHUN AN SHIP MGMT CO,CHINA,2021-03-12
01925b92-a470-7047-a246-7308666a7a51,operator,EVERGREEN MARINE CORP,TAIWAN,2024-10-25
014e46f3-3d98-7a3f-a242-0468b28a43a9,operator,CMA CGM SA THE FRENCH LINE,FRANCE,2002-01-01
014e46f7-7f70-7304-8332-94deb5a719ae,operator,HONG KONG MING WAH SHIPPING CO LTD,HONG KONG,2011-09-23
014e4744-c898-7dc2-ac4d-ec33fe5f6556,operator,GLORY NAVIGATION CO,TAIWAN,2013-10-11
019360dc-42a0-774c-9560-d48fbb143b13,operator,EVERGREEN MARINE CORP,TAIWAN,2024-12-19
018bc61c-5b08-731f-b845-145111916a8d,operator,TIANJIN SOUTHWEST MARITIME LTD,CHINA,2023-11-30
014e46ec-1978-7f00-bce0-9486d48992a7,operator,AN THANH NAM TRANSPORT CO LTD,VIETNAM,2024-05-02
014e4b48-5b30-7bf1-a95a-0ac172657cb7,operator,FAREAST TRANSPORT CO LTD,JAPAN,2019-11-01
018b26d9-ae10-7890-b575-ec497cb04da7,operator,MINERVA DRY INC,MARSHALL ISLANDS,2025-02-10
01902163-8e38-70d8-a867-5c3d688892d6,operator,BRIGHT CONCORD INC LTD,HONG KONG,2011-06-07
0162a7ef-a820-7083-aac9-a19d773afb8e,operator,SHANGHAI DINGHENG SHPG TECH,CHINA,2023-05-09
01808744-1660-77db-87a8-3ced7171b3d3,operator,ORIENT OVERSEAS CONTAINER LINE,HONG KONG,2021-11-19
014e5199-1dd0-7193-a707-9c9b235b41e1,operator,GLORY NAVIGATION CO,TAIWAN,2013-04-24
014e53f1-59f8-7acb-b3c3-8b2196a38071,operator,SHENZHEN SOUTHERN CHINA LPG SHIPPING CO LTD,CHINA,2014-01-02
014e592c-c0b0-7cf9-9a16-fe36149f66eb,operator,PETROVIETNAM TRANSPORTATION CORP,VIETNAM,2018-05-31
018f04ca-d9d0-7f28-8077-3bed17309e67,operator,EUROBULK LTD,GREECE,2024-05-13
014e46ea-f480-73ba-a762-153ddecc3b8b,operator,YIU LIAN DOCKYARDS LTD,CHINA,
014e4731-11b8-7fc5-ba2f-93d308e2f3af,operator,TAIMIN PETROLEUM & CHEMICALS,CHINA,2013-08-05
014e479b-9f10-7d44-849a-dec0f41c99de,operator,MSC SHIPMANAGEMENT LTD,CYPRUS,2021-03-02
014e49aa-85c8-7f2e-b6b6-63edac111124,operator,EVERGREEN MARINE CORP,TAIWAN,2003-08-01
0185a5c2-7a00-7c51-aa7d-438f1365adf7,operator,TS LINES LTD,TAIWAN,2023-03-06
0160c3d6-55e0-7428-b1a4-967c1c704531,operator,TS LINES LTD,TAIWAN,2023-03-15
0183e9f6-d010-798d-96c6-1cd587153f23,operator,TIANJIN SOUTHWEST MARITIME LTD,CHINA,2022-11-28
014e46e9-cf88-75c5-998d-38cafd95b350,operator,YANG MING MARINE TRANSPORT CORP,TAIWAN,2021-09-01
017e72f8-2c70-79ca-a73d-f5da03a1d0dd,operator,SITC CONTAINER LINES CO LTD,CHINA,2022-02-24
0190a02b-80e0-7f7a-9ea7-62a1464776f4,operator,CMA CGM SA THE FRENCH LINE,FRANCE,2024-08-14
014e46ee-0d78-7ff2-af2e-8cb6145f025e,operator,HARBOURLINK MARINE SERVICES SDN BHD,MALAYSIA,2024-10-14
014e46e9-db40-7f4b-84b4-f0d533ddec2e,operator,STOLT TANKERS BV,NETHERLANDS,2017-08-01
014e484d-2460-7eb2-8a0a-6b120c9fe29b,operator,CMA CGM ASIA SHIPPING PTE LTD,SINGAPORE,2016-11-11
014e48a4-0a78-7403-a2ca-9651c008560f,operator,MSC SHIPMANAGEMENT LTD,CYPRUS,2022-10-27
01920e31-9740-7016-9c99-9c4e00851fa3,operator,MAERSK AS,DENMARK,2024-11-04
014e4819-9cf8-7f5d-88e3-72da3ecd1329,operator,EUROBULK LTD,GREECE,2022-05-24
014e4701-d7e0-74d3-98d7-aa3867e8ebb1,operator,STOLT TANKERS BV,NETHERLANDS,2024-01-01
017ac8b1-f258-7e05-b2ff-f91f85d94919,operator,TIANJIN SOUTHWEST MARITIME LTD,CHINA,2021-08-30
018c19f2-7bb8-7228-b008-178658031f10,operator,KAWASAKI KISEN KAISHA LTD,JAPAN,2024-01-25
0160e3c6-1de0-764f-bad2-e93c1a3427a2,operator,PACIFIC SHIP MANAGEMENT CO LTD,JAPAN,2025-06-18
01884d68-b218-756e-9284-2cd7ea4834f1,operator,MAPLE LEAF SHIPPING CO LTD,CHINA,2023-06-16
014e573d-19f8-75b8-9349-634b43334196,operator,CMA CGM SA THE FRENCH LINE,FRANCE,2019-08-13
015b8bf2-c190-7542-aa86-72cc81d0a4e6,operator,SHANGHAI NORTH SEA SHPG CO LTD,CHINA,2017-05-10
0150e93e-3a88-7978-82be-de4c3e362923,operator,SHOEI KISEN KK,JAPAN,2017-09-22
017d7cf4-aa88-7a90-9cab-b5d94cfb8b26,operator,ZHEJIANG FENGYI SHIPPING CO LTD,CHINA,2022-01-24
01867a25-1cd0-7b65-b3bb-4cb04b3f1dc1,operator,ZIM INTEGRATED SHIPPING SERVS,ISRAEL,2022-11-01
01533f94-d1d8-718e-a296-d4d62493e460,operator,CHINA HARBOUR ENGINEERING CO,CHINA,2023-08-29
014e4724-b1c0-7b2d-8f9c-c56a75e51420,operator,ORIENT OVERSEAS CONTAINER LINE,HONG KONG,2024-06-30
014e6d4b-b150-7207-9992-23f91c1b1bd4,operator,EASTAWAY SHIP MANAGEMENT PTE,SINGAPORE,2021-03-24
018831ea-78f0-7755-b716-b6f17cd644e8,operator,CAPITAL MARITIME & TRADING,GREECE,2023-06-30
014e46e9-eae0-7d9e-a003-a7ecad58f53f,operator,BW LPG PTE LTD,SINGAPORE,2024-02-19
0159c555-4d38-78fb-9cd9-9170c8d096bc,operator,MSC MEDITERRANEAN SHIPPING CO,SWITZERLAND,2017-02-15
01808747-3340-71ed-b998-5210d4143664,operator,WAN HAI LINES LTD,TAIWAN,2012-05-29
018bfedf-e540-77fe-9213-080690f84fb8,operator,WAN HAI LINES LTD,TAIWAN,2023-12-15
016d7199-8ad8-70c4-849d-6b9889bdd4ca,operator,STOLT TANKERS BV,NETHERLANDS,2024-02-01
01771463-c5b8-7910-8ad1-a6592b1b677a,operator,WAN HAI LINES LTD,TAIWAN,2022-06-14
014e4880-9840-7e71-b360-cf6bd8ed0622,operator,MERATUS LINE,INDONESIA,2019-10-24
014e47ba-3b00-7f8b-98a3-edfcd0b80261,operator,YANG MING MARINE TRANSPORT CORP,TAIWAN,2012-12-24
01775a9a-1b68-7a08-8c43-fcb84ca626fc,operator,WAN HAI LINES LTD,TAIWAN,2021-03-26
018ac9ab-0130-737d-a57b-3e826e1f8dbb,operator,WAN HAI LINES LTD,TAIWAN,2023-11-14
014e46ef-3e28-76ae-8124-a9ea954206b5,operator,COSCO SHIPPING LINES CO LTD,CHINA,2000-05-29
01808744-3d70-7e12-9d75-b0f271fda452,operator,FANGCHENGGANG CITY HENGSHENG,CHINA,2016-08-26
01797d3d-e940-71f0-bfd3-abd7aa7df6ab,operator,WAN HAI LINES LTD,TAIWAN,2021-07-05
014e4c0e-0c90-799b-960c-802763ee716b,operator,FEOSO OIL,CHINA,2014-01-21
0180938e-0d90-7f4a-adb2-b9d2116c8bb3,operator,UNITED SHIPPING CO LTD,VIETNAM,2023-04-10
014e46ff-6eb0-75f8-8583-29d25796a516,operator,KOREA MARINE TRANSPORT CO LTD KMTC,REPUBLIC OF KOREA,2010-04-15
014e4797-70c0-7e10-97ba-4566d0c1b699,operator,COSCO SHIPPING LINES CO LTD,CHINA,2013-04-25
0161e52f-41d8-70f0-9d3a-150ee87483b9,operator,MAERSK TANKERS,DENMARK,2021-11-01
01738f5f-e408-7785-84ba-b9ac833ef800,operator,YANG MING MARINE TRANSPORT CORP,TAIWAN,2020-09-07
01906d5c-7048-7b18-909d-f686df6a7e01,operator,EVERGREEN MARINE ASIA PTE LTD,SINGAPORE,2024-07-31
019b910f-6580-7db5-be06-db41791bdacc,operator,WAN HAI LINES LTD,TAIWAN,
019511cf-09c0-7237-82c4-3b47723e3e9c,operator,HAPAG-LLOYD AG,GERMANY,2025-03-27
014e47a3-a1d8-7fe9-bedf-4730b96a77f8,operator,USUI KAIUN KK,JAPAN,2008-09-05
014e47c4-fce8-7b3a-855e-8c3416ebc1e8,operator,CHINA COSCO SHIPPING CORP LTD,CHINA,2007-07-05
014e46f0-0d30-752e-87c9-8ef8faa4678f,operator,SALAM PACIFIC INDONESIA LINES,INDONESIA,2017-05-29
0161034f-b1d0-751f-bbe0-3fc8683aecb1,operator,JOSCO,CHINA,2018-03-23
014e46ea-2190-7e78-92da-a5c903911a68,operator,YANG MING MARINE TRANSPORT CORP,TAIWAN,2007-05-09
0162fb84-1c50-767e-83b1-8b1bcf2926cf,operator,HUIZHOU HUAYI RONGSHENG SHIPPING CO LTD,CHINA,2024-06-07
018a732a-ee60-7c92-82c8-4b282be0e15a,operator,TS LINES LTD,TAIWAN,2023-11-02
014e46ed-1b48-7eab-b04b-c49bd09c9b22,operator,MAERSK AS,DENMARK,2021-07-31
014e478a-68d0-7890-b37b-890b6dd400cb,operator,SHIH WEI NAVIGATION CO LTD,TAIWAN,2011-06-29
01615a10-dcb0-75d3-babc-2d319b130641,operator,CMA CGM SA THE FRENCH LINE,FRANCE,2018-05-09
014e46eb-b7d0-785f-a213-214f11dd5019,operator,SITC SHIPPING MANAGEMENT,CHINA,2015-04-03
017b2f6d-c828-7017-bfcb-219d1feb750d,operator,MAERSK AS,DENMARK,2021-09-20
01577955-87d8-705e-877e-7dee3871c9f5,operator,KOTOKU KAIUN CO LTD,JAPAN,2018-11-28
014e46ef-2e88-7247-b7ac-c18958c000f4,operator,HARBOURLINK MARINE SERVICES SDN BHD,MALAYSIA,2022-03-01
014e46ea-5840-79f9-9af4-2326d173061a,operator,MSC SHIPMANAGEMENT LTD,CYPRUS,2017-05-22
016be433-6570-725e-a8a3-27d39ab7a583,operator,MAERSK TANKERS,DENMARK,2024-01-01
014e46f3-6c78-7a48-aa63-ae0a595277cc,operator,ORIENT OVERSEAS CONTAINER LINE,HONG KONG,2015-03-31
014e4711-c9e8-7f48-9917-19fec529e334,operator,HOANH SON GROUP JSC,VIETNAM,2020-11-26
014e46f3-0eb8-7753-acb0-05e25a0c49ec,operator,TVL MARINE CO LTD,TAIWAN,2017-04-17
017d8e34-6450-7457-a147-3f9937bddecb,operator,TIANJIN SOUTHWEST MARITIME LTD,CHINA,2021-12-26
018dbffb-1e10-7f1c-a848-4270d460f858,operator,EMIRATES SHIPPING LINES FZE,UNITED ARAB EMIRATES,2025-08-22
014e46eb-1b90-76f1-91ed-a9f620b05467,operator,MSC SHIPMANAGEMENT LTD,CYPRUS,2022-05-26
01808da9-85f8-7e98-93fa-1713a4a3858f,operator,HACT LTD,VIETNAM,2022-11-03
014e47ed-e590-7768-8e76-bea7eef2c493,operator,SEVEN SEAS OIL HK LTD,HONG KONG,2013-08-28
015a8c40-07f8-7e2e-8a80-765510e93527,operator,PACIFIC SHIP MANAGEMENT CO LTD,JAPAN,2025-09-05
0177ecb4-6f80-7c55-83f2-ce5870c1ccaa,operator,HONG KONG MING WAH SHIPPING CO LTD,HONG KONG,2025-11-11
0185a358-cd00-74d5-a601-8c985b42adbe,operator,FESCO,RUSSIA,2023-02-22
014e46f4-c820-7bd9-b90c-6ffc88db9c3e,operator,OCEAN LONGEVITY SHIPPING MANAGEMENT CO LTD,HONG KONG,2005-01-03
014e46eb-5240-7c9e-b467-46d245d08aaa,operator,TMS DRY LTD,GREECE,2010-06-15
01808738-46f0-7645-b478-2c183ac27b24,operator,COSCO SHIPPING ENERGY TRANS,CHINA,2021-08-31
014e46f6-4ad8-78dd-96e7-02ad880fc326,operator,SINOKOR MERCHANT MARINE CO LTD,REPUBLIC OF KOREA,
014e46ea-d540-7866-b3b9-0b89a992adca,operator,SITC SHIPPING MANAGEMENT,CHINA,2015-03-10
01961929-bd40-7f2f-910d-ad1290b32791,operator,MARLA TRADING,UNITED ARAB EMIRATES,2025-04-25
018fb7d1-f770-715a-9a8c-3979aeaad430,operator,NAMSUNG SHIPPING CO LTD,REPUBLIC OF KOREA,2024-06-19
014e4705-1018-7efd-8a87-b7547c67ff20,operator,GOLDEN LION SHIPPING CO LTD,HONG KONG,2014-09-01
014e476d-3058-7d65-a16d-d656a3be9d4e,operator,SITC SHIPPING MANAGEMENT,CHINA,2014-10-17
014e47e8-1930-725f-b5b5-7cf445fe4077,operator,CHINA MERCHANTS RORO TRANS,CHINA,2011-12-05
01774777-41f0-745b-8ef9-07c28c0b4880,operator,MAERSK AS,DENMARK,2021-04-15
01694513-61e0-7d70-a8f1-7f6e210783ab,operator,VIET THUAN TRANSPORT CO LTD,VIETNAM,2018-12-10
01963712-7658-78bd-b2ce-885e48622b8c,operator,OCEAN NETWORK EXPRESS PTE LTD,SINGAPORE,
014e4abe-43a0-7d41-8754-0d1baba18dbc,operator,FORMOSA PLASTICS MARINE CORP,TAIWAN,2010-04-28
019134eb-7d70-7e62-8052-9170d6f00068,operator,ZHEJIANG ANJI MARINE TECHNOLOGY CO LTD,CHINA,2024-08-23
014e4748-5aa8-7f9b-9413-26e93ad9ec10,operator,PANASIA SHIPPING CO LTD,CHINA,2017-12-01
0180873b-2168-717c-bb21-851e3a3ef294,operator,VIET THUAN TRANSPORT CO LTD,VIETNAM,2018-02-09
014e483d-e9f0-731f-a8e4-6d1206686857,operator,MARAN TANKERS MANAGEMENT,GREECE,2020-12-17
0186598d-5118-78b4-bc17-a99ee7170408,operator,NISSEN KAIUN CO LTD NISSEN KAIUN KK,JAPAN,2023-03-14
014e49d5-cfd0-7231-b6da-8c193e247abb,operator,WINNING INTERNATIONAL GROUP,SINGAPORE,2021-01-15
01647e42-c758-78a7-9fd3-b4a123a13bdc,operator,NAVIOS CONTAINERS MANAGEMENT INC,MARSHALL ISLANDS,2018-12-07
014e4764-04b0-79ee-ae73-60cd18a29d3d,operator,FORMOSA PLASTICS MARINE CORP,TAIWAN,2013-06-25
014e46ec-a618-7a22-8038-90230147cbcd,operator,NINGBO ZHUNXING SHIPPING CO LTD,CHINA,2018-09-04
014e46ec-09d8-7b89-9ebf-77ed002c61e6,operator,CMA CGM SA THE FRENCH LINE,FRANCE,2013-04-16
0180874c-8e58-782e-b9b1-68478c4fc791,operator,GEMADEPT SHIPPING LTD CO,VIETNAM,2017-09-26
014e471b-3be0-75c7-b3b5-4f7033a0d245,operator,COSCO SHIPPING BULK LTD,CHINA,
019342c8-2bf8-70bb-84b5-ffe2334766da,operator,NISSEN KAIUN CO LTD NISSEN KAIUN KK,JAPAN,2025-01-15
014e4818-c238-7c7d-a641-64843f3c636e,operator,FUJIAN HENGFENG SHIPPING CO LTD,CHINA,2022-10-24
01692d7e-1ed0-7713-9c24-5e3ae1b59215,operator,TOSHIN KISEN CO LTD,JAPAN,2019-03-28
014e4bc9-d7a0-7ef2-acaa-43e93920bd40,operator,FANGCHENGGANG CITY HENGSHENG,CHINA,2012-04-05
017becd3-b698-737b-a206-c14992c9032a,operator,WAN HAI LINES LTD,TAIWAN,2021-10-29
014e4b56-f578-76fd-94f5-e3d6fbed5b77,operator,ZODIAC MARITIME LTD,UNITED KINGDOM,2022-04-01
014e503e-e8e8-7a56-9de0-506a156e781b,operator,HUIZHOU HUAYI RONGSHENG SHIPPING CO LTD,CHINA,2024-06-14
014e46ea-0a20-7d28-8aba-41510b11d7a9,operator,DANAOS SHIPPING CO,GREECE,2024-07-08
01896ce7-b1d8-7c00-a095-20ccf25e8782,operator,TODA KISEN K K,JAPAN,2023-09-07
014e47c4-2610-78c3-bc98-0a00acb0a9c8,operator,CMA CGM SA THE FRENCH LINE,FRANCE,2013-09-13
017ff90a-8e88-7833-b818-7d96b1f44c7f,operator,KYOWA KISEN CO LTD,JAPAN,2022-04-28
01807ded-c098-7046-8d1d-0b88018516fb,operator,DANDONG MARINE SHIPPING CO LTD,CHINA,2022-06-08
014e4764-0c80-7b4c-94c5-dbb0e47036b9,operator,CMA CGM SA THE FRENCH LINE,FRANCE,2025-06-19
014e46eb-1b90-738d-8638-69d6025c755e,operator,VIET THUAN TRANSPORT CO LTD,VIETNAM,
016878c9-f158-7981-be7c-5deaa0083fd7,operator,CHIMBUSCO,CHINA,2019-02-28
018625bc-68b0-7783-8afb-7e2b72badfe2,operator,SHANDONG SHIPPING CORP,CHINA,2020-09-17
015ea1ac-c8e8-756d-a14c-01fa3ea43b90,operator,SHIH WEI NAVIGATION CO LTD,TAIWAN,2012-11-10
0181f022-2ec8-7ffb-af9f-ca0cc04697d3,operator,WAN HAI LINES LTD,TAIWAN,2022-08-02
014e46eb-5240-7dc4-8657-f32376a5b0dc,operator,MAERSK AS,DENMARK,2015-04-13
0150e64f-9a60-70dc-978f-c8867fc3502d,operator,GEOPHYSICALCHINA OILFIELD SERVICES LTD,CHINA,
014e4712-9508-7d10-bb1c-0a899d44cf5b,operator,NAVIOS CONTAINERS MANAGEMENT INC,MARSHALL ISLANDS,2018-11-19
014e484b-a1a8-7198-8e3b-6964028f5459,operator,SALAM PACIFIC INDONESIA LINES,INDONESIA,2017-05-01
0168fb5f-dfd8-7b77-bd8d-8689d0283b5f,operator,DALIAN CHUN AN SHIP MGMT CO,CHINA,2021-03-05
014e47c3-0118-78a0-8ef4-885ca22b72d9,operator,WILHELMSEN AHRENKIEL BULK GMBH,GERMANY,2006-11-08
017d7e23-d7d0-7922-ad2e-ca1e7b9c1e6c,operator,BHP BILLITON FREIGHT SINGAPORE,SINGAPORE,2023-11-21
0191a804-b330-7a82-9d2f-4e68ca53b84a,operator,ZHOUSHAN HEXING SHIPPING CO LTD,CHINA,2024-04-07
018c5669-7cb8-76f5-a046-dc3fa36098ad,operator,CHIMBUSCO,CHINA,2023-12-28
0154bcbc-2318-71dd-b989-5aa04d567736,operator,NISSEN KAIUN CO LTD NISSEN KAIUN KK,JAPAN,2016-07-12
015d6269-81e0-758c-8a4c-e403363ca279,operator,MITSUI OSK LINES LTD,JAPAN,2017-08-31
0173f0f2-7b90-770a-a34b-7b6240cfe33f,operator,SINOKOR MERCHANT MARINE CO LTD,REPUBLIC OF KOREA,2023-06-08
0190054e-8b80-7441-b3d4-df99bc927454,operator,HMM CO LTD,REPUBLIC OF KOREA,2024-07-01
018c94ad-13e0-766c-a6d4-f0939c652967,operator,FAREAST TRANSPORT CO LTD,JAPAN,2024-01-31
014e4ed6-e8c0-73ce-8197-f3a199975b2b,operator,DALIAN HAIDA INTERNATIONAL FLEET MANAGEMENT CO LTD,CHINA,2023-05-05
0169e638-a5d0-7e24-9166-6c548842a670,operator,COSCO SHIPPING BULK LTD,CHINA,
016cefc7-b390-7e98-972c-cd8f45e7562b,operator,USUI KAIUN KK,JAPAN,2019-10-31
014e4798-ad28-72b7-9b44-f97a9c715f04,operator,GUANGZHOU SALVAGE CO,CHINA,
014e4725-c718-7327-b109-9be193859b8d,operator,PACIFIC INTERNATIONAL LINES,SINGAPORE,2015-05-07
018ba234-acb8-7311-954a-f3f9e5aef056,operator,SHIKISHIMA KISEN KK,JAPAN,2023-12-11
019882af-e3f0-7507-bcb5-4d308629f161,operator,MAERSK AS,DENMARK,2018-03-27
014e46f1-9ba0-7098-8caa-a3c42ee71fc5,operator,CALLANY,CHINA,2012-09-20
014e46eb-6d98-74ad-bbcf-e8f05d5e568d,operator,SHANGHAI JINJIANG SHPG GROUP,CHINA,2014-09-01
0175f2b0-abd0-775b-a171-174fc34d4a3f,operator,HAPAG-LLOYD AG,GERMANY,2016-03-03
014e46fa-b7a8-7475-91b6-3e5bd9965d68,operator,MAERSK AS,DENMARK,2017-02-22
014e48ac-c0f0-72c6-a588-b07b68ed1116,operator,SITC SHIPPING MANAGEMENT,CHINA,2019-04-16
018f23e6-ea98-7052-ba5e-e22db24a513f,operator,HACT LTD,VIETNAM,2024-05-22
014e46ea-0e08-798a-8db8-57e3c5253313,operator,MAERSK AS,DENMARK,2015-02-01
016c947b-14f0-769c-a886-7322fae78094,operator,SHANGHAI ZHONGGU LOGISTICS CO,CHINA,2019-09-12
0174061a-9ae8-7317-b512-719d377bc891,operator,SHENZHEN SOUTHERN CHINA LPG SHIPPING CO LTD,CHINA,2011-11-02
014e46ee-6750-796d-9247-4cbdceb8798d,operator,COSCO SHIPPING DEVELOPMENT,CHINA,2005-09-19
014e46fb-8e80-7bb6-bd0e-0fd3abdd4299,operator,GUANGDONG SHIPPING CO LTD,CHINA,2007-07-10
01822507-fa00-736e-b575-8717b43f6f11,operator,EVERGREEN MARINE CORP,TAIWAN,2022-10-28
0189073f-1128-7a49-8e0a-df65b560712c,operator,JIANGSU LINZHOUYANG SHIPPING,CHINA,2022-01-12
01758c58-4af0-795c-bcfb-1b4f0a6d1170,operator,COSCO SHIPPING BULK LTD,CHINA,2020-12-18
014e484b-5b58-7f62-9d8b-688e74e409e5,operator,YANG MING MARINE TRANSPORT CORP,TAIWAN,2006-10-31
01519ee0-ee80-72e9-a85e-00f158bc1acd,operator,FIRST STEAMSHIP CO LTD,TAIWAN,2016-01-19
01815c19-2a10-7c61-add0-97bba8857017,operator,TS LINES LTD,TAIWAN,2022-07-08
014e46ea-e8c8-7bc7-9c32-2ffb4e4ee709,operator,COSCO SHIPPING DEVELOPMENT,CHINA,2014-09-02
014e4b7a-b9b8-7af6-a39b-778b9ccb10ee,operator,NANJING SHENGHANG SHIPPING CO LTD,CHINA,2023-09-11
014e4d27-f870-7eda-bf3a-72f98cc77820,operator,STENA BULK,SWEDEN,2011-09-07
017b3a33-26e0-732c-a43e-fe5a065edcc1,operator,TODA KISEN K K,JAPAN,2021-09-16
014e4723-7940-73d1-a05e-109feb6ee171,operator,FORMOSA PLASTICS MARINE CORP,TAIWAN,2011-12-27
014e4902-a538-7d06-af27-52878dd67e33,operator,ZIM INTEGRATED SHIPPING SERVS,ISRAEL,2020-10-29
016e5d86-6498-761d-b80a-4759ca6f9652,operator,GOODWILL MARITIME PTE LTD,SINGAPORE,2020-02-18
017940fe-6b30-7923-88d4-d57e17ef24fb,operator,MAERSK AS,DENMARK,2021-06-15
014e4773-00a0-72a0-a0f1-c83fc40f33ff,operator,MERATUS LINE,INDONESIA,2023-10-05
014e4abb-d688-7997-a1a4-54d9d2f73c90,operator,PACIFIC INTERNATIONAL LINES,SINGAPORE,2013-05-07
014e4799-5908-7825-82ff-e8a8521bd797,operator,HAINAN RAILWAY CO LTD,CHINA,2019-01-01
014e46ef-22d0-721b-b7b2-10ef619b99b5,operator,ORIENT OVERSEAS CONTAINER LINE,HONG KONG,2024-05-24
014f87b5-0a68-7c8d-ba35-c92793d4409a,operator,MARMARAS NAVIGATION LTD,GREECE,
014e4712-9120-79b6-953e-1c180b980878,operator,MITSUI OSK LINES LTD,JAPAN,2011-09-16
014e4704-1230-7973-a46d-126e4d2011b7,operator,UMING MARINE TRANSPORT CORP,TAIWAN,2015-05-01
01887f9d-5b58-792e-8073-b25a1cbec059,operator,TEH SHIPPING LINES CO LTD,TAIWAN,2023-07-25
01857755-fc50-7437-aed5-bc9273f40fcc,operator,NYK LINE,JAPAN,2010-06-01
014e47f8-af48-7ea9-9cca-9eda68a483af,operator,VIMC SHIPPING CO,VIETNAM,2018-06-15
014e46f3-1688-70c6-bc98-8ae0628cf90b,operator,UNITED SHIPPING CO LTD,VIETNAM,2025-09-10
01904e28-5b10-721d-88cc-130edaf07c72,operator,CARRAS HELLAS SA,GREECE,2024-08-08
019cbd0d-e390-7251-af63-563af3a423d3,operator,OSM SHIP MANAGEMENT PTE LTD,SINGAPORE,
014e4700-87f0-7457-9fce-f0fe8d622d6e,operator,DEYUAN SHIPPING CO LTDHKG,HONG KONG,2019-06-21
014e4b1e-5d30-78eb-925f-cd872881cfea,operator,MSC MEDITERRANEAN SHIPPING CO,SWITZERLAND,2010-05-23
014e536b-5178-7aac-8aee-ebf06e7b8d31,operator,DAIICHI CHUO NAIKKO KAISHA,JAPAN,2010-12-22
0193999a-8930-711f-9544-62b14e9e2d4e,operator,SHANGHAI TIME SHIPPING CO LTD,CHINA,2012-12-20
0179dab5-0518-7cf0-8a27-62513ed9cafb,operator,ASSOCIATED MARITIME CO HK LTD,HONG KONG,2021-07-20
014e495b-e8c8-7823-92d5-2bcfdac9bb54,operator,MSC MEDITERRANEAN SHIPPING CO,SWITZERLAND,2022-11-05
01523363-e5f8-7f75-8dad-cd898bbb9d86,operator,PAN OCEAN SHIPPING CO,REPUBLIC OF KOREA,2025-06-19
0186c9d9-6100-76a1-a234-2275a64c39ef,operator,TIANJIN SOUTHWEST MARITIME LTD,CHINA,2023-06-04
014e46ff-2860-736b-8460-e19dca403a7b,operator,FIRST STEAMSHIP SA,TAIWAN,2015-03-10
0180873c-e2a0-7687-b4ac-2890b9e17e27,operator,DALIAN SENYI SHIPPING LTD,CHINA,2021-12-01
018ea3ae-1270-785b-8c86-0120ad2f3dbc,operator,XIAMEN ULINK SHIPPING CO LTD,CHINA,
014e46f8-8910-730b-9cbc-1d6b7f46c4d9,operator,FESCO,RUSSIA,2021-12-08
01898a7b-8490-7f39-8999-47bed3552332,operator,SINOKOR MERCHANT MARINE CO LTD,REPUBLIC OF KOREA,2023-08-25
0182f78b-0760-7de3-a987-95870a5d2a2e,operator,RUICO GUANGDONG SHIPPING & LOGISTICS CO LTD,CHINA,2022-11-24
018f2755-d680-7335-b970-563f7dd31e81,operator,TODA KISEN K K,JAPAN,2024-06-12
014e47da-d6a8-7e84-b795-9656b58dcac9,operator,SEASPAN SHIP MANAGEMENT LTD,CANADA,2015-06-29
014e4745-8fd0-7f0e-a1cf-2b47267f8458,operator,KOREA MARINE TRANSPORT CO LTD KMTC,REPUBLIC OF KOREA,2020-04-29
0193aee3-fbc8-70c8-ae0c-83dc0cb641bd,operator,PETRONAS,MALAYSIA,2025-03-31
0173223e-ecc0-7a1b-9915-8e12a99ddf8d,operator,KOTOKU KAIUN CO LTD,JAPAN,2020-12-07
01616472-7088-77ae-bd73-19848319f969,operator,EVERGREEN MARINE CORP,TAIWAN,2018-03-02
01656a40-42e8-712a-9ab9-c2e70e147614,operator,MAERSK AS,DENMARK,2018-10-04
01921655-54c0-7b5d-8089-8782478bbbdd,operator,EVERGREEN MARINE CORP,TAIWAN,2024-10-11
018087c4-a488-7827-b18f-5c83a2e81383,operator,ZHEJIANG ZHONGTUP SHIPPING,CHINA,2017-12-01
014e46ed-80d8-771a-a0e3-a1415a88a9b7,operator,SHANGHAI JUNZHENG SHIPPING,CHINA,2015-08-27
0186acb1-86e8-71ce-ae9c-dbc3cf763a30,operator,COSCO SHIPPING BULK LTD,CHINA,
014e46fb-09b0-7436-a582-df0559deb279,operator,HAINAN STRAIT SHIPPING CO LTD,CHINA,2014-02-18
014e4712-1038-7cf1-9dfa-9c4f8b59cf3f,operator,COSCO SHIPPING BULK LTD,CHINA,2019-05-02
014e46ef-ab88-7ce8-98bc-9350c9624d1c,operator,EMIRATES SHIPPING LINES FZE,UNITED ARAB EMIRATES,2025-08-22
016aaf7e-f818-742a-9a62-508a4cad934b,operator,EVERGREEN MARINE CORP,TAIWAN,2019-06-21
014e46f4-7de8-7bda-9f8d-034c43faee43,operator,SITC SHIPS MANAGEMENT CO LTD,CHINA,2021-04-02
014e47a4-49d0-7927-ba3f-5b99c44cc5c9,operator,CIDO SHIPPING AND TRADING CO,HONG KONG,2010-07-02
018d49d1-f100-7b1f-acf2-2e2134edc758,operator,FIRST MARINE SERVICE CO,JAPAN,2024-02-29
01550ef6-1ff8-7b22-9dd7-54c8a5ed706a,operator,CMA CGM SA THE FRENCH LINE,FRANCE,2025-07-01
01645def-57a0-78c1-a314-87b5debee2c5,operator,AMA MARINE PCL,THAILAND,2023-12-13
014e4798-95b8-780d-b18f-48a403871e33,operator,COSCO SHIPPING LINES CO LTD,CHINA,2012-06-17
016b59b8-8f60-7297-9dd4-ac5b48118066,operator,CLDN COBELFRET PTE LTD,SINGAPORE,2019-06-28
014e46f6-fe88-74ee-9a3d-140ab8e6ac1a,operator,RAFFLES SHIPPING INTL PTE LTD,SINGAPORE,2023-12-15
014eae60-8148-7960-8270-75c8c59d4d29,operator,CMA CGM ASIA SHIPPING PTE LTD,SINGAPORE,2021-07-16
016edc3a-94a8-7d30-9b21-af48816d76db,operator,NISSEN KAIUN CO LTD NISSEN KAIUN KK,JAPAN,2020-01-10
018088d6-e778-732e-b3d8-06bd99743a25,operator,GUANGZHOU SALVAGE CO,CHINA,
014e47a7-7268-7801-b33f-3d875e11b589,operator,AMA MARINE PCL,THAILAND,2017-02-27
014e47ca-7740-7def-83e4-b0a285d1b475,operator,WAN HAI LINES LTD,TAIWAN,2013-04-10
014e46f4-fed0-75ab-b2c0-ce20dcea251a,operator,NYK LINE,JAPAN,2023-08-02
014e46ec-82f0-7e8f-92f8-782c5a51dcb7,operator,COSCO SHIPPING LINES CO LTD,CHINA,2022-11-01
0194ced0-1150-7c6b-aa24-dd055d55466a,operator,QUANZHOU ANSHENG SHIPPING CO LTD,CHINA,2013-01-01
014e4cf2-3e88-756f-8a76-46af46a4aa49,operator,NHAT VIET TRANSPORTATION CORP,VIETNAM,2021-06-01
014e47b5-5130-78f5-a5ee-a25f8bd1bd9c,operator,NYK LINE,JAPAN,2000-03-01
01872719-f000-74de-99e8-d8c033f626e8,operator,SINOKOR MERCHANT MARINE CO LTD,REPUBLIC OF KOREA,2023-05-04
014e4c20-f850-7c3d-9056-d2545db85dc8,operator,SOARING DRAGON ENTERPRISE,CHINA,2024-04-26
0180c0f5-d8f8-7161-b609-9bac1e96c648,operator,CHIMBUSCO,CHINA,2022-06-22
014e46f9-e8a0-766a-a3e1-a7dce528bf54,operator,SITC SHIPS MANAGEMENT CO LTD,CHINA,2012-10-22
014e4819-8970-7492-b4de-d8cff62130aa,operator,COSCO SHIPPING ENERGY TRANS,CHINA,2019-11-21
014e46fc-80b0-7c9a-88b7-0163a57240ab,operator,SOKI KISEN KK,JAPAN,2007-09-01
014e46fa-b3c0-7d8f-b59a-18171600fb21,operator,MAERSK AS,DENMARK,2015-02-01
014e46f1-5d20-73cb-8454-a5ab9d425a6d,operator,SOARING DRAGON ENTERPRISE,CHINA,2024-04-26
015667fa-ec68-77ac-af8c-b1f661e93d79,operator,COSCO SHIPPING ENERGY TRANS,CHINA,2019-06-26
014e471d-62a8-76d1-9719-07cc53c762e1,operator,PAN OCEAN SHIPPING CO,REPUBLIC OF KOREA,2019-12-01
01742e02-da48-7b8f-836c-993dac77e74c,operator,WAN HAI LINES LTD,TAIWAN,2020-10-15
0197f6b1-b1d0-791d-8673-a0078b3e75a9,operator,SHENZHEN OCEAN SHIPPING CO LTD,CHINA,
014e4734-7cb8-73a1-82a4-d2384489f330,operator,HAINAN RAILWAY CO LTD,CHINA,2018-02-01
01808739-2980-752d-9290-a238ac86e5e1,operator,MOLLER SINGAPORE AP PTE LTD,SINGAPORE,2024-03-12
014e4854-f460-7d77-bff6-22a96e6294cc,operator,ANDALAS BAHTERA BARUNA,INDONESIA,2022-11-25
014e4752-12f0-7fa1-9b07-ac648430a556,operator,YURI SHIPPING SA,PANAMA,2014-01-01
014e46ff-7298-7300-a203-24bc20d1e580,operator,TRUONG LONG VN JSC,VIETNAM,2025-05-06
014e4852-f4a8-76d6-9447-6d0318c7b6c3,operator,TRUONG LONG VN JSC,VIETNAM,2024-08-01
014e46ef-9be8-702f-a4c3-0bad3173f282,operator,NYK LINE,JAPAN,1998-03-25
014e53c1-d200-76b1-9ade-82b9d7b50dba,operator,SHENZHEN HUAWEI OFFSHORE SHIPPING TRANSPORT C,CHINA,
019376c2-8d90-7cca-82c9-c2465c76c89e,operator,XINGTONG SHIPPING CO LTD,CHINA,2024-12-13
014e4875-3e00-75b0-97ac-878f31749bbd,operator,MSC MEDITERRANEAN SHIPPING CO,SWITZERLAND,2020-05-01
014e46ea-6010-766a-a572-e98c0fee4f48,operator,YANG MING MARINE TRANSPORT CORP,TAIWAN,2005-07-15
014e47c4-c250-743c-adc8-5a0226ab34b1,operator,PACIFIC INTERNATIONAL LINES,SINGAPORE,2021-09-16
01899bd4-5050-7ac6-9df9-0dc00042c17d,operator,HOA PHAT DUNG QUAT STEEL JSC,VIETNAM,2023-09-12
01808792-e628-7de6-8261-9657063741f8,operator,SEAGULL CORP,VIETNAM,2017-04-07
014e4711-fcb0-7f69-9b9e-718367bff3e8,operator,COSCO SHIPPING LINES CO LTD,CHINA,2012-06-18
014e47f5-3890-78bd-910e-657e57774769,operator,RCL SHIPMANAGEMENT PTE LTD,SINGAPORE,2005-10-25
01894482-18a0-74ae-aaae-8f874ec5d78d,operator,TS LINES LTD,TAIWAN,2023-08-15
01808738-4308-7a6f-8d53-31647f5e052e,operator,SITC CONTAINER LINES CO LTD,CHINA,2012-01-05
0196dc64-1a30-700a-9141-91c5f3a1ab05,operator,TODA KISEN K K,JAPAN,
014e4749-b268-7170-8e07-7948694d84ea,operator,VIET THUAN TRANSPORT CO LTD,VIETNAM,2025-11-20
014e46f4-2fc8-7cae-8cde-531640b7b0fc,operator,CIDO SHIPPING AND TRADING CO,HONG KONG,2006-06-02
014e47a2-c330-736a-90a7-43da5eb1e46c,operator,AMA MARINE PCL,THAILAND,2018-03-07
014e46eb-65c8-76eb-8cfd-05a56a368a1a,operator,VELOS DRY LTD,GREECE,2024-06-06
014e9f18-4220-7a43-bf5c-d4f4c5765122,operator,BW LPG PTE LTD,SINGAPORE,2023-11-21
01808739-fc70-79df-86c2-dec738284360,operator,COSCO SHIPPING DEVELOPMENT,CHINA,2005-08-22
017ac282-05f8-7ff6-972c-4a7b1f2bdd5e,operator,USUI KAIUN KK,JAPAN,2021-09-22
016106e1-5858-71d2-a2c8-2eaabed21a40,operator,FAIRMONT SHIPPING HK LTD,HONG KONG,2022-07-25
0176211a-1088-7902-9510-6c36d82e71d2,operator,COSTAMARE SHIPPING CO SA,GREECE,2021-02-04
014e46ea-f868-7390-9f9f-bf53d43b5475,operator,NINGBO HEZHONG SHIPPING CO LTD,CHINA,2016-12-23
014e4704-6438-7b91-aafe-0e4ea47c6659,operator,OSM SHIP MANAGEMENT PTE LTD,SINGAPORE,2024-12-07
014e46f7-2598-7034-ae0e-5120be3e8b00,operator,HAI DANG MARINE CO LTD,VIETNAM,2022-01-14
019bea1d-d3f0-7844-893b-65a471e7e57d,operator,SHANGHAI DINGHENG SHPG TECH,CHINA,
01856ab1-a080-7922-8044-3fab395d6c76,operator,KITAURA KAIUN KK,JAPAN,2022-12-08
01756803-e0b0-700e-8e91-05db45d98535,operator,ZHEJIANG DONGRUN SHIPPING,CHINA,2020-11-18
017ac1dd-26f0-73f7-bc30-83d4ace74cfc,operator,MAERSK AS,DENMARK,2021-09-06
01836f7c-7538-78bb-a4f8-b734d170b26f,operator,HPS SHIP MANAGEMENT CO LTD,VIETNAM,2024-07-10
014e46f4-1c40-7926-a4be-70fbe18b0f5e,operator,TANGSHAN DONGFANG SHIPPING,CHINA,2020-11-24
014e4717-09a8-7c07-8092-53a252ad895c,operator,BRUNEI GAS CARRIERS SDN BHD,BRUNEI,2014-11-13
016b452a-cf90-7ef2-997e-268e3baca64e,operator,MSC MEDITERRANEAN SHIPPING CO,SWITZERLAND,2019-07-04
01827b44-1660-73f4-8719-bb8f49c451aa,operator,FLEET SHIP MANAGEMENT PTE LTD,SINGAPORE,2022-09-21
014e46ec-a230-7b66-885c-39c409662568,operator,ANGLOEASTERN SHIP MGMT HELLAS,GREECE,2024-01-18
0164fbcd-2150-7757-b45d-1211d2bd646e,operator,LUCKY IMPACT LTD,HONG KONG,2025-01-07
016eb0dd-b088-7ffe-ba82-be24b5148f1a,operator,EMIRATES SHIPPING LINES FZE,UNITED ARAB EMIRATES,2025-08-22
014e7411-a008-7aa0-b882-0bd8ad9a7f83,operator,DALIAN SENYI SHIPPING LTD,CHINA,2022-09-16
018097dd-6e68-79d7-b0b2-d32d62677030,operator,QUYET TAM SHIPPING CO LTD,VIETNAM,2019-05-01
014e47d6-eea8-7401-98b6-8653b320fabb,operator,SEA LEAD SHIPPING PTE LTD,SINGAPORE,2021-04-21
019a4d0b-75a0-7712-9eab-c46e53d8d2af,operator,SHANGHAI SEACON OCEAN SHIPS MANAGEMENT CO LTD,CHINA,
0191dd12-3a48-786a-bec6-245b3caa44f5,operator,HUBEI CHUDAO WATERWAY TRANS,CHINA,2019-11-05
015185db-1be0-798e-993b-3442a0621638,operator,XINGTONG SHIPPING CO LTD,CHINA,2015-12-17
018a32d1-d130-72fd-8c66-726dc1cfc8af,operator,PAN OCEAN SHIPPING CO,REPUBLIC OF KOREA,2023-08-31
014e4daa-0180-7557-9b7b-2c8cadf802ed,operator,BERNHARD SCHULTE SINGAPORE,SINGAPORE,2022-04-25
014e46ea-3900-7723-b86b-a96d73381221,operator,YONGSHUN SHIPPING MANAGEMENT,CHINA,2025-05-16
01808ba3-6d28-7a44-b8e6-a0413b1f5759,operator,HOANG GIA SHIPPING SERVICES,VIETNAM,2022-08-03
014e46ed-d6c8-7a0f-8744-a9cfaa9b1b5f,operator,HONG KONG HE HE INTERNATIONAL,CHINA,2016-05-18
014e5f19-6668-77da-93ac-8a09c8540d5f,operator,TTP IET JSC,VIETNAM,2022-06-15
0160affd-f7a8-750e-ba22-320878ee96af,operator,SERENITY SHIP MANAGEMENT FZCO,UNITED ARAB EMIRATES,2022-07-25
0197f832-fe88-772e-bdf1-e9b37b435bb8,operator,RUN XIANG SHIPPING CO LTD,CHINA,2024-09-16
01808739-6fd0-7369-8b82-d7b30fa65af9,operator,HMM CO LTD,REPUBLIC OF KOREA,2020-06-26
016e4509-d2b0-7f9b-a3ca-48458bd90411,operator,LOC NGUYEN SEA TRANSPORT,VIETNAM,2022-06-16
014e46ed-7cf0-7a4e-a9ab-4d4ea119410a,operator,ALASSIA NEWSHIPS MANAGEMENT INC,GREECE,2021-08-10
014e46f2-c868-784f-9a4a-0531277370af,operator,ZHOUSHAN JIANYANG INTL SHPG,CHINA,2022-06-20
015e84fe-b2b0-7c22-8131-16a86c4adea4,commercial_manager,QUANZHOU ANSHENG SHIPPING CO LTD,CHINA,2017-08-17
014e554b-d148-7763-b305-81353409f84e,commercial_manager,CHINA OILFIELD SERVICES LTD COSL,CHINA,2011-12-16
014e46f6-0c58-733c-8b95-f7dbc1cb1b82,commercial_manager,ORIENT OVERSEAS CONTAINER LINE,HONG KONG,1998-01-01
014e57f5-4668-70f7-b53f-0862b7111170,commercial_manager,MSC MEDITERRANEAN SHIPPING CO,SWITZERLAND,2023-10-23
014e46eb-5628-745d-a171-882c035e56cb,commercial_manager,HACT LTD,VIETNAM,2020-07-27
018808dc-66d0-748d-9014-2fb195da4ec7,commercial_manager,TEH SHIPPING LINES CO LTD,TAIWAN,2023-07-17
0186086d-d870-7149-ae09-ebc38b6c5e61,commercial_manager,ZODIAC MARITIME LTD,UNITED KINGDOM,2011-06-03
014e47b3-0f10-7396-ad8c-f9895b1dc774,commercial_manager,BERGE BULK MARITIME PTE LTD,SINGAPORE,2019-10-01
017f96ad-05e0-7acf-9f46-6e743e4e5b47,commercial_manager,DYNAGAS LTD,GREECE,2022-07-29
018fe606-9470-733a-af09-07a49bdffead,commercial_manager,SITC CONTAINER LINES CO LTD,CHINA,2024-07-02
0192e06a-ca60-766d-a222-d76e2ee4de83,commercial_manager,SOUTH CHINA TOWING CO LTD,HONG KONG,2018-10-25
0171c4c2-ec28-7ba1-8fb7-4a481a85bc35,commercial_manager,YANG MING MARINE TRANSPORT CORP,TAIWAN,2020-06-03
014e46eb-b000-7c8c-9234-86e252ee7ec0,commercial_manager,CMA CGM SA THE FRENCH LINE,FRANCE,2015-06-12
01668b3c-f198-78d3-88b3-0ddc3e5c2323,commercial_manager,EVERGREEN MARINE ASIA PTE LTD,SINGAPORE,2026-01-15
0173c22d-9128-71ed-a5c3-b36891211d96,commercial_manager,SEVEN SEAS OIL TRADING PTE LTD,SINGAPORE,2020-12-17
014e4789-18e0-79a8-8cab-9c56ecc3c798,commercial_manager,FUJIAN GUOHANG OCEAN SHIPPING GROUP CO LTD,CHINA,2012-01-01
017d0885-2bc8-7c02-8c75-0cd884fe83f6,commercial_manager,SHENZHEN HAIFA SHIPPING CO LTD,CHINA,2021-11-26
014e4765-0a68-7871-97ce-96c7a993f26c,commercial_manager,MSC SHIPMANAGEMENT LTD,CYPRUS,2023-07-10
014e4703-a0e8-750c-9e9e-572ba464c4c4,commercial_manager,SITC SHIPPING MANAGEMENT,CHINA,2019-04-28
0195ea7e-3ac0-70b7-8a42-d5b2cacf4683,commercial_manager,EVERGREEN MARINE ASIA PTE LTD,SINGAPORE,2025-05-13
018fa93d-aab0-76e7-b0b5-b589ca0e1a30,commercial_manager,VIET THUAN TRANSPORT CO LTD,VIETNAM,2024-06-27
0180873e-3a60-7dee-91ae-c09106db93c2,commercial_manager,VIETNAM NATIONAL PETROLEUM CORP PETROL,VIETNAM,2016-08-11
014e46eb-17a8-72e8-bf44-12876e7b748e,commercial_manager,MSC MEDITERRANEAN SHIPPING CO,SWITZERLAND,2019-01-23
014e47af-f230-76b0-96fe-f184819b7ba4,commercial_manager,PRECIOUS SHIPPING PCL,THAILAND,2014-09-03
014e4704-3940-7bf1-be90-0cc2cc4fa0e9,commercial_manager,KAWASAKI KISEN KAISHA LTD,JAPAN,2014-01-24
014e46ee-1160-7277-9436-2417d294aa70,commercial_manager,MSC MEDITERRANEAN SHIPPING CO,SWITZERLAND,2009-05-01
014e46ea-c1b8-7111-9ffb-6349e70ccbd6,commercial_manager,PANASIA SHIPPING CO LTD,CHINA,2022-03-01
01591a98-1e70-766a-b801-c6bba6ceae44,commercial_manager,COSMOSHIP MANAGEMENT SA,GREECE,2017-02-10
01742f6b-5770-703c-9e9a-07bb05ee511b,commercial_manager,SHANGHAI ZHONGGU LOGISTICS CO,CHINA,2018-04-18
014e5233-46a8-7e9c-9ed9-ef1f33cd0b7d,commercial_manager,YANG MING MARINE TRANSPORT CORP,TAIWAN,2005-03-28
014e4822-3fe8-7cb9-b9e2-7b03ef2e8e60,commercial_manager,COSCO SHIPPING LINES CO LTD,CHINA,2017-01-01
014e46ff-9d90-789c-a0e3-61329c05950b,commercial_manager,RCL SHIPMANAGEMENT PTE LTD,SINGAPORE,1997-01-01
014e46f8-2f38-7225-8e82-f1ad0c03080a,commercial_manager,MSC SHIPMANAGEMENT LTD,CYPRUS,2021-11-24
018088df-c500-7062-81d6-fb3a7097129f,commercial_manager,VITACO SAIGON CO LTD,VIETNAM,2022-03-29
014e4746-2c10-728d-9bd1-b2fb8fa20e13,commercial_manager,MSC SHIPMANAGEMENT LTD,CYPRUS,2023-05-22
01571494-97a8-7164-9885-870c063d674e,commercial_manager,HUIZHOU HUAYI RONGSHENG SHIPPING CO LTD,CHINA,2018-12-09
01909542-4678-74b0-81d4-5c5caa09c6b1,commercial_manager,AGLAIA SEA TRANSPORT INC,PHILIPPINES,2024-08-08
018ff08f-6340-7306-9c8c-984c8f53dd2c,commercial_manager,EUROBULK LTD,GREECE,2024-06-28
018d25e7-21e8-7de1-9a68-1248f984a255,commercial_manager,GRACE OCEAN PTE LTD,SINGAPORE,2024-03-19
014e4acc-5d00-7c44-b22d-c72b6ac772eb,commercial_manager,CHINA UNITED LINES LTD,CHINA,2024-11-25
01741ea7-51a0-7a70-8b02-6edc39daccb3,commercial_manager,CHIMBUSCO PAN NATION SHIPPING,CHINA,2024-04-26
01929a3c-0a18-794b-bc4b-6a25c4102b07,commercial_manager,FLEET MANAGEMENT LTD HKG,HONG KONG,2024-11-25
014e4703-9d00-74c9-a001-e605caa5cca5,commercial_manager,KOREA MARINE TRANSPORT CO LTD KMTC,REPUBLIC OF KOREA,1997-01-01
014e46f7-8740-784d-a988-f6f202394ad4,commercial_manager,EAST 33 MARITIME LTD,GREECE,2020-10-26
01869d7a-33c8-7b98-84a5-d8d8ea2fb139,commercial_manager,NANJING SHENGHANG SHIPPING CO,CHINA,2023-10-20
018089c4-e928-769b-ad5e-6cc36cf18456,commercial_manager,ALLSEA DMCC JSC,VIETNAM,2019-11-18
0162e0b1-7120-76a2-ab71-24d15ab691c3,commercial_manager,NYK LINE,JAPAN,2018-06-06
01826914-7a70-7515-a188-27e0b0dd1a24,commercial_manager,JIANGSU LINZHOUYANG SHIPPING,CHINA,2022-08-16
014e54bc-3790-7f00-984a-af4d2e801f00,commercial_manager,SIAM LUCKY MARINE CO LTD,THAILAND,2009-02-25
0172bd3f-8460-7e1e-b34a-8af19ba33786,commercial_manager,NISSEN KAIUN CO LTD NISSEN KAIUN KK,JAPAN,2020-06-16
0187c5be-74b0-7011-8aa8-6b709b3ffec2,commercial_manager,SITC CONTAINER LINES CO LTD,CHINA,2023-05-30
015c4781-6b78-78d4-920f-e14be60c7360,commercial_manager,DORVAL SC TANKERS INC,JAPAN,2017-06-16
01716c4b-62a0-7793-a518-84a97d3ff383,commercial_manager,RUICO GUANGDONG SHIPPING & LOGISTICS CO LTD,CHINA,2021-01-27
014e46eb-7950-74ef-8987-f9fb0e41d563,commercial_manager,MAERSK AS,DENMARK,2015-05-06
0155f7ff-0bd8-7fcd-b4e4-5116b015ef2f,commercial_manager,AVANGAAD BHD,MALAYSIA,2016-04-20
015dab79-2e80-7f02-901b-e754787339b8,commercial_manager,EVERGREEN MARINE CORP,TAIWAN,2017-09-03
016db3ab-4100-73e5-aa4b-7bba72b224a3,commercial_manager,GOODWILL MARITIME PTE LTD,SINGAPORE,2019-10-30
0194f390-7048-72db-b83a-e07547c3baad,commercial_manager,EVERGREEN MARINE ASIA PTE LTD,SINGAPORE,2025-03-06
019b1cd9-03d8-7ba5-81f3-24820cb4af2e,commercial_manager,CHINA HARBOUR ENGINEERING CO,CHINA,2026-01-12
014e474b-19c8-7dcb-bd44-d296455903ea,commercial_manager,HONG KONG HAICHANG HOLDINGS,CHINA,2024-06-04
017313d7-97b8-7435-8351-abf2f2744171,commercial_manager,GOODWILL MARITIME PTE LTD,SINGAPORE,2020-07-28
014e46ea-6010-72c7-9456-6f79640304f6,commercial_manager,MSC SHIPMANAGEMENT LTD,CYPRUS,2021-07-28
014e4749-3950-7741-b408-107a034aa030,commercial_manager,KAWASAKI KISEN KAISHA LTD,JAPAN,2016-01-10
014e46ea-a660-71ed-8025-569c8c8002fc,commercial_manager,CHINA HARBOUR ENGINEERING CO,CHINA,2023-08-29
014e46ed-4a28-719e-bf1d-e1b5f0dfa3d2,commercial_manager,ALPHA BULKERS SHIPMANAGEMENT INC,GREECE,2017-01-19
01851aaf-6b30-78ce-81e3-3dd7e6f390ac,commercial_manager,SHOEI KISEN KK,JAPAN,2023-01-16
0197cf08-0dc8-7c25-bee6-e975b7393b1c,commercial_manager,CHINA HARBOUR ENGINEERING CO,CHINA,2025-07-15
014e46f5-c9f0-7c94-aa1d-2634fa057c1f,commercial_manager,ANDALAS BAHTERA BARUNA,INDONESIA,2021-04-05
014e4bc8-7040-7968-aece-df1c38d8957a,commercial_manager,CHINA SHIPPING CHEMICAL CARRIER CO LTD,CHINA,2013-05-06
0180873c-1b68-70b8-be29-d1cdcd1f2e44,commercial_manager,COSCO SHIPPING LINES CO LTD,CHINA,2022-10-01
01742ffc-8380-7976-b69f-ea98387beee8,commercial_manager,KOREA MARINE TRANSPORT CO LTD KMTC,REPUBLIC OF KOREA,2019-03-25
0190159e-72c0-772b-b022-366cc6a69e03,commercial_manager,WAN HAI LINES LTD,TAIWAN,2024-07-09
018dd685-d2d8-7cbe-8a1f-eaa0d12fd6d1,commercial_manager,HACT LTD,VIETNAM,2024-04-24
0157f64b-3f08-790e-be6e-e9a8cbb94c3e,commercial_manager,ZHONGSHAN HONG KONG PASSENGER,CHINA,2018-03-01
0168930a-7678-79d2-b2ab-4dd8389fa023,commercial_manager,CHARTERWELL MARITIME SA,GREECE,2019-03-27
017f76b0-6ca0-7ba7-a071-3a034c36f1b5,commercial_manager,HUIZHOU HUAYI RONGSHENG SHIPPING CO LTD,CHINA,2022-03-29
018ad9c4-a5d0-7cb4-a700-fd08843aa925,commercial_manager,CMA CGM SA THE FRENCH LINE,FRANCE,2024-02-19
01521b61-71c8-7019-88f3-f1bc754af977,commercial_manager,CLASSIC MARITIME INC,MONACO,2015-09-10
01681c64-a340-7466-9789-47def0867a91,commercial_manager,TUNG LINH SHIPPING CO LTD,VIETNAM,2023-06-23
0180f4e7-9b88-7ab8-ab23-0f4aa7295c14,commercial_manager,SITC CONTAINER LINES CO LTD,CHINA,2022-06-20
018f382c-1c30-7933-817c-137aabcdc4b0,commercial_manager,DONG YOUNG SHIPPING CO LTD,REPUBLIC OF KOREA,2024-05-28
014e4d75-5520-7e86-8957-21210dc9da64,commercial_manager,DANAOS SHIPPING CO,GREECE,2008-01-25
014e4723-d318-78aa-93ae-af64a121e297,commercial_manager,CMA CGM SA THE FRENCH LINE,FRANCE,2010-08-20
014e46f0-a1a0-7256-a9cc-9cd3b719985a,commercial_manager,COSCO SHIPPING LINES CO LTD,CHINA,2013-09-04
014e48e1-1b48-78af-890e-a12b4fc0629a,commercial_manager,YANG MING MARINE TRANSPORT CORP,TAIWAN,2007-11-01
014e46eb-5df8-7292-8612-52d2638fd04c,commercial_manager,WILHELMSEN AHRENKIEL SHIP,GERMANY,2025-08-14
014e46eb-bbb8-7993-b31b-4fb500457a16,commercial_manager,ORIENT OVERSEAS CONTAINER LINE,HONG KONG,2004-01-01
014e473e-8ed8-7a2c-a0d5-82905b1ba436,commercial_manager,ASSOCIATED MARITIME CO HK LTD,HONG KONG,2014-11-15
0165aef3-cd10-7903-bcaf-d9395868edf8,commercial_manager,ZHONGSHAN HONG KONG PASSENGER,CHINA,2018-10-05
017bbeba-5e10-7597-bb5b-7266002e615e,commercial_manager,MSC MEDITERRANEAN SHIPPING CO,SWITZERLAND,2021-10-07
01924a9c-d488-7b40-a7d7-1d7764223d1c,commercial_manager,NAMSUNG SHIPPING CO LTD,REPUBLIC OF KOREA,2024-10-23
014e4766-3b18-7875-b6d8-f7f3863de71e,commercial_manager,NYK LINE,JAPAN,2015-07-24
015cf6ce-b180-721d-8e5d-9cbf672d545c,commercial_manager,TS LINES LTD,TAIWAN,2017-08-07
0180b67e-6f48-72ad-a2d5-da5870e9e0cf,commercial_manager,SEASPAN SHIP MANAGEMENT LTD,CANADA,2022-06-21
014e4c1d-1c08-7738-aba6-1b82a7d573aa,commercial_manager,ORIENT OVERSEAS CONTAINER LINE,HONG KONG,2015-01-07
014e46f9-f070-79cf-a08a-9a8c3eea17c5,commercial_manager,HONG KONG MING WAH SHIPPING CO LTD,HONG KONG,2012-06-01
01978823-9dc8-7d5d-a1e5-e8f5d6e69397,commercial_manager,CHINA HARBOUR ENGINEERING CO,CHINA,2025-05-28
014e46f2-a928-70ec-9c30-f36197e0efb7,commercial_manager,WAN HAI LINES SINGAPORE PTE,SINGAPORE,2023-07-28
0183a85e-8bc0-7247-b018-f85148f716a0,commercial_manager,TOEI HOLDINGS LTD,JAPAN,2022-10-26
018c3813-8e98-73d4-81d7-723f6a75f8fd,commercial_manager,HLINE SHIPPING CO LTD,REPUBLIC OF KOREA,2021-06-21
018325b7-72b8-7500-864c-16bbab7cf7fe,commercial_manager,CHINA SHIPPING CHEMICAL CARRIER CO LTD,CHINA,2022-10-18
014e53df-73f0-75ab-beaf-c39906a01e15,commercial_manager,ALLSEA DMCC JSC,VIETNAM,2022-02-03
014e4aac-d2c8-7c4b-8e2f-f7a95db4bf48,commercial_manager,FORESIGHT GROUP SERVICES LTD FZCO,UNITED ARAB EMIRATES,2025-02-19
014e58b4-77b8-7cf9-ac3d-06ccc8b463a0,commercial_manager,CMA CGM SA THE FRENCH LINE,FRANCE,2009-03-19
014e46f1-8c00-70fc-aae1-0b4d2609e684,commercial_manager,FRANBO SAGACITY SA,PANAMA,2021-11-30
014e48d5-8a58-7efd-b1dd-efc63cd0bcaf,commercial_manager,MOL PRODUCT TANKERS LTD,JAPAN,2016-10-01
014e5668-7478-7c87-b394-888d6b716f25,commercial_manager,YIU LIAN DOCKYARDS LTD,CHINA,2012-09-17
0174aed2-be68-7561-ba05-65475d20b9c1,commercial_manager,YANG MING MARINE TRANSPORT CORP,TAIWAN,2020-10-28
014fa192-1e80-7ce2-a81b-e82042ab1d0e,commercial_manager,HUIZHOU HUAYI RONGSHENG SHIPPING CO LTD,CHINA,2018-08-29
014e46ec-f820-7ef1-8ef4-06b5829960dd,commercial_manager,KOREA MARINE TRANSPORT CO LTD KMTC,REPUBLIC OF KOREA,2001-01-01
014e46ec-d8e0-7703-b992-ada4eaa3980d,commercial_manager,COSTAMARE SHIPPING CO SA,GREECE,2006-06-08
019aae34-0c70-7ed4-bede-0a84f2fafa3f,commercial_manager,VINACOMIN WATERWAY TRANS JSC,VIETNAM,2021-12-31
014e46ea-e4e0-7df8-a473-524471254f95,commercial_manager,MSC SHIPMANAGEMENT LTD,CYPRUS,2023-12-28
014e4702-9360-749a-86f3-a6f94e303949,commercial_manager,SWISSMARINE SERVICES,SWITZERLAND,2022-04-19
018804ce-9338-70a5-9743-2145387e80b5,commercial_manager,IOLCOS HELLENIC MARITIME ENTERPRISES CO LTD,GREECE,2023-06-08
014e5dd9-4548-72e4-ad11-419135092418,commercial_manager,NHAT VIET MARINE SERVICE JSC,VIETNAM,2024-04-08
0191dee3-ed08-74bc-a89e-8e6ca4261823,commercial_manager,SITC CONTAINER LINES CO LTD,CHINA,2024-09-27
014e4879-2dd0-7787-8333-072d18618487,commercial_manager,PACIFIC INTERNATIONAL LINES,SINGAPORE,2003-07-11
014e46f1-41c8-7492-a374-c310539bbdd3,commercial_manager,COSCO SHIPPING DEVELOPMENT,CHINA,2005-04-01
0188171e-2e90-7f57-ad2d-8e0ea9a7cb8a,commercial_manager,PACIFIC SHIP MANAGEMENT CO LTD,JAPAN,2025-09-03
0166c31b-4fd8-7954-853e-d16ad11cf25e,commercial_manager,COSCO SHIPPING LINES CO LTD,CHINA,2018-12-11
014e46f2-0518-7aae-ad05-c0edc1b2835b,commercial_manager,TOSOH LOGISTICS CORP TOSOH BUTSURYU KK,JAPAN,2017-04-11
018ef4af-f4e0-79e0-bc17-a17654e787cd,commercial_manager,SHANGHAI DINGHENG SHIP MGMT CO,CHINA,2025-08-29
01929d83-5190-702b-a986-9ae2c074399a,commercial_manager,CHIMBUSCO,CHINA,2024-11-25
014e4712-ac78-7cb1-a0e9-63525ff1b143,commercial_manager,FORMOSA PLASTICS MARINE CORP,TAIWAN,2011-05-09
018354c2-f370-70ea-b61b-a6937ee2e94c,commercial_manager,SEASPAN SHIP MANAGEMENT LTD,CANADA,2025-10-01
014e4a74-b398-7337-b506-1a321806c77f,commercial_manager,MARMARAS NAVIGATION LTD,GREECE,2014-05-19
014e46ea-2578-78ab-b72f-04e15fa31da8,commercial_manager,DAIICHI CHUO NAIKKO KAISHA,JAPAN,2009-03-05
014e473a-aea8-7119-93ec-0546caaece51,commercial_manager,SHANGHAI DINGHENG SHIP MGMT CO,CHINA,2025-09-11
014e46f7-4ca8-71d8-b8c3-6bcedb3c1f85,commercial_manager,GALAXY SHIP MANAGEMENT CO LTD,SEYCHELLES,2025-09-20
01656896-c908-7518-b1ab-1d4a20402f85,commercial_manager,TIANJIN SOUTHWEST MARITIME LTD,CHINA,2012-06-29
014e47fb-b8a0-7bc6-a07a-1c789f2c35c5,commercial_manager,CK LINE CO LTD,REPUBLIC OF KOREA,2015-04-13
014e46f8-2b50-7fa5-837c-4f35983b7791,commercial_manager,COSCO SHIPPING BULK LTD,CHINA,2019-01-10
014e473a-ba60-76a8-ba0a-229427be2f9b,commercial_manager,CONCHART COMMERCIAL INC,GREECE,2021-04-26
017e474d-4f60-7c86-ac60-8a323b839817,commercial_manager,CMA CGM SA THE FRENCH LINE,FRANCE,2022-03-04
0197f3d7-1e78-76cf-88f5-3a0b8d58f2d2,commercial_manager,SHENZHEN HAIFA SHIPPING CO LTD,CHINA,2020-04-26
014e46fc-80b0-71a9-9efe-83d63703b7f9,commercial_manager,SHANGHAI OCEAN SHIPPING CO LTD,CHINA,2023-02-01
01584237-05a0-7bf9-94f2-bb851567d175,commercial_manager,COSCO SHIPPING SPECIALIZED-CHR,CHINA,2016-11-17
014e46ea-cd70-7431-8760-73049cc13c2e,commercial_manager,VIETNAM NATIONAL PETROLEUM CORP PETROL,VIETNAM,2007-04-02
014e61d5-9868-70fd-9697-75ef5e34716d,commercial_manager,NGOC ANH VTB TRADING CO LTD,VIETNAM,2025-07-03
017b9f11-a190-792f-90ae-37347728cfbd,commercial_manager,WAN HAI LINES LTD,TAIWAN,2021-09-30
0197f704-dae0-70d3-b417-7b61d759d736,commercial_manager,ZHEJIANG ZHEYIN FINANCIAL,CHINA,2022-10-10
01798203-0e88-7529-8df7-4f6de7f7f4e5,commercial_manager,ASL SHIPPING LTD,HONG KONG,2023-07-01
014e47a6-ce58-73ed-8c5b-8015969c2d61,commercial_manager,MTT & PRIORITY GROUP,MALAYSIA,2015-02-12
014e47c3-9588-7914-9a71-4af09b458f02,commercial_manager,PACIFIC INTERNATIONAL LINES,SINGAPORE,2011-01-25
016bc1bb-19e8-70bb-8148-7e82c3937fd1,commercial_manager,GOODWILL MARITIME PTE LTD,SINGAPORE,2019-09-10
014e46f5-06a0-7b4f-8f8c-5957084ee84e,commercial_manager,CALLANY,CHINA,2012-06-03
01690a3c-12d8-7d39-9474-0a6e55e3ab59,commercial_manager,THANH THANH DAT CO LTD,VIETNAM,2023-01-10
014e4d9c-f5a8-7b6b-b31f-7baed2b6e205,commercial_manager,WAN HAI LINES LTD,TAIWAN,2009-08-25
014e4765-3560-7f44-8802-7df809a1039c,commercial_manager,TANTO INTIM LINES PT,INDONESIA,2025-04-09
014e4738-4578-7441-81c8-a65399916b34,commercial_manager,PACIFIC INTERNATIONAL LINES,SINGAPORE,2014-10-29
0186fcb3-00b8-78d7-9b36-5d94c1a32e8b,commercial_manager,SHANGHAI ZHONGGU LOGISTICS CO,CHINA,2023-04-11
014e4952-28b0-7c11-9eab-3e80bf556786,commercial_manager,COSCO SHIPPING LINES CO LTD,CHINA,1998-11-20
014e4990-e730-766a-8989-c902c4e4876c,commercial_manager,WISDOM MARINE LINES SA,TAIWAN,2011-11-15
014e4820-5f70-7b0c-9dba-118f378724b6,commercial_manager,KOTOKU KAIUN CO LTD,JAPAN,2020-08-06
014e46fb-ec40-75ba-a172-0ff73c850ad9,commercial_manager,CMA CGM SA THE FRENCH LINE,FRANCE,2015-03-16
014e47d6-bfc8-7437-8cc5-18071b1728e5,commercial_manager,MSC SHIPMANAGEMENT LTD,CYPRUS,2022-06-27
014e4764-1450-71f1-855a-dbacee228508,commercial_manager,SC SHIPPING SINGAPORE PTE LTD,SINGAPORE,2020-05-26
014e49d4-be60-7294-b185-fd093a7ffbf2,commercial_manager,TOYOFUJI SHIPPING CO LTD,JAPAN,2004-04-01
014e511d-fa60-775a-91a8-197d0ddb7272,commercial_manager,SHANGHAI DINGHENG SHPG TECH,CHINA,2018-12-01
014e47c5-bc50-78b2-9259-ed0651cba72e,commercial_manager,CONCHART COMMERCIAL INC,GREECE,2023-05-02
01808762-f0d0-70b4-8aa0-7a3dc0e7520e,commercial_manager,NHAT VIET MARINE SERVICE JSC,VIETNAM,2024-01-22
014f731c-2708-7481-bb99-cd6f56a73a4c,commercial_manager,PACIFIC INTERNATIONAL LINES,SINGAPORE,2019-08-21
0150e9d9-0b58-7342-a1cc-77d29348175b,commercial_manager,MARMARAS NAVIGATION LTD,GREECE,2018-10-01
0170f5f8-56d0-7528-9287-6acd738aced4,commercial_manager,NISSEN KAIUN CO LTD NISSEN KAIUN KK,JAPAN,2020-04-23
0170566d-e6c0-7e33-bf35-f40c6adf3cbf,commercial_manager,NISSEN KAIUN CO LTD NISSEN KAIUN KK,JAPAN,2020-03-31
01906daf-4b38-7f54-802f-f27cb9e2696b,commercial_manager,NANJING SHENGHANG SHIPPING CO,CHINA,2024-08-07
014e51eb-ba40-75a0-ab63-8c61f88aa9f3,commercial_manager,DYNACOM TANKERS MANAGEMENT LTD DTM,GREECE,2009-04-15
015059ad-5458-7c9a-9c8b-9f8a80494b9c,commercial_manager,POSCO INTERNATIONAL CORP,REPUBLIC OF KOREA,2022-11-30
014e46f7-d560-7cea-bf0d-a8c769b42771,commercial_manager,MITSUI OSK LINES LTD,JAPAN,2005-02-01
014e4712-27a8-7760-a69e-c9c066ae2b67,commercial_manager,MSC SHIPMANAGEMENT LTD,CYPRUS,2022-08-22
01808741-10f0-7fe8-8e2a-7d0df334a7d6,commercial_manager,AULAC CORP,VIETNAM,2012-10-30
014e46f8-2768-7c76-9026-716af6cb7730,commercial_manager,VELOS DRY LTD,GREECE,2025-09-18
014e46e9-f698-7565-a193-233459c73e9c,commercial_manager,COSCO SHIPPING BULK LTD,CHINA,2008-12-09
014e46ed-84c0-787d-88b9-3533aad6a811,commercial_manager,HOANH SON GROUP JSC,VIETNAM,2021-01-05
014e481a-2998-7a67-b544-8e833607ced2,commercial_manager,CONCHART COMMERCIAL INC,GREECE,2011-01-20
0187c610-1338-7628-afe5-2b30c342c540,commercial_manager,WAN HAI LINES LTD,TAIWAN,2021-02-01
014e4765-50b8-7402-b1d2-c57b37ff623f,commercial_manager,NHAT VIET TRANSPORTATION CORP,VIETNAM,2022-11-01
015f7a09-74e8-7d85-8bc9-025588443da9,commercial_manager,GALAXY SHIPPING CORP,TAIWAN,2017-12-13
014e5291-fcc0-702d-b30e-60b90f1c38c3,commercial_manager,MAERSK TANKERS,DENMARK,2023-12-15
01742d64-b9d0-71f0-bb35-075c0dbbd55a,commercial_manager,GUANGXI WUZHOU TONGZHOU SHIPPING TRANSPORT CO LTD,CHINA,2018-08-01
01732d87-fe50-7080-bd75-99b0839c1053,commercial_manager,SITC CONTAINER LINES CO LTD,CHINA,2020-08-12
014e95d4-8de0-775f-ad6c-8a007250765f,commercial_manager,AN TIEN MANH CO LTD,VIETNAM,2021-06-02
014e4cf4-f5d8-768f-ae30-47bedbe9005f,commercial_manager,NYK LINE,JAPAN,2007-02-26
014e46eb-e6b0-78cd-988c-00eeb2cfda5a,commercial_manager,TAN CANG SHIPPING JSC,VIETNAM,2023-10-16
0164161b-43f8-7e25-af1b-a750c429f7ac,commercial_manager,EVERGREEN MARINE CORP,TAIWAN,2018-07-06
014e4802-d8d8-7d60-8f5b-401f18fe0192,commercial_manager,SHANGHAI DINGHENG SHPG TECH,CHINA,2022-05-12
014e46fe-16f0-7648-a8a3-d2ff1c537511,commercial_manager,DERYOUNG MARITIME,TAIWAN,2024-04-26
017b7707-b518-7c11-9250-5f0e2073d9c5,commercial_manager,YANG MING MARINE TRANSPORT CORP,TAIWAN,2021-10-01
0175684c-95f8-7bee-815a-4897d2879a20,commercial_manager,WAN HAI LINES LTD,TAIWAN,2020-12-09
014e4edd-c2a8-72ea-abb6-d3a823a7ec9e,commercial_manager,DERYOUNG MARITIME,TAIWAN,2024-04-26
014e46ff-95c0-747c-bc6e-f5d60e33f03f,commercial_manager,GUANGXI WUZHOU SHIPYARD,CHINA,2013-01-16
016ef936-7108-7be5-bc1d-539eafd1b6f2,commercial_manager,COSCO SHIPPING LINES CO LTD,CHINA,2024-02-20
017a45e0-3f10-70e5-bfcc-1535128fa7b2,commercial_manager,MAERSK AS,DENMARK,2021-07-21
016e8723-e190-7d1b-ac93-896c0c032561,commercial_manager,KYOWA KISEN CO LTD,JAPAN,2020-01-20
0197f3fa-cb48-7fae-9a4e-e3a952bd4ebd,commercial_manager,NANJING SHENGHANG SHIPPING CO,CHINA,2025-07-31
014e46eb-9c78-7871-b59d-4bf0982d4780,commercial_manager,EVERGREEN MARINE UK LTD,UNITED KINGDOM,2005-09-27
014e4ad4-11a8-7ad2-ade3-78f54f72bcab,commercial_manager,SHANGHAI CHANGJIANG SHIPPING CORP,CHINA,2018-02-05
0186e7b8-4678-7c50-ab9f-c0f4416a2815,commercial_manager,MINERVA DRY INC,MARSHALL ISLANDS,2023-12-28
016ecfb5-da80-7a9f-a5c5-f6d1a2eea12b,commercial_manager,TOEI HOLDINGS LTD,JAPAN,2020-01-14
018cc253-95f8-7237-8961-f17dfe34cce0,commercial_manager,EUROBULK LTD,GREECE,2019-11-22
0164a664-a8a0-7585-b005-d50d5bb1557c,commercial_manager,EVERGREEN MARINE CORP,TAIWAN,2018-08-30
014e4752-5d28-778d-9d19-29ef5cdd0588,commercial_manager,ORIENTAL SHIPPING & TRADING JSC,VIETNAM,2017-10-09
014e48b7-d4e0-7b67-8bf0-53e4d9b3dd8b,commercial_manager,NINH PHUC TRADING TRANSPORT,VIETNAM,2025-03-21
0166c28a-46f0-7017-a14a-674c4f8a9a56,commercial_manager,CHIMBUSCO,CHINA,2018-12-05
014e46ea-b9e8-7e24-8513-b2480a400a4e,commercial_manager,SOUTH CHINA TOWING CO LTD,HONG KONG,2013-05-15
016bc093-5ee0-7663-a1dc-ae66d07acdca,commercial_manager,MTT SHIPPING SDN BHD,MALAYSIA,2024-02-27
019279d4-9178-7e44-bf55-e536c1c60c25,commercial_manager,EVERGREEN MARINE CORP,TAIWAN,2024-11-21
014e4879-2600-7f82-ac09-bc14b5dd53ec,commercial_manager,MSC MEDITERRANEAN SHIPPING CO,SWITZERLAND,2010-04-15
0174f99d-caf0-787f-bd05-20458ecaccb9,commercial_manager,EVERGREEN MARINE CORP,TAIWAN,2025-03-01
0175f799-df90-786c-a0db-face2f2014c5,commercial_manager,PAN OCEAN SHIPPING CO,REPUBLIC OF KOREA,2020-12-08
01808739-5478-7059-a81e-d5f26a9e6269,commercial_manager,HACT LTD,VIETNAM,2022-04-01
014e46ef-70f0-70ee-94eb-2e50e66933c9,commercial_manager,ORIENT OVERSEAS CONTAINER LINE,HONG KONG,2010-01-05
014e4c27-d238-79c3-bae7-8144f3320bbf,commercial_manager,HONGKONG SALVAGE & TOWAGE SRVS,HONG KONG,2023-07-12
0175773b-dbc8-73cc-af1e-8a73d7ff9bd9,commercial_manager,WAN HAI LINES LTD,TAIWAN,2020-12-31
017195c5-8ca0-7503-a725-c826a5fc128d,commercial_manager,YANG MING MARINE TRANSPORT CORP,TAIWAN,2020-05-27
0180874e-a198-7e2a-b1b8-a3684b382ff9,commercial_manager,NISSEN KAIUN CO LTD NISSEN KAIUN KK,JAPAN,2020-02-10
01926a45-3730-7381-9acb-074f84e2e999,commercial_manager,EVERGREEN MARINE ASIA PTE LTD,SINGAPORE,2024-10-29
014e4d99-4070-703c-ad99-e85813dd73a2,commercial_manager,KITAURA KAIUN KK,JAPAN,2009-01-31
016b4973-9118-70c5-a5ce-3696e0654b65,commercial_manager,EVERGREEN MARINE CORP,TAIWAN,2019-09-10
018a313e-92b8-7177-9ad8-e18245d43e23,commercial_manager,HONGKONG SALVAGE & TOWAGE SRVS,HONG KONG,2023-07-14
014e481d-90b0-7b25-89fa-efde8755eb9a,commercial_manager,TVL MARINE CO LTD,TAIWAN,2015-01-15
014e4a96-a318-7178-8b60-7b4c12e232ea,commercial_manager,AULAC CORP,VIETNAM,2023-05-09
015a5927-4c00-7f86-9553-a82ca87d6414,commercial_manager,SANSHO KAIUN CO LTD,JAPAN,2017-03-22
014e46ee-0990-795f-98d5-b31815fb8b1e,commercial_manager,HONGKONG SALVAGE & TOWAGE SRVS,HONG KONG,2023-07-13
014e5109-ab28-7370-a41f-f35fc08e556e,commercial_manager,LEONHARDT & BLUMBERG SCHIFFAHRTSGESELLSCHAFT,GERMANY,2020-09-15
014e46ee-f008-79ec-a55d-109042a99940,commercial_manager,PACIFIC INTERNATIONAL LINES,SINGAPORE,2009-10-22
0187bb13-3190-78a1-9389-0c4f7ad32bb0,commercial_manager,TIANJIN SOUTHWEST MARITIME LTD,CHINA,2021-05-10
014e47ca-dcd0-7fb9-b3b9-88a7b5e6fb36,commercial_manager,MSC MEDITERRANEAN SHIPPING CO,SWITZERLAND,2021-07-20
014e4895-4920-76de-933a-3d9fdee518bc,commercial_manager,ORIENT OVERSEAS CONTAINER LINE,HONG KONG,2022-06-08
01891a4d-4190-7a25-b98a-fc9eae5131b0,commercial_manager,WAN HAI LINES LTD,TAIWAN,2023-08-29
014e47c3-dbd8-7850-8dec-4774f16e3f39,commercial_manager,ORIENT OVERSEAS CONTAINER LINE,HONG KONG,2006-09-15
017c4f89-1f58-7872-a880-c93e521978dc,commercial_manager,MITSUI OSK LINES LTD,JAPAN,2021-11-04
014e47ca-9298-7f00-9930-33caae3beeb3,commercial_manager,VIET THUAN TRANSPORT CO LTD,VIETNAM,2023-11-27
014e4c19-5730-78b7-8cb5-50a525647b1b,commercial_manager,DANAOS SHIPPING CO,GREECE,2007-11-27
014e4820-1920-7043-9e64-380d7d80b1f5,commercial_manager,EVERGREEN MARINE CORP,TAIWAN,2015-01-09
014e4776-a250-7aa1-b5b8-506d0ae81148,commercial_manager,COSCO SHIPPING DEVELOPMENT,CHINA,2004-01-01
017c1419-1e78-713c-a068-b1152c89eb29,commercial_manager,UMIYAMA LINE SA,PANAMA,2026-03-09
014e470b-1ee0-7c1e-add7-e9a30b4b9eee,commercial_manager,TOSHIN KISEN CO LTD,JAPAN,2012-05-23
014e46f3-0eb8-733a-90bf-5306a5a76195,commercial_manager,HONGKONG SALVAGE & TOWAGE SRVS,HONG KONG,2023-07-12
01815c01-6420-7eef-8455-605a26b9b696,commercial_manager,SITC CONTAINER LINES CO LTD,CHINA,2022-07-05
014e4c00-e560-7dc0-a27c-b2024c0c0500,commercial_manager,COSCO SHIPPING SPECIALIZED-CHR,CHINA,2006-07-18
014e46ec-ec68-7d4f-b6d5-1861401a4ff4,commercial_manager,WAN HAI LINES SINGAPORE PTE,SINGAPORE,
014e46ed-abd0-790b-bc9c-75eb686334ba,commercial_manager,BG SHIPPING CO LTD,HONG KONG,2019-01-22
014e4764-bc48-7502-b0cb-a0c99f7af9ba,commercial_manager,EUROBULK LTD,GREECE,2019-11-18
014e4721-8540-7124-868e-227ca5604c1e,commercial_manager,UMING MARINE TRANSPORT CORP,TAIWAN,2022-12-08
015d4233-d740-70f8-800a-09fc05445914,commercial_manager,CHIMBUSCO PAN NATION SHIPPING,CHINA,2017-07-06
014e47ab-a0b8-747b-bf0b-25a9c1710d33,commercial_manager,HARTMANN DRY CARGO GERMANY GMBH CO KG,GERMANY,2019-04-01
01928e45-9da0-7fab-b96d-b98e369dae5b,commercial_manager,CMA CGM SA THE FRENCH LINE,FRANCE,2024-12-25
014e46ea-c988-7105-9216-17ecade86523,commercial_manager,AULAC CORP,VIETNAM,2023-02-23
01850e7b-74d0-7beb-8da4-e8a78aa23163,commercial_manager,COLUMBIA SHIPMANAGEMENT SNG,SINGAPORE,2023-01-03
014e46fb-30c0-7e40-9e20-0a9b995cd35b,commercial_manager,MSC MEDITERRANEAN SHIPPING CO,SWITZERLAND,2024-11-18
014e46ea-d158-71da-b1ed-e8e4a269e99f,commercial_manager,HONGKONG SALVAGE & TOWAGE SRVS,HONG KONG,2023-07-13
018dd856-58d0-74a8-b8c9-cc4eb053c14c,commercial_manager,SHANGHAI ZHONGGU LOGISTICS CO,CHINA,2024-04-02
014e479b-a6e0-75ab-a181-0d10e04f25b5,commercial_manager,DP WORLD MARINE SPV1 FZCO,UNITED ARAB EMIRATES,2025-12-11
014e473e-b9d0-7847-bc2b-ba94b2aa925a,commercial_manager,COSCO SHIPPING LINES CO LTD,CHINA,2001-01-01
01808beb-3bf8-7111-8a16-5c65496752ed,commercial_manager,PHU LONG TRANSPORT SERVICE,VIETNAM,2025-03-24
0183d4c5-3ad8-7c8d-83bb-fd3adcb4f530,commercial_manager,WAN HAI LINES LTD,TAIWAN,2022-12-20
014e46ea-b218-7cce-b92d-5c1a86c58f8a,commercial_manager,HACT LTD,VIETNAM,2022-03-01
015c3877-d748-7bed-a3b4-efef4d7c0546,commercial_manager,GUANGDONG SHIPPING CO LTD,CHINA,2017-06-05
014e48c8-b918-7a89-90fc-e501618109d4,commercial_manager,MERATUS LINE,INDONESIA,2017-11-13
018454a3-c9b8-787e-84f8-7ba948b7d6c8,commercial_manager,WAN HAI LINES LTD,TAIWAN,2023-01-31
014e4747-35b0-7c5b-9e16-8ef96f7f7f2a,commercial_manager,ORIENT OVERSEAS CONTAINER LINE,HONG KONG,2022-03-14
014e46ea-c5a0-7f7f-9f0a-49cf25953202,commercial_manager,HACT LTD,VIETNAM,2021-04-30
0163a825-8bd8-748a-90c3-5f4becb3c512,commercial_manager,TODA KISEN K K,JAPAN,2015-04-14
014e46ea-fc50-75fe-8951-906430f4b31a,commercial_manager,BERGE BULK MARITIME PTE LTD,SINGAPORE,2021-02-11
018a3b4a-6188-7f97-84d5-f98323f9fbbf,commercial_manager,MITSUI OSK LINES LTD,JAPAN,2023-11-21
01808739-7b88-7028-beda-024906088ebe,commercial_manager,HACT LTD,VIETNAM,2017-05-08
014e46f4-00e8-795f-807b-85d9d87b0c6b,commercial_manager,MSC SHIPMANAGEMENT LTD,CYPRUS,2017-09-03
014e4703-cbe0-7dec-a53e-c0f8816b035f,commercial_manager,TAIMIN PETROLEUM & CHEMICALS,CHINA,2013-08-28
018b8370-b6a0-74d3-95db-709ced7d5134,commercial_manager,CAPITAL CONTAINERS SHIP MGMT,GREECE,2025-07-25
01808738-d778-73df-8c53-c5db699ffecf,commercial_manager,RUICO GUANGDONG SHIPPING & LOGISTICS CO LTD,CHINA,2014-10-23
017520f2-32a8-774f-af52-f4fe139140fd,commercial_manager,SWIRE SHIPPING PTE LTD,SINGAPORE,2020-12-14
014e5611-9248-7316-9ac0-554324526b13,commercial_manager,PAN OCEAN SHIPPING CO,REPUBLIC OF KOREA,2009-07-24
014e46ef-bf10-7546-af3e-64b9a2702183,commercial_manager,HARBOURLINK MARINE SERVICES SDN BHD,MALAYSIA,2024-06-03
014e46f1-45b0-78fa-8f6a-88f2504cf80f,commercial_manager,MARMARAS NAVIGATION LTD,GREECE,2013-04-19
0159b56a-9068-7585-ab5e-a92faa78d915,commercial_manager,DONGJIN SHIPPING CO LTD,REPUBLIC OF KOREA,2017-02-10
01932ea0-c748-7c86-80a5-a89d58efa090,commercial_manager,EVERGREEN MARINE CORP,TAIWAN,2024-12-31
014e483d-6cf0-7653-bac1-81dcf78150d2,commercial_manager,DANAOS SHIPPING CO,GREECE,2011-03-10
01846955-a7a0-7658-a511-563f3b62e93a,commercial_manager,SITC CONTAINER LINES CO LTD,CHINA,2022-12-12
017ed7d6-9f50-7bf3-a2fe-cb3d7edddaf0,commercial_manager,CMA CGM SA THE FRENCH LINE,FRANCE,2023-11-21
01870bd1-e9d8-7c3a-87b7-fd4edae1a052,commercial_manager,SOUTH CHINA TOWING CO LTD,HONG KONG,2023-04-21
014e46eb-8120-7d4e-a319-738c373c8ec7,commercial_manager,MARLOW SHIP MGMT DEUTSCHLAND,GERMANY,2017-12-14
014e4a7c-c600-7683-9fc6-fcae26221f8c,commercial_manager,WAN HAI LINES LTD,TAIWAN,2003-09-02
01851185-f998-7314-a95c-a26bf55395f9,commercial_manager,SHANGHAI STAR SHIPPING COLTD,CHINA,2024-10-10
01903c43-3988-7bf7-80ed-26f406f33899,commercial_manager,NAMSUNG SHIPPING CO LTD,REPUBLIC OF KOREA,2017-10-24
014e4a95-2830-7920-8d1e-5937d3b365c6,commercial_manager,FENG SEA SHIPPING PTE LTD,SINGAPORE,2024-03-06
016684dd-0040-7554-9d8b-620e1ab51fec,commercial_manager,EVERGREEN MARINE CORP,TAIWAN,2018-11-28
0172c080-d868-791f-9264-947611a7a328,commercial_manager,NISSEN KAIUN CO LTD NISSEN KAIUN KK,JAPAN,2020-07-07
0190252a-ac40-7f56-b58a-ddba78a59d95,commercial_manager,MSC MEDITERRANEAN SHIPPING CO,SWITZERLAND,2024-07-18
014e50ef-ddb0-749d-8e22-58c49afa383f,commercial_manager,MAERSK AS,DENMARK,2019-08-13
01872aac-a028-72ad-913d-d3eed3c62efa,commercial_manager,CIDO SHIPPING AND TRADING CO,HONG KONG,2008-04-03
014e46ee-d0c8-7ccd-8d6d-db08140151c3,commercial_manager,GOLDEN UNION SHIPPING CO SA,GREECE,2010-07-09
014e46eb-5240-76b2-9d63-11229f2d1a9a,commercial_manager,ALLSEA DMCC JSC,VIETNAM,2024-08-27
014e46f1-5938-7fec-99d6-4c421318f4d1,commercial_manager,HONGKONG SALVAGE & TOWAGE SRVS,HONG KONG,2023-07-12
0156fdfd-ffe8-7fdc-b53f-daa2aa9f4c3d,commercial_manager,CENTURY BULK CARRIERS MGMT CO,GREECE,2020-10-05
019706c8-4a58-782f-9663-3e45bb10d00a,commercial_manager,FUJIAN WANHANG SHIPPING CO LTD,CHINA,2025-10-24
014e46f7-4ca8-750c-ac1b-c6d5d79b38f4,commercial_manager,COSTAMARE SHIPPING CO SA,GREECE,2024-03-14
014e46ea-92d8-731c-a9e8-e43486383aab,commercial_manager,PANASIA SHIPPING CO LTD,CHINA,2022-03-01
014e4ee3-aa60-7770-9bc2-a14bd3bb195c,commercial_manager,NHAT VIET TRANSPORTATION CORP,VIETNAM,2016-08-01
014e46f0-c8b0-7a7b-9c7b-ad07c39caa5d,commercial_manager,EVERGREEN MARINE UK LTD,UNITED KINGDOM,2013-01-16
014e5787-88a8-7baa-9092-1859787b31d0,commercial_manager,MAPLE LEAF SHIPPING CO LTD,CHINA,2013-03-01
014e491c-cc88-7abb-9468-967a22feec68,commercial_manager,CK LINE CO LTD,REPUBLIC OF KOREA,2014-11-11
014e46eb-61e0-7690-a4f0-542b8c054b36,commercial_manager,VTB HAI AU CO LTD,VIETNAM,2025-12-21
01502a70-4808-7460-80b4-6cbe30b2c562,commercial_manager,HAPAG-LLOYD AG,GERMANY,2023-02-01
01893651-1da8-7df8-908f-660f8c522664,commercial_manager,TEH SHIPPING LINES CO LTD,TAIWAN,2023-08-28
014e46f2-4b68-72d9-85f4-7e4c094d0ed7,commercial_manager,EVERGREEN MARINE CORP,TAIWAN,2012-10-22
0177ec3d-95b8-725f-9013-fa953cbb19f4,commercial_manager,SHOKUYU TANKER CO,JAPAN,2021-03-22
01876e75-ddd8-7f33-9bd5-a9df3063982d,commercial_manager,ORIENT OVERSEAS CONTAINER LINE,HONG KONG,2023-07-03
014e46ea-0250-7978-9aa3-787ad6b05f49,commercial_manager,SOUTH CHINA TOWING CO LTD,HONG KONG,2013-12-02
014e5338-c7f8-7dc6-a307-9592a6368114,commercial_manager,TAN CANG SHIPPING JSC,VIETNAM,2015-11-19
014e4709-3698-79a4-b58d-22eafb7cb72d,commercial_manager,YIU LIAN DOCKYARD LTD,CHINA,2008-01-30
014e4a26-d9e8-713a-8ea8-e44d56fb0551,commercial_manager,NYK LINE,JAPAN,2013-03-06
01961a03-e4e8-7007-8c4b-4d90c3d85e34,commercial_manager,ZHEJIANG MINGDE SHIPPING CO,CHINA,2025-04-25
014e556c-2a88-70fa-88b2-2af4724e2acc,commercial_manager,FENG SEA SHIPPING PTE LTD,SINGAPORE,2024-11-18
014e46f7-c1d8-7b57-9145-85292ff77e12,commercial_manager,VIPCO,VIETNAM,2016-06-29
014e481f-de88-7177-8203-1c3b98cdecfd,commercial_manager,EVERGREEN MARINE CORP,TAIWAN,2013-04-30
0192d664-fab8-76fc-9169-4f4f2f4fe4c1,commercial_manager,SINOKOR MERCHANT MARINE CO LTD,REPUBLIC OF KOREA,2024-11-20
014e479a-7630-7f7c-a485-9b1803e80d74,commercial_manager,MSC SHIPMANAGEMENT LTD,CYPRUS,2023-05-03
0156ba5c-ff00-71ef-ad7f-718c2cc07825,commercial_manager,BEAUFORT SHIPPING LTD,GREECE,2016-11-15
0170a893-c348-71d1-bb88-35f97a0dd97e,commercial_manager,HONGKONG SALVAGE & TOWAGE SRVS,HONG KONG,2023-07-14
015730be-7250-7ddf-9b18-fbbe987cd4a9,commercial_manager,DAIICHI CHUO KISEN KAISHA,JAPAN,2016-11-02
01975d1e-5370-7169-a32d-8d2d75cb63e6,commercial_manager,CK LINE CO LTD,REPUBLIC OF KOREA,2025-07-31
014e4896-7db8-702c-9a73-0e3ab7fcbf79,commercial_manager,KOREA MARINE TRANSPORT CO LTD KMTC,REPUBLIC OF KOREA,2017-02-01
014e46f1-8fe8-7156-a9e7-fb665a74897c,commercial_manager,LAVINIA,GREECE,2011-07-29
0153bbde-acf0-76e1-924a-c14b81eb1ce8,commercial_manager,PRECIOUS SHIPPING PCL,THAILAND,2016-07-07
01740a5e-47a8-7c8e-a729-132a99959a09,commercial_manager,YIU LIAN DOCKYARDS LTD,CHINA,2020-08-28
017bde1f-37a8-7957-9982-6202791d7fa2,commercial_manager,SHOEI KISEN KK,JAPAN,2021-10-08
014e4c56-6030-7001-81b7-8d99b454dbc3,commercial_manager,COSCO SHIPPING ENERGY TRANS,CHINA,2024-04-26
0189c395-25d8-7c4c-916f-c69a2680547e,commercial_manager,EVERGREEN MARINE CORP,TAIWAN,2023-09-11
018fc9b5-86a0-70eb-b3c6-fd7e2b15e3b3,commercial_manager,ASL SHIPPING LTD,HONG KONG,2024-06-19
014eb048-dcd0-7fc2-830b-32afed977f65,commercial_manager,MSC SHIPMANAGEMENT LTD,CYPRUS,2024-09-11
01874625-ff20-7bbf-b4f1-fddea3f5e25e,commercial_manager,SITC CONTAINER LINES CO LTD,CHINA,2023-04-28
014e479c-ef00-714e-8834-f01cf5c923ef,commercial_manager,COSCO SHIPPING LINES CO LTD,CHINA,2005-06-06
014e46fb-05c8-7292-9f98-f6f12ce2e56b,commercial_manager,HACT LTD,VIETNAM,2021-03-05
014e4bd9-a298-7028-9b0b-ec6010be6cae,commercial_manager,NANJING SHENGHANG SHIPPING CO,CHINA,2023-08-01
014e489a-dae8-7a2a-bddd-def5a4fe4f19,commercial_manager,NANJING SHENGHANG SHIPPING CO,CHINA,2023-09-08
017592a5-c1d0-79b2-b91b-6eb77db2215a,commercial_manager,KOREA MARINE TRANSPORT CO LTD KMTC,REPUBLIC OF KOREA,2020-11-27
01909532-b230-70e5-a554-61a4276c0459,commercial_manager,CMA CGM SA THE FRENCH LINE,FRANCE,2024-08-22
018abca9-1828-7b91-87aa-8e39a47851e3,commercial_manager,SANTOKU SENPAKU CO LTD,JAPAN,2018-10-17
01993772-2eb0-7deb-a945-3f0525d2577c,commercial_manager,EVERGREEN MARINE CORP,TAIWAN,2026-03-20
014e46fa-afd8-7630-bf9c-bf747bece762,commercial_manager,YIU LIAN DOCKYARDS LTD,CHINA,2013-03-20
015b26eb-fe60-7222-bbae-2f07bac18e01,commercial_manager,SHOKUYU TANKER CO,JAPAN,2022-03-24
017d7f44-bcd8-740f-af4b-9acfb9a43e59,commercial_manager,GREATHORSE INTERNATIONAL SHIP MANAGEMENT CO L,CHINA,2022-02-14
014e4ab6-ae38-7f9d-b014-6d1b19f9b432,commercial_manager,SHANGHAI JUNZHENG SHIPPING,CHINA,2020-03-27
014e47bd-f420-7905-bba5-3c61da4b1f82,commercial_manager,GAS SHIPPING JSC,VIETNAM,2010-03-16
014e4adb-b6b0-725c-af12-d8365486decc,commercial_manager,ORIENT OVERSEAS CONTAINER LINE,HONG KONG,2009-09-04
014e46eb-b7d0-7563-bc6a-0fffd6d0a98e,commercial_manager,SOKI KISEN KK,JAPAN,2009-06-26
01882332-1200-7efc-9851-338a36c24442,commercial_manager,RCL SHIPMANAGEMENT PTE LTD,SINGAPORE,2024-02-01
014e47a6-3218-7d48-8021-ea415f461c26,commercial_manager,FORMOSA PLASTICS MARINE CORP,TAIWAN,2013-02-27
0177cdd7-1d38-745a-904e-ae206e752f8d,commercial_manager,YANG MING MARINE TRANSPORT CORP,TAIWAN,2018-11-29
01892944-4f90-7fcb-82f4-89ca7ea40a00,commercial_manager,WAN HAI LINES LTD,TAIWAN,2023-07-24
014e4b47-de30-7934-bc85-87729beada63,commercial_manager,COLUMBIA SHIPMANAGEMENT SNG,SINGAPORE,2021-12-03
014e4710-c430-7113-888c-84b4d8bf440d,commercial_manager,SOUTH CHINA TOWING CO LTD,HONG KONG,2010-05-12
014e46ea-b218-7d06-85bc-dcc22dfada4a,commercial_manager,YIU LIAN DOCKYARD LTD,CHINA,2008-01-31
014e46f0-b528-7f25-8b62-290cfd5663a5,commercial_manager,NEXT BAHTERA MARITIME SDN BHD,,2026-02-27
014e46f8-df00-75af-afa6-dd4fb981da6a,commercial_manager,GAS SHIPPING JSC,VIETNAM,2025-06-18
014e46f1-7c60-787b-b255-dcc7b622f811,commercial_manager,ORIENT OVERSEAS CONTAINER LINE,HONG KONG,2010-06-08
0153d629-4818-769f-b0de-802e6b90179e,commercial_manager,MAERSK TANKERS,DENMARK,2024-03-04
014e4c54-6460-739e-ae00-c81f2c5753c3,commercial_manager,COSCO SHIPPING DEVELOPMENT,CHINA,2003-01-01
017e6a57-fb90-7688-82db-8feefc9ac14f,commercial_manager,SHOEI KISEN KK,JAPAN,2022-02-08
014e473d-5e28-7670-a779-ea7004c20251,commercial_manager,WAN HAI LINES LTD,TAIWAN,2022-06-07
0196cd59-da20-7353-8aa8-92099e003eff,commercial_manager,INTERASIA LINES SINGAPORE PTE LTD,SINGAPORE,2025-06-27
014e4708-7730-7554-8280-593cc37a1f8d,commercial_manager,MAERSK AS,DENMARK,2025-10-21
017520b6-2790-7dbd-9e6b-7834a19b98f1,commercial_manager,OSAKA ASAHI KAIUN CO LTD,JAPAN,2020-10-30
0158188f-0540-7869-8ed5-e88d31ba5951,commercial_manager,SOARING DRAGON ENTERPRISE,CHINA,2024-04-26
014e4878-6a80-7f2a-910f-96a10d3de4ec,commercial_manager,MSC MEDITERRANEAN SHIPPING CO,SWITZERLAND,2009-07-01
017f5414-6890-7c81-a0d7-6d52a7f30e61,commercial_manager,SHANDONG SHIPPING CORP,CHINA,2022-03-21
014e46fa-ee58-7aa8-ab87-fc1c3f6bf552,commercial_manager,CHEMIKALIEN SEETRANSPORT GMBH,GERMANY,2006-10-27
014e4c1e-0a50-718c-a692-51f1204f0872,commercial_manager,HACT LTD,VIETNAM,2025-10-17
01961918-38e0-770a-b683-427b84c7906a,commercial_manager,MAERSK AS,DENMARK,2025-05-27
017e785b-7a00-7e1b-9f2c-cc851cb026b0,commercial_manager,CSC NANJING TANKER CORP CHINA GOVT,CHINA,2022-03-15
014e46ee-f7d8-70c5-9b17-305e385d6ba1,commercial_manager,FAIRMONT SHIPPING HK LTD,HONG KONG,2023-11-11
016f24fa-7398-7248-81f0-fc0afeb006b0,commercial_manager,EASTERN PACIFIC SHIPPING PTE,SINGAPORE,2021-12-21
0183a5f5-3898-70ad-a160-5ce725850a7c,commercial_manager,WAN HAI LINES LTD,TAIWAN,2022-11-29
01961eb2-9818-763a-9745-791524fc655a,commercial_manager,ORIENT OVERSEAS CONTAINER LINE,HONG KONG,2025-05-21
0180873a-7970-7b90-8543-5342f773d7eb,commercial_manager,ORIENT OVERSEAS CONTAINER LINE,HONG KONG,1995-11-27
014e486d-a4b0-70d8-8f6e-2f9aca54a308,commercial_manager,PACIFIC INTERNATIONAL LINES,SINGAPORE,2008-01-08
014e484a-5988-7b74-96a0-d9d9c837004e,commercial_manager,EUROBULK LTD,GREECE,2016-09-29
01715613-7158-7b0a-b3fc-ba6817dac9b2,commercial_manager,NANJING SHENGHANG SHIPPING CO,CHINA,2024-03-27
014e4878-dfb0-7cd4-b913-730bf8b86214,commercial_manager,CMA CGM SA THE FRENCH LINE,FRANCE,2012-11-06
0167fccb-c540-7914-aab1-ba9b627d8663,commercial_manager,SHANGHAI LEADING ENERGY,CHINA,2012-03-28
0166c81e-4d28-7f76-b476-9a62719afce6,commercial_manager,ZHONGSHAN HONG KONG PASSENGER,CHINA,2018-12-17
016cc205-9ee0-78ba-aed2-45011f85f600,commercial_manager,GOODWILL MARITIME PTE LTD,SINGAPORE,2019-09-18
014e4729-e5c8-7992-962e-13555e86b6f9,commercial_manager,FEOSO OIL,CHINA,2013-01-01
014e481f-3690-732b-9de1-e6f2ff9a8fc2,commercial_manager,CMA CGM ASIA SHIPPING PTE LTD,SINGAPORE,2017-05-01
0171779d-6d10-722d-b4df-cd9cecf275d1,commercial_manager,SINOKOR MERCHANT MARINE CO LTD,REPUBLIC OF KOREA,2020-04-29
015ddf27-3538-7e6d-b765-b5a781b45bc1,commercial_manager,MSC MEDITERRANEAN SHIPPING CO,SWITZERLAND,2019-08-01
01881e27-f090-77cc-b2a1-ef403414f11c,commercial_manager,EASTAWAY SHIP MANAGEMENT PTE,SINGAPORE,2023-06-29
0195ace4-0ac8-75bd-bbd3-123bec996a1b,commercial_manager,TIANJIN COSBULK SHIP MGMT,CHINA,2025-04-18
0168853b-b020-7f7d-98d1-af71741655b2,commercial_manager,PACIFIC INTERNATIONAL LINES,SINGAPORE,1998-01-01
0180873b-dce8-786f-abd5-75ac584feb15,commercial_manager,INTERASIA LINES SINGAPORE PTE LTD,SINGAPORE,2021-12-15
016256bd-a948-7334-8d54-0700eba1484a,commercial_manager,TOYOFUJI SHIPPING CO LTD,JAPAN,2018-05-22
014e4820-1538-7864-b920-ebcecddf62c7,commercial_manager,CONCHART COMMERCIAL INC,GREECE,2021-01-20
014e479c-df60-7ed4-aa69-4c305679072c,commercial_manager,MSC MEDITERRANEAN SHIPPING CO,SWITZERLAND,2008-07-07
014e48b3-25a8-758f-bbf3-b75cbbfcb024,commercial_manager,YANG MING MARINE TRANSPORT CORP,TAIWAN,2005-06-10
014e46f8-7d58-749a-822f-998a05a64ef8,commercial_manager,DALIAN CHUN AN SHIP MGMT CO,CHINA,2021-03-12
01925b92-a470-7047-a246-7308666a7a51,commercial_manager,EVERGREEN MARINE CORP,TAIWAN,2024-10-25
014e46f3-3d98-7a3f-a242-0468b28a43a9,commercial_manager,CMA CGM SA THE FRENCH LINE,FRANCE,2002-01-01
014e46f7-7f70-7304-8332-94deb5a719ae,commercial_manager,HONG KONG MING WAH SHIPPING CO LTD,HONG KONG,2011-09-23
014e4744-c898-7dc2-ac4d-ec33fe5f6556,commercial_manager,GLORY NAVIGATION CO,TAIWAN,2013-09-04
019360dc-42a0-774c-9560-d48fbb143b13,commercial_manager,EVERGREEN MARINE CORP,TAIWAN,2024-12-19
018bc61c-5b08-731f-b845-145111916a8d,commercial_manager,TIANJIN SOUTHWEST MARITIME LTD,CHINA,2023-11-30
014e46ec-1978-7f00-bce0-9486d48992a7,commercial_manager,AN THANH NAM TRANSPORT CO LTD,VIETNAM,2024-05-02
014e4b48-5b30-7bf1-a95a-0ac172657cb7,commercial_manager,FAREAST TRANSPORT CO,JAPAN,2019-11-11
018b26d9-ae10-7890-b575-ec497cb04da7,commercial_manager,MINERVA DRY INC,MARSHALL ISLANDS,2025-02-10
01902163-8e38-70d8-a867-5c3d688892d6,commercial_manager,BRIGHT CONCORD INC LTD,HONG KONG,2011-06-07
0162a7ef-a820-7083-aac9-a19d773afb8e,commercial_manager,SHANGHAI DINGHENG SHPG TECH,CHINA,2023-06-05
01808744-1660-77db-87a8-3ced7171b3d3,commercial_manager,ASIA PACIFIC SHIPMANAGEMENT PTE LTD,SINGAPORE,2020-08-21
014e5199-1dd0-7193-a707-9c9b235b41e1,commercial_manager,GLORY NAVIGATION CO,TAIWAN,2013-04-24
014e53f1-59f8-7acb-b3c3-8b2196a38071,commercial_manager,CHINA MERCHANTS ENERGY SHPG,CHINA,2016-03-31
014e592c-c0b0-7cf9-9a16-fe36149f66eb,commercial_manager,PVT LOGISTICS,VIETNAM,2023-09-11
018f04ca-d9d0-7f28-8077-3bed17309e67,commercial_manager,EUROBULK LTD,GREECE,2024-05-13
014e46ea-f480-73ba-a762-153ddecc3b8b,commercial_manager,YIU LIAN DOCKYARDS LTD,CHINA,2013-03-20
014e4731-11b8-7fc5-ba2f-93d308e2f3af,commercial_manager,TAIMIN PETROLEUM & CHEMICALS,CHINA,2013-05-08
014e479b-9f10-7d44-849a-dec0f41c99de,commercial_manager,MSC MEDITERRANEAN SHIPPING CO,SWITZERLAND,2010-01-01
014e49aa-85c8-7f2e-b6b6-63edac111124,commercial_manager,EVERGREEN MARINE CORP,TAIWAN,2003-08-01
0185a5c2-7a00-7c51-aa7d-438f1365adf7,commercial_manager,TS LINES LTD,TAIWAN,2023-03-06
014e4b95-cf50-79a8-b784-1c6cbadf15b0,commercial_manager,GAS SHIPPING JSC,VIETNAM,2008-10-10
0160c3d6-55e0-7428-b1a4-967c1c704531,commercial_manager,TS LINES LTD,TAIWAN,2018-01-29
0183e9f6-d010-798d-96c6-1cd587153f23,commercial_manager,SINOGAS MARITIME LTD,HONG KONG,2024-11-01
014e46e9-cf88-75c5-998d-38cafd95b350,commercial_manager,YANG MING MARINE TRANSPORT CORP,TAIWAN,2006-08-07
017e72f8-2c70-79ca-a73d-f5da03a1d0dd,commercial_manager,SITC CONTAINER LINES CO LTD,CHINA,2022-02-24
0190a02b-80e0-7f7a-9ea7-62a1464776f4,commercial_manager,CMA CGM SA THE FRENCH LINE,FRANCE,2024-08-14
014e46ee-0d78-7ff2-af2e-8cb6145f025e,commercial_manager,HARBOURLINK MARINE SERVICES SDN BHD,MALAYSIA,2024-10-14
014e46e9-db40-7f4b-84b4-f0d533ddec2e,commercial_manager,STOLT TANKERS BV,NETHERLANDS,2017-08-01
014e484d-2460-7eb2-8a0a-6b120c9fe29b,commercial_manager,CMA CGM ASIA SHIPPING PTE LTD,SINGAPORE,2016-11-11
014e48a4-0a78-7403-a2ca-9651c008560f,commercial_manager,MSC SHIPMANAGEMENT LTD,CYPRUS,2022-10-27
01920e31-9740-7016-9c99-9c4e00851fa3,commercial_manager,MAERSK AS,DENMARK,2024-11-04
014e4819-9cf8-7f5d-88e3-72da3ecd1329,commercial_manager,EUROBULK LTD,GREECE,2022-05-24
014e4701-d7e0-74d3-98d7-aa3867e8ebb1,commercial_manager,DONGKUK MARINE CO LTD,REPUBLIC OF KOREA,2023-10-17
017ac8b1-f258-7e05-b2ff-f91f85d94919,commercial_manager,TIANJIN SOUTHWEST MARITIME LTD,CHINA,2021-08-30
014e46ea-ecb0-70d3-a7ad-ab9095c38082,commercial_manager,HONGKONG SALVAGE & TOWAGE SRVS,HONG KONG,2023-07-14
018c19f2-7bb8-7228-b008-178658031f10,commercial_manager,KAWASAKI KISEN KAISHA LTD,JAPAN,2024-01-25
0160e3c6-1de0-764f-bad2-e93c1a3427a2,commercial_manager,PACIFIC SHIP MANAGEMENT CO LTD,JAPAN,2025-06-18
01884d68-b218-756e-9284-2cd7ea4834f1,commercial_manager,MAPLE LEAF SHIPPING CO LTD,CHINA,2021-11-29
014e573d-19f8-75b8-9349-634b43334196,commercial_manager,DANAOS SHIPPING CO,GREECE,2014-11-05
015b8bf2-c190-7542-aa86-72cc81d0a4e6,commercial_manager,SHANGHAI NORTH SEA SHPG CO LTD,CHINA,2017-05-10
0150e93e-3a88-7978-82be-de4c3e362923,commercial_manager,SHOEI KISEN KK,JAPAN,2017-09-22
01569af4-6860-7790-957e-55351fe67149,commercial_manager,AVANGAAD BHD,MALAYSIA,2016-08-11
017d7cf4-aa88-7a90-9cab-b5d94cfb8b26,commercial_manager,ZHEJIANG FENGYI SHIPPING CO LTD,CHINA,2021-10-04
01867a25-1cd0-7b65-b3bb-4cb04b3f1dc1,commercial_manager,RCL FEEDER PTE LTD,SINGAPORE,2023-02-16
01533f94-d1d8-718e-a296-d4d62493e460,commercial_manager,CHINA HARBOUR ENGINEERING CO,CHINA,2023-08-29
014e6d4b-b150-7207-9992-23f91c1b1bd4,commercial_manager,EASTAWAY SHIP MANAGEMENT PTE,SINGAPORE,2021-03-24
018831ea-78f0-7755-b716-b6f17cd644e8,commercial_manager,CAPITAL CONTAINERS SHIP MGMT,GREECE,2025-07-25
014e46e9-eae0-7d9e-a003-a7ecad58f53f,commercial_manager,CHIMBUSCO PAN NATION SHIPPING,CHINA,2024-04-26
0159c555-4d38-78fb-9cd9-9170c8d096bc,commercial_manager,MSC MEDITERRANEAN SHIPPING CO,SWITZERLAND,2017-02-15
01808747-3340-71ed-b998-5210d4143664,commercial_manager,WAN HAI LINES LTD,TAIWAN,2012-05-29
018bfedf-e540-77fe-9213-080690f84fb8,commercial_manager,WAN HAI LINES LTD,TAIWAN,2023-12-15
016d7199-8ad8-70c4-849d-6b9889bdd4ca,commercial_manager,INFICESS SHIPPING CO LTD,REPUBLIC OF KOREA,2019-12-06
01771463-c5b8-7910-8ad1-a6592b1b677a,commercial_manager,WAN HAI LINES LTD,TAIWAN,2022-06-20
0198313e-9610-7aff-8f63-a6621de0bf9b,commercial_manager,EVERGREEN MARINE CORP,TAIWAN,2025-08-14
014e4880-9840-7e71-b360-cf6bd8ed0622,commercial_manager,MERATUS LINE,INDONESIA,2019-10-24
014e47ba-3b00-7f8b-98a3-edfcd0b80261,commercial_manager,YANG MING MARINE TRANSPORT CORP,TAIWAN,2012-12-24
016ab4e7-3f18-7635-87f6-af4414098645,commercial_manager,HONGKONG SALVAGE & TOWAGE SRVS,HONG KONG,2023-07-11
01775a9a-1b68-7a08-8c43-fcb84ca626fc,commercial_manager,WAN HAI LINES LTD,TAIWAN,2021-03-26
018ac9ab-0130-737d-a57b-3e826e1f8dbb,commercial_manager,WAN HAI LINES LTD,TAIWAN,2023-11-14
014e46ef-3e28-76ae-8124-a9ea954206b5,commercial_manager,COSCO SHIPPING LINES CO LTD,CHINA,2000-05-29
01808744-3d70-7e12-9d75-b0f271fda452,commercial_manager,FANGCHENGGANG CITY HENGSHENG,CHINA,2016-08-26
01797d3d-e940-71f0-bfd3-abd7aa7df6ab,commercial_manager,WAN HAI LINES LTD,TAIWAN,2021-07-05
014e4c0e-0c90-799b-960c-802763ee716b,commercial_manager,FEOSO OIL,CHINA,2014-01-21
0180938e-0d90-7f4a-adb2-b9d2116c8bb3,commercial_manager,UNITED SHIPPING CO LTD,VIETNAM,2023-04-10
014e46ff-6eb0-75f8-8583-29d25796a516,commercial_manager,KOREA MARINE TRANSPORT CO LTD KMTC,REPUBLIC OF KOREA,2010-04-15
014e4797-70c0-7e10-97ba-4566d0c1b699,commercial_manager,COSCO SHIPPING LINES CO LTD,CHINA,2013-04-25
0161e52f-41d8-70f0-9d3a-150ee87483b9,commercial_manager,MAERSK TANKERS,DENMARK,2021-12-01
01738f5f-e408-7785-84ba-b9ac833ef800,commercial_manager,YANG MING MARINE TRANSPORT CORP,TAIWAN,2020-09-07
01906d5c-7048-7b18-909d-f686df6a7e01,commercial_manager,EVERGREEN MARINE ASIA PTE LTD,SINGAPORE,2024-07-31
019b910f-6580-7db5-be06-db41791bdacc,commercial_manager,WAN HAI LINES LTD,TAIWAN,2026-02-09
014e46ed-2ae8-71ca-a902-d9152e62b25a,commercial_manager,GAS SHIPPING JSC,VIETNAM,2019-10-30
019511cf-09c0-7237-82c4-3b47723e3e9c,commercial_manager,HAPAG-LLOYD AG,GERMANY,2025-03-01
014e47a3-a1d8-7fe9-bedf-4730b96a77f8,commercial_manager,USUI KAIUN KK,JAPAN,2008-09-05
014e47c4-fce8-7b3a-855e-8c3416ebc1e8,commercial_manager,SEASPAN SHIP MANAGEMENT LTD,CANADA,2016-07-27
014e46f0-0d30-752e-87c9-8ef8faa4678f,commercial_manager,SALAM PACIFIC INDONESIA LINES,INDONESIA,2017-05-29
0161034f-b1d0-751f-bbe0-3fc8683aecb1,commercial_manager,JOSCO,CHINA,2018-03-23
016a053e-30f8-774d-ae1e-d7e6a5eea9d4,commercial_manager,HONGKONG SALVAGE & TOWAGE SRVS,HONG KONG,2023-07-11
014e46ea-2190-7e78-92da-a5c903911a68,commercial_manager,YANG MING MARINE TRANSPORT CORP,TAIWAN,2007-05-09
0162fb84-1c50-767e-83b1-8b1bcf2926cf,commercial_manager,HUIZHOU HUAYI RONGSHENG SHIPPING CO LTD,CHINA,2024-06-07
018a732a-ee60-7c92-82c8-4b282be0e15a,commercial_manager,TS LINES LTD,TAIWAN,2023-11-02
014e46ed-1b48-7eab-b04b-c49bd09c9b22,commercial_manager,CONCHART COMMERCIAL INC,GREECE,2021-07-31
014e478a-68d0-7890-b37b-890b6dd400cb,commercial_manager,SHIH WEI NAVIGATION CO LTD,TAIWAN,2011-06-29
01615a10-dcb0-75d3-babc-2d319b130641,commercial_manager,CMA CGM SA THE FRENCH LINE,FRANCE,2018-05-09
014e46eb-b7d0-785f-a213-214f11dd5019,commercial_manager,SITC SHIPPING MANAGEMENT,CHINA,2015-04-03
017b2f6d-c828-7017-bfcb-219d1feb750d,commercial_manager,MAERSK AS,DENMARK,2021-09-20
01577955-87d8-705e-877e-7dee3871c9f5,commercial_manager,KOTOKU KAIUN CO LTD,JAPAN,2018-11-28
01934cb8-d1a8-7cf0-b931-ba8cc45fc17a,commercial_manager,INTERASIA LINES SINGAPORE PTE LTD,SINGAPORE,2024-12-26
014e46ef-2e88-7247-b7ac-c18958c000f4,commercial_manager,HARBOURLINK MARINE SERVICES SDN BHD,MALAYSIA,2022-03-01
014e46ea-5840-79f9-9af4-2326d173061a,commercial_manager,MSC SHIPMANAGEMENT LTD,CYPRUS,2017-05-22
016be433-6570-725e-a8a3-27d39ab7a583,commercial_manager,FORMOSA PLASTICS MARINE CORP,TAIWAN,2019-09-10
014e46f3-6c78-7a48-aa63-ae0a595277cc,commercial_manager,ORIENT OVERSEAS CONTAINER LINE,HONG KONG,2015-03-31
01808738-8188-7290-a397-75b94e826cb3,commercial_manager,AST INC,JAPAN,2016-04-30
014e4711-c9e8-7f48-9917-19fec529e334,commercial_manager,HOANH SON GROUP JSC,VIETNAM,2020-11-26
014e9ab1-7918-7183-a1fd-732306bfbdb2,commercial_manager,SOUTH CHINA TOWING CO LTD,HONG KONG,2015-07-01
014e46f3-0eb8-7753-acb0-05e25a0c49ec,commercial_manager,TVL MARINE CO LTD,TAIWAN,2017-04-17
017d8e34-6450-7457-a147-3f9937bddecb,commercial_manager,TIANJIN SOUTHWEST MARITIME LTD,CHINA,2021-12-26
018dbffb-1e10-7f1c-a848-4270d460f858,commercial_manager,TS LINES LTD,TAIWAN,2025-02-12
014e46eb-1b90-76f1-91ed-a9f620b05467,commercial_manager,MSC SHIPMANAGEMENT LTD,CYPRUS,2022-05-26
01808da9-85f8-7e98-93fa-1713a4a3858f,commercial_manager,HACT LTD,VIETNAM,2022-11-03
014e47ed-e590-7768-8e76-bea7eef2c493,commercial_manager,SEVEN SEAS OIL HK LTD,HONG KONG,2013-08-28
015a8c40-07f8-7e2e-8a80-765510e93527,commercial_manager,PACIFIC SHIP MANAGEMENT CO LTD,JAPAN,2025-09-05
0177ecb4-6f80-7c55-83f2-ce5870c1ccaa,commercial_manager,HONG KONG MING WAH SHIPPING CO LTD,HONG KONG,2025-11-11
0185a358-cd00-74d5-a601-8c985b42adbe,commercial_manager,STEAM LINE MIDDLE EAST SHPG,UNITED ARAB EMIRATES,2023-02-22
014e46f4-c820-7bd9-b90c-6ffc88db9c3e,commercial_manager,OCEAN LONGEVITY SHIPPING MANAGEMENT CO LTD,HONG KONG,2005-01-03
014e46eb-5240-7c9e-b467-46d245d08aaa,commercial_manager,TMS DRY LTD,GREECE,2015-09-10
01808738-46f0-7645-b478-2c183ac27b24,commercial_manager,COSCO SHIPPING ENERGY TRANS,CHINA,2024-04-26
014e46f6-4ad8-78dd-96e7-02ad880fc326,commercial_manager,KHARIS SHIPPING CO LTD,REPUBLIC OF KOREA,2016-02-22
014e46ea-d540-7866-b3b9-0b89a992adca,commercial_manager,SITC SHIPPING MANAGEMENT,CHINA,2015-03-10
01961929-bd40-7f2f-910d-ad1290b32791,commercial_manager,FUKUJIN KISEN KK,JAPAN,2025-04-25
018fb7d1-f770-715a-9a8c-3979aeaad430,commercial_manager,NAMSUNG SHIPPING CO LTD,REPUBLIC OF KOREA,2024-06-19
014e4705-1018-7efd-8a87-b7547c67ff20,commercial_manager,GOLDEN LION SHIPPING CO LTD,HONG KONG,2014-09-01
014e47e8-1930-725f-b5b5-7cf445fe4077,commercial_manager,CHINA MERCHANTS RORO TRANS,CHINA,2011-12-05
01774777-41f0-745b-8ef9-07c28c0b4880,commercial_manager,MAERSK AS,DENMARK,2021-04-15
01694513-61e0-7d70-a8f1-7f6e210783ab,commercial_manager,VIET THUAN TRANSPORT CO LTD,VIETNAM,2019-01-02
01963712-7658-78bd-b2ce-885e48622b8c,commercial_manager,OCEAN NETWORK EXPRESS PTE LTD,SINGAPORE,2025-06-30
014e4abe-43a0-7d41-8754-0d1baba18dbc,commercial_manager,FORMOSA PLASTICS MARINE CORP,TAIWAN,2010-04-28
019134eb-7d70-7e62-8052-9170d6f00068,commercial_manager,ZHEJIANG ANJI MARINE TECHNOLOGY CO LTD,CHINA,2024-08-23
014e4748-5aa8-7f9b-9413-26e93ad9ec10,commercial_manager,PANASIA SHIPPING CO LTD,CHINA,2017-12-01
0180873b-2168-717c-bb21-851e3a3ef294,commercial_manager,VIET THUAN TRANSPORT CO LTD,VIETNAM,2018-10-08
014e483d-e9f0-731f-a8e4-6d1206686857,commercial_manager,MARAN TANKERS MANAGEMENT,GREECE,2020-12-17
0186598d-5118-78b4-bc17-a99ee7170408,commercial_manager,NISSEN KAIUN CO LTD NISSEN KAIUN KK,JAPAN,2023-03-14
014e49d5-cfd0-7231-b6da-8c193e247abb,commercial_manager,WINNING ALLIANCE S PTE LTD,SINGAPORE,2021-01-15
01647e42-c758-78a7-9fd3-b4a123a13bdc,commercial_manager,NAVIOS CONTAINERS MANAGEMENT INC,MARSHALL ISLANDS,2018-12-07
014e4764-04b0-79ee-ae73-60cd18a29d3d,commercial_manager,FORMOSA PLASTICS MARINE CORP,TAIWAN,2013-06-25
014e46ec-a618-7a22-8038-90230147cbcd,commercial_manager,NINGBO ZHUNXING SHIPPING CO LTD,CHINA,2018-04-09
014e46ec-09d8-7b89-9ebf-77ed002c61e6,commercial_manager,CMA CGM SA THE FRENCH LINE,FRANCE,2013-04-16
0180874c-8e58-782e-b9b1-68478c4fc791,commercial_manager,GEMADEPT SHIPPING LTD CO,VIETNAM,2017-09-26
014e471b-3be0-75c7-b3b5-4f7033a0d245,commercial_manager,COSCO SHIPPING BULK LTD,CHINA,2019-12-01
019342c8-2bf8-70bb-84b5-ffe2334766da,commercial_manager,NISSEN KAIUN CO LTD NISSEN KAIUN KK,JAPAN,2025-01-15
014e4818-c238-7c7d-a641-64843f3c636e,commercial_manager,FUJIAN HENGFENG SHIPPING CO LTD,CHINA,2022-11-01
01692d7e-1ed0-7713-9c24-5e3ae1b59215,commercial_manager,TOSHIN KISEN CO LTD,JAPAN,2019-03-28
014e4bc9-d7a0-7ef2-acaa-43e93920bd40,commercial_manager,FANGCHENGGANG CITY HENGSHENG,CHINA,2012-04-05
017becd3-b698-737b-a206-c14992c9032a,commercial_manager,WAN HAI LINES LTD,TAIWAN,2021-10-29
014e503e-e8e8-7a56-9de0-506a156e781b,commercial_manager,HUIZHOU HUAYI RONGSHENG SHIPPING CO LTD,CHINA,2024-06-14
014e46ea-0a20-7d28-8aba-41510b11d7a9,commercial_manager,DANAOS SHIPPING CO,GREECE,2024-07-08
01896ce7-b1d8-7c00-a095-20ccf25e8782,commercial_manager,TODA KISEN K K,JAPAN,2023-09-25
014e47c4-2610-78c3-bc98-0a00acb0a9c8,commercial_manager,NEPTUNE SHIPMANAGEMENT SERV,SINGAPORE,2013-09-13
017ff90a-8e88-7833-b818-7d96b1f44c7f,commercial_manager,KYOWA KISEN CO LTD,JAPAN,2022-04-28
019801fb-53e8-7132-bd2f-6bb0ac793f11,commercial_manager,MSC MEDITERRANEAN SHIPPING CO,SWITZERLAND,2025-09-08
01807ded-c098-7046-8d1d-0b88018516fb,commercial_manager,DANDONG MARINE SHIPPING CO LTD,CHINA,2022-06-08
019ac8e2-eb90-7986-a39d-cb7dd715891b,commercial_manager,ARAB MARITIME PETROLEUM TRANS,KUWAIT,2026-01-21
014e4764-0c80-7b4c-94c5-dbb0e47036b9,commercial_manager,CMA CGM SA THE FRENCH LINE,FRANCE,2025-06-19
014e46eb-1b90-738d-8638-69d6025c755e,commercial_manager,VIET THUAN TRANSPORT CO LTD,VIETNAM,2024-01-08
016878c9-f158-7981-be7c-5deaa0083fd7,commercial_manager,CHIMBUSCO,CHINA,2019-02-28
018625bc-68b0-7783-8afb-7e2b72badfe2,commercial_manager,SHANDONG SHIPPING CORP,CHINA,2023-03-08
015ea1ac-c8e8-756d-a14c-01fa3ea43b90,commercial_manager,SHIH WEI NAVIGATION CO LTD,TAIWAN,2012-11-10
0181f022-2ec8-7ffb-af9f-ca0cc04697d3,commercial_manager,WAN HAI LINES LTD,TAIWAN,2022-08-08
014e46eb-5240-7dc4-8657-f32376a5b0dc,commercial_manager,MAERSK AS,DENMARK,2015-04-13
018ca994-ced8-72e0-a7e7-4cd9dbaa2b55,commercial_manager,ZHOUSHAN HEXING SHIPPING CO LTD,CHINA,2024-01-18
0150e64f-9a60-70dc-978f-c8867fc3502d,commercial_manager,CHINA OILFIELD SERVICES LTD COSL,CHINA,2015-12-16
014e4712-9508-7d10-bb1c-0a899d44cf5b,commercial_manager,NAVIOS CONTAINERS MANAGEMENT INC,MARSHALL ISLANDS,2018-11-19
014e484b-a1a8-7198-8e3b-6964028f5459,commercial_manager,SALAM PACIFIC INDONESIA LINES,INDONESIA,2017-05-01
0168fb5f-dfd8-7b77-bd8d-8689d0283b5f,commercial_manager,DALIAN CHUN AN SHIP MGMT CO,CHINA,2021-03-05
014e47c3-0118-78a0-8ef4-885ca22b72d9,commercial_manager,WILHELMSEN AHRENKIEL SHIP,GERMANY,2025-07-25
017d7e23-d7d0-7922-ad2e-ca1e7b9c1e6c,commercial_manager,BHP BILLITON FREIGHT SINGAPORE,SINGAPORE,2023-11-21
018379ee-54f0-7cf3-b9de-edc27a17702a,commercial_manager,HOA PHAT DUNG QUAT STEEL JSC,VIETNAM,2023-01-13
0191a804-b330-7a82-9d2f-4e68ca53b84a,commercial_manager,ZHOUSHAN HEXING SHIPPING CO LTD,CHINA,2024-04-07
018c5669-7cb8-76f5-a046-dc3fa36098ad,commercial_manager,CHIMBUSCO,CHINA,2023-12-28
0154bcbc-2318-71dd-b989-5aa04d567736,commercial_manager,NISSEN KAIUN CO LTD NISSEN KAIUN KK,JAPAN,2016-07-12
015d6269-81e0-758c-8a4c-e403363ca279,commercial_manager,MITSUI OSK LINES LTD,JAPAN,2017-08-31
0173f0f2-7b90-770a-a34b-7b6240cfe33f,commercial_manager,SINOKOR MERCHANT MARINE CO LTD,REPUBLIC OF KOREA,2020-07-24
0190054e-8b80-7441-b3d4-df99bc927454,commercial_manager,HMM CO LTD,REPUBLIC OF KOREA,2024-07-01
018c94ad-13e0-766c-a6d4-f0939c652967,commercial_manager,FAREAST TRANSPORT CO LTD,JAPAN,2024-01-31
014e4ed6-e8c0-73ce-8197-f3a199975b2b,commercial_manager,DALIAN HAIDA INTERNATIONAL FLEET MANAGEMENT CO LTD,CHINA,2023-05-05
0169e638-a5d0-7e24-9166-6c548842a670,commercial_manager,COSCO HK SHIPPING CO LTD,CHINA,2011-03-09
016cefc7-b390-7e98-972c-cd8f45e7562b,commercial_manager,USUI KAIUN KK,JAPAN,2019-10-31
014e4798-ad28-72b7-9b44-f97a9c715f04,commercial_manager,OFFSHORE OIL ENGINEERING CO,CHINA,2006-12-20
014e4725-c718-7327-b109-9be193859b8d,commercial_manager,PACIFIC INTERNATIONAL LINES,SINGAPORE,2015-05-07
018ba234-acb8-7311-954a-f3f9e5aef056,commercial_manager,SHIKISHIMA KISEN KK,JAPAN,2023-09-19
019882af-e3f0-7507-bcb5-4d308629f161,commercial_manager,MAERSK AS,DENMARK,2018-03-27
014e46f1-9ba0-7098-8caa-a3c42ee71fc5,commercial_manager,CALLANY,CHINA,2012-09-20
014e46eb-6d98-74ad-bbcf-e8f05d5e568d,commercial_manager,SHANGHAI JINJIANG SHPG GROUP,CHINA,2014-09-01
0175f2b0-abd0-775b-a171-174fc34d4a3f,commercial_manager,HAPAG-LLOYD AG,GERMANY,2016-03-03
014e46fa-b7a8-7475-91b6-3e5bd9965d68,commercial_manager,MAERSK AS,DENMARK,2019-04-02
014e48ac-c0f0-72c6-a588-b07b68ed1116,commercial_manager,SITC SHIPPING MANAGEMENT,CHINA,2019-05-08
018f23e6-ea98-7052-ba5e-e22db24a513f,commercial_manager,HACT LTD,VIETNAM,2024-05-22
014e46ea-0e08-798a-8db8-57e3c5253313,commercial_manager,MAERSK AS,DENMARK,2015-02-01
016c947b-14f0-769c-a886-7322fae78094,commercial_manager,SHANGHAI ZHONGGU LOGISTICS CO,CHINA,2019-09-12
0174061a-9ae8-7317-b512-719d377bc891,commercial_manager,SHENZHEN SOUTHERN CHINA LPG SHIPPING CO LTD,CHINA,2011-11-02
014e46ee-6750-796d-9247-4cbdceb8798d,commercial_manager,COSCO SHIPPING DEVELOPMENT,CHINA,2005-09-19
014e46fb-8e80-7bb6-bd0e-0fd3abdd4299,commercial_manager,GUANGDONG SHIPPING CO LTD,CHINA,2007-07-10
01822507-fa00-736e-b575-8717b43f6f11,commercial_manager,EVERGREEN MARINE CORP,TAIWAN,2022-10-28
0189073f-1128-7a49-8e0a-df65b560712c,commercial_manager,JIANGSU LINZHOUYANG SHIPPING,CHINA,2022-01-12
0171ed31-f758-793e-b0e3-2f45fad89e19,commercial_manager,THANH HOA PORT JSC,VIETNAM,2022-07-01
01758c58-4af0-795c-bcfb-1b4f0a6d1170,commercial_manager,COSCO SHIPPING BULK LTD,CHINA,2020-12-18
014e484b-5b58-7f62-9d8b-688e74e409e5,commercial_manager,YANG MING MARINE TRANSPORT CORP,TAIWAN,2006-10-31
01519ee0-ee80-72e9-a85e-00f158bc1acd,commercial_manager,FIRST STEAMSHIP CO LTD,TAIWAN,2016-01-19
01815c19-2a10-7c61-add0-97bba8857017,commercial_manager,TS LINES LTD,TAIWAN,2019-09-16
014e46ea-e8c8-7bc7-9c32-2ffb4e4ee709,commercial_manager,COSCO SHIPPING DEVELOPMENT,CHINA,2014-09-02
014e4b7a-b9b8-7af6-a39b-778b9ccb10ee,commercial_manager,NANJING SHENGHANG SHIPPING CO LTD,CHINA,2024-04-26
014e4d27-f870-7eda-bf3a-72f98cc77820,commercial_manager,MERCURIA ENERGY GROUP LTD,SWITZERLAND,2023-03-15
017b3a33-26e0-732c-a43e-fe5a065edcc1,commercial_manager,TODA KISEN K K,JAPAN,2021-09-16
014e4723-7940-73d1-a05e-109feb6ee171,commercial_manager,FORMOSA PLASTICS MARINE CORP,TAIWAN,2011-12-27
014e4902-a538-7d06-af27-52878dd67e33,commercial_manager,CONCHART COMMERCIAL INC,GREECE,2020-10-29
016e5d86-6498-761d-b80a-4759ca6f9652,commercial_manager,GOODWILL MARITIME PTE LTD,SINGAPORE,2020-02-18
017940fe-6b30-7923-88d4-d57e17ef24fb,commercial_manager,MAERSK AS,DENMARK,2021-06-15
014e4773-00a0-72a0-a0f1-c83fc40f33ff,commercial_manager,MERATUS LINE,INDONESIA,2023-10-05
014e4abb-d688-7997-a1a4-54d9d2f73c90,commercial_manager,PACIFIC INTERNATIONAL LINES,SINGAPORE,2012-06-22
014e4799-5908-7825-82ff-e8a8521bd797,commercial_manager,HAINAN RAILWAY CO LTD,CHINA,2019-01-01
014e46ef-22d0-721b-b7b2-10ef619b99b5,commercial_manager,ORIENT OVERSEAS CONTAINER LINE,HONG KONG,2024-05-24
014f87b5-0a68-7c8d-ba35-c92793d4409a,commercial_manager,MARMARAS NAVIGATION LTD,GREECE,2016-02-25
014e4712-9120-79b6-953e-1c180b980878,commercial_manager,MITSUI OSK LINES LTD,JAPAN,2011-09-16
014e4704-1230-7973-a46d-126e4d2011b7,commercial_manager,UMING MARINE TRANSPORT CORP,TAIWAN,2015-05-01
01887f9d-5b58-792e-8073-b25a1cbec059,commercial_manager,TEH SHIPPING LINES CO LTD,TAIWAN,2023-07-25
01857755-fc50-7437-aed5-bc9273f40fcc,commercial_manager,NYK LINE,JAPAN,2010-06-01
014e47f8-af48-7ea9-9cca-9eda68a483af,commercial_manager,VIMC SHIPPING CO,VIETNAM,2018-06-15
014e46f3-1688-70c6-bc98-8ae0628cf90b,commercial_manager,UNITED SHIPPING CO LTD,VIETNAM,2025-09-10
01904e28-5b10-721d-88cc-130edaf07c72,commercial_manager,CARRAS HELLAS SA,GREECE,2024-08-08
019cbd0d-e390-7251-af63-563af3a423d3,commercial_manager,OSM SHIP MANAGEMENT PTE LTD,SINGAPORE,
014e4700-87f0-7457-9fce-f0fe8d622d6e,commercial_manager,DEYUAN SHIPPING CO LTDHKG,HONG KONG,2019-06-21
014e4b1e-5d30-78eb-925f-cd872881cfea,commercial_manager,COSTAMARE SHIPPING CO SA,GREECE,2020-12-17
014e536b-5178-7aac-8aee-ebf06e7b8d31,commercial_manager,DAIICHI CHUO NAIKKO KAISHA,JAPAN,2010-12-22
0193999a-8930-711f-9544-62b14e9e2d4e,commercial_manager,SHANGHAI TIME SHIPPING CO LTD,CHINA,2012-12-20
0179dab5-0518-7cf0-8a27-62513ed9cafb,commercial_manager,ASSOCIATED MARITIME CO HK LTD,HONG KONG,2021-07-20
014e495b-e8c8-7823-92d5-2bcfdac9bb54,commercial_manager,MSC MEDITERRANEAN SHIPPING CO,SWITZERLAND,2022-11-05
01523363-e5f8-7f75-8dad-cd898bbb9d86,commercial_manager,PAN OCEAN SHIPPING CO,REPUBLIC OF KOREA,2025-06-19
0186c9d9-6100-76a1-a234-2275a64c39ef,commercial_manager,TIANJIN SOUTHWEST MARITIME LTD,CHINA,2021-05-10
014e46ff-2860-736b-8460-e19dca403a7b,commercial_manager,FIRST STEAMSHIP CO LTD,TAIWAN,2015-08-20
0180873c-e2a0-7687-b4ac-2890b9e17e27,commercial_manager,DALIAN SENYI SHIPPING LTD,CHINA,2021-12-01
018ea3ae-1270-785b-8c86-0120ad2f3dbc,commercial_manager,RONGCHENG LUTAI SHIPPING CO,,2024-05-17
019cc0f7-9cf8-7511-a7bb-d9436f6b4881,commercial_manager,TMS DRY LTD,GREECE,2026-04-02
014e46f8-8910-730b-9cbc-1d6b7f46c4d9,commercial_manager,FESCO,RUSSIA,2021-12-08
01898a7b-8490-7f39-8999-47bed3552332,commercial_manager,SINOKOR MERCHANT MARINE CO LTD,REPUBLIC OF KOREA,2023-08-22
0182f78b-0760-7de3-a987-95870a5d2a2e,commercial_manager,RUICO GUANGDONG SHIPPING & LOGISTICS CO LTD,CHINA,2022-11-24
018f2755-d680-7335-b970-563f7dd31e81,commercial_manager,TODA KISEN K K,JAPAN,2024-06-12
014e47da-d6a8-7e84-b795-9656b58dcac9,commercial_manager,SEASPAN SHIP MANAGEMENT LTD,CANADA,2015-06-29
014e4745-8fd0-7f0e-a1cf-2b47267f8458,commercial_manager,KOREA MARINE TRANSPORT CO LTD KMTC,REPUBLIC OF KOREA,2020-04-29
0193aee3-fbc8-70c8-ae0c-83dc0cb641bd,commercial_manager,SK SHIPPING CO LTD KRS,REPUBLIC OF KOREA,2025-03-31
0173223e-ecc0-7a1b-9915-8e12a99ddf8d,commercial_manager,KOTOKU KAIUN CO LTD,JAPAN,2020-12-07
01616472-7088-77ae-bd73-19848319f969,commercial_manager,EVERGREEN MARINE CORP,TAIWAN,2018-03-02
01656a40-42e8-712a-9ab9-c2e70e147614,commercial_manager,TOKEI KAIUN KK,JAPAN,2018-09-11
01921655-54c0-7b5d-8089-8782478bbbdd,commercial_manager,EVERGREEN MARINE CORP,TAIWAN,2024-10-11
018087c4-a488-7827-b18f-5c83a2e81383,commercial_manager,ZHEJIANG ZHONGTUP SHIPPING,CHINA,2017-12-01
014e46ed-80d8-771a-a0e3-a1415a88a9b7,commercial_manager,SHANGHAI JUNZHENG SHIPPING,CHINA,2020-03-30
0196f8e3-9e88-7ea8-8394-1ad70c8dc47a,commercial_manager,HUIZHOU HUAYI RONGSHENG SHIPPING CO LTD,CHINA,2025-06-10
0186acb1-86e8-71ce-ae9c-dbc3cf763a30,commercial_manager,HAINAN HAISHENG SHIPPING CO LTD,CHINA,2018-09-25
014e46fb-09b0-7436-a582-df0559deb279,commercial_manager,HAINAN STRAIT SHIPPING CO LTD,CHINA,2014-02-18
014e4712-1038-7cf1-9dfa-9c4f8b59cf3f,commercial_manager,COSCO SHIPPING BULK LTD,CHINA,2019-05-02
014e46ef-ab88-7ce8-98bc-9350c9624d1c,commercial_manager,DOEHLE SHIPMANAGEMENT PTE LTD,SINGAPORE,2024-06-28
016aaf7e-f818-742a-9a62-508a4cad934b,commercial_manager,EVERGREEN MARINE CORP,TAIWAN,2019-06-21
014e46f4-7de8-7bda-9f8d-034c43faee43,commercial_manager,SITC SHIPS MANAGEMENT CO LTD,CHINA,2021-04-02
014e47a4-49d0-7927-ba3f-5b99c44cc5c9,commercial_manager,CIDO SHIPPING AND TRADING CO,HONG KONG,2010-07-02
018d49d1-f100-7b1f-acf2-2e2134edc758,commercial_manager,FIRST MARINE SERVICE CO,JAPAN,2024-03-11
01550ef6-1ff8-7b22-9dd7-54c8a5ed706a,commercial_manager,CMA CGM SA THE FRENCH LINE,FRANCE,2025-07-01
01645def-57a0-78c1-a314-87b5debee2c5,commercial_manager,AMA MARINE PCL,THAILAND,2023-12-13
014e4798-95b8-780d-b18f-48a403871e33,commercial_manager,COSCO SHIPPING LINES CO LTD,CHINA,2012-06-17
016b59b8-8f60-7297-9dd4-ac5b48118066,commercial_manager,CLDN COBELFRET PTE LTD,SINGAPORE,2019-06-28
014e46f6-fe88-74ee-9a3d-140ab8e6ac1a,commercial_manager,ZHEJIANG YONGHANG SHIPPING CO LTD,CHINA,2009-12-17
014eae60-8148-7960-8270-75c8c59d4d29,commercial_manager,CMA CGM ASIA SHIPPING PTE LTD,SINGAPORE,2021-07-16
016edc3a-94a8-7d30-9b21-af48816d76db,commercial_manager,NISSEN KAIUN CO LTD NISSEN KAIUN KK,JAPAN,2020-01-10
018088d6-e778-732e-b3d8-06bd99743a25,commercial_manager,GUANGZHOU SALVAGE BUREAU,CHINA,1999-01-01
014e47a7-7268-7801-b33f-3d875e11b589,commercial_manager,AMA MARINE PCL,THAILAND,2017-02-27
014e47ca-7740-7def-83e4-b0a285d1b475,commercial_manager,WAN HAI LINES LTD,TAIWAN,2013-04-10
014e46f4-fed0-75ab-b2c0-ce20dcea251a,commercial_manager,NYK LINE,JAPAN,2023-08-02
014e46ec-82f0-7e8f-92f8-782c5a51dcb7,commercial_manager,COSCO SHIPPING DEVELOPMENT,CHINA,2013-03-12
0194ced0-1150-7c6b-aa24-dd055d55466a,commercial_manager,QUANZHOU ANSHENG SHIPPING CO LTD,CHINA,2013-01-01
014e4cf2-3e88-756f-8a76-46af46a4aa49,commercial_manager,NHAT VIET TRANSPORTATION CORP,VIETNAM,2021-12-21
014e47b5-5130-78f5-a5ee-a25f8bd1bd9c,commercial_manager,NYK LINE,JAPAN,2000-03-01
01872719-f000-74de-99e8-d8c033f626e8,commercial_manager,SINOKOR MERCHANT MARINE CO LTD,REPUBLIC OF KOREA,2021-08-02
014e4c20-f850-7c3d-9056-d2545db85dc8,commercial_manager,SOARING DRAGON ENTERPRISE,CHINA,2024-04-26
0180c0f5-d8f8-7161-b609-9bac1e96c648,commercial_manager,CHIMBUSCO,CHINA,2022-06-22
014e46f9-e8a0-766a-a3e1-a7dce528bf54,commercial_manager,SITC SHIPS MANAGEMENT CO LTD,CHINA,2012-10-22
014e4819-8970-7492-b4de-d8cff62130aa,commercial_manager,COSCO SHIPPING ENERGY TRANS,CHINA,2019-11-21
014e46fc-80b0-7c9a-88b7-0163a57240ab,commercial_manager,SOKI KISEN KK,JAPAN,2007-09-01
014e46fa-b3c0-7d8f-b59a-18171600fb21,commercial_manager,MAERSK AS,DENMARK,2015-02-01
014e46f1-5d20-73cb-8454-a5ab9d425a6d,commercial_manager,SOARING DRAGON ENTERPRISE,CHINA,2024-04-26
015667fa-ec68-77ac-af8c-b1f661e93d79,commercial_manager,COSCO SHIPPING ENERGY TRANS,CHINA,2019-06-26
014e471d-62a8-76d1-9719-07cc53c762e1,commercial_manager,PAN OCEAN SHIPPING CO,REPUBLIC OF KOREA,2019-12-01
01742e02-da48-7b8f-836c-993dac77e74c,commercial_manager,WAN HAI LINES LTD,TAIWAN,2020-10-15
0197f6b1-b1d0-791d-8673-a0078b3e75a9,commercial_manager,SHENZHEN OCEAN SHIPPING CO LTD,CHINA,2025-09-28
014e4734-7cb8-73a1-82a4-d2384489f330,commercial_manager,HAINAN RAILWAY CO LTD,CHINA,2018-02-01
01808739-2980-752d-9290-a238ac86e5e1,commercial_manager,MOLLER SINGAPORE AP PTE LTD,SINGAPORE,2024-03-12
014e4854-f460-7d77-bff6-22a96e6294cc,commercial_manager,ANDALAS BAHTERA BARUNA,INDONESIA,2021-11-15
014e4752-12f0-7fa1-9b07-ac648430a556,commercial_manager,YURI SHIPPING SA,PANAMA,2014-01-01
014e46ff-7298-7300-a203-24bc20d1e580,commercial_manager,TRUONG LONG VN JSC,VIETNAM,2025-05-06
014e4852-f4a8-76d6-9447-6d0318c7b6c3,commercial_manager,TRUONG LONG VN JSC,VIETNAM,2024-08-01
014e46ef-9be8-702f-a4c3-0bad3173f282,commercial_manager,NYK LINE,JAPAN,1998-03-25
014e53c1-d200-76b1-9ade-82b9d7b50dba,commercial_manager,SHENZHEN HUAWEI OFFSHORE,CHINA,2009-12-01
019376c2-8d90-7cca-82c9-c2465c76c89e,commercial_manager,XINGTONG SHIPPING CO LTD,CHINA,2024-12-13
014e4875-3e00-75b0-97ac-878f31749bbd,commercial_manager,CONCHART COMMERCIAL INC,GREECE,2020-05-01
014e46ea-6010-766a-a572-e98c0fee4f48,commercial_manager,YANG MING MARINE TRANSPORT CORP,TAIWAN,2005-07-15
014e47c4-c250-743c-adc8-5a0226ab34b1,commercial_manager,PACIFIC INTERNATIONAL LINES,SINGAPORE,2009-05-20
01899bd4-5050-7ac6-9df9-0dc00042c17d,commercial_manager,HOA PHAT DUNG QUAT STEEL JSC,VIETNAM,2023-09-12
01808792-e628-7de6-8261-9657063741f8,commercial_manager,SEAGULL CORP,VIETNAM,2017-04-07
014e4711-fcb0-7f69-9b9e-718367bff3e8,commercial_manager,COSCO SHIPPING LINES CO LTD,CHINA,2012-06-18
014e47f5-3890-78bd-910e-657e57774769,commercial_manager,RCL SHIPMANAGEMENT PTE LTD,SINGAPORE,2005-04-19
01894482-18a0-74ae-aaae-8f874ec5d78d,commercial_manager,TS LINES LTD,TAIWAN,2023-08-15
01808738-4308-7a6f-8d53-31647f5e052e,commercial_manager,SITC CONTAINER LINES CO LTD,CHINA,2012-01-05
0196dc64-1a30-700a-9141-91c5f3a1ab05,commercial_manager,TODA KISEN K K,JAPAN,2025-06-26
014e4749-b268-7170-8e07-7948694d84ea,commercial_manager,VIET THUAN TRANSPORT CO LTD,VIETNAM,2025-06-18
014e46f4-2fc8-7cae-8cde-531640b7b0fc,commercial_manager,CIDO SHIPPING AND TRADING CO,HONG KONG,2006-06-02
014e47a2-c330-736a-90a7-43da5eb1e46c,commercial_manager,AMA MARINE PCL,THAILAND,2018-03-07
014e46eb-65c8-76eb-8cfd-05a56a368a1a,commercial_manager,VELOS DRY LTD,GREECE,2024-06-06
014e9f18-4220-7a43-bf5c-d4f4c5765122,commercial_manager,BW LPG PTE LTD,SINGAPORE,2023-11-21
01808739-fc70-79df-86c2-dec738284360,commercial_manager,COSCO SHIPPING DEVELOPMENT,CHINA,2005-08-22
017ac282-05f8-7ff6-972c-4a7b1f2bdd5e,commercial_manager,USUI KAIUN KK,JAPAN,2021-09-22
016106e1-5858-71d2-a2c8-2eaabed21a40,commercial_manager,FAIRMONT SHIPPING HK LTD,HONG KONG,2022-07-25
0176211a-1088-7902-9510-6c36d82e71d2,commercial_manager,COSTAMARE SHIPPING CO SA,GREECE,2021-02-04
014e46ea-f868-7390-9f9f-bf53d43b5475,commercial_manager,NINGBO HEZHONG SHIPPING CO LTD,CHINA,2016-12-23
014e4704-6438-7b91-aafe-0e4ea47c6659,commercial_manager,OSM SHIP MANAGEMENT PTE LTD,SINGAPORE,2024-12-07
014e46f7-2598-7034-ae0e-5120be3e8b00,commercial_manager,VTB HAI AU CO LTD,VIETNAM,2026-01-30
019bea1d-d3f0-7844-893b-65a471e7e57d,commercial_manager,ZHEJIANG HONGRUN SHIPPING CO,,2026-02-01
01856ab1-a080-7922-8044-3fab395d6c76,commercial_manager,KITAURA KAIUN KK,JAPAN,2023-01-11
014e46ed-d6c8-7652-a64c-57f95ffbdc70,commercial_manager,AMA MARINE CO LTD,THAILAND,2017-08-30
01756803-e0b0-700e-8e91-05db45d98535,commercial_manager,ZHEJIANG DONGRUN SHIPPING,CHINA,2021-03-30
017ac1dd-26f0-73f7-bc30-83d4ace74cfc,commercial_manager,MAERSK AS,DENMARK,2021-09-12
01836f7c-7538-78bb-a4f8-b734d170b26f,commercial_manager,HPS SHIP MANAGEMENT CO LTD,VIETNAM,2024-07-10
014e46f4-1c40-7926-a4be-70fbe18b0f5e,commercial_manager,TANGSHAN DONGFANG SHIPPING,CHINA,2020-11-24
014e4717-09a8-7c07-8092-53a252ad895c,commercial_manager,BRUNEI GAS CARRIERS SDN BHD,BRUNEI,2014-11-13
016b452a-cf90-7ef2-997e-268e3baca64e,commercial_manager,MSC MEDITERRANEAN SHIPPING CO,SWITZERLAND,2019-07-04
01827b44-1660-73f4-8719-bb8f49c451aa,commercial_manager,FLEET SHIP MANAGEMENT PTE LTD,SINGAPORE,2022-09-21
014e46ec-a230-7b66-885c-39c409662568,commercial_manager,SINOKOR MARITIME CO LTD,REPUBLIC OF KOREA,2026-04-02
0164fbcd-2150-7757-b45d-1211d2bd646e,commercial_manager,LUCKY IMPACT LTD,HONG KONG,2025-01-07
016eb0dd-b088-7ffe-ba82-be24b5148f1a,commercial_manager,SWIRE SHIPPING PTE LTD,SINGAPORE,2020-01-17
019a2354-9c78-7483-a135-ffb991d37ef9,commercial_manager,WALLEM SHIPMANAGEMENT LTD,HONG KONG,
014e7411-a008-7aa0-b882-0bd8ad9a7f83,commercial_manager,DALIAN SENYI SHIPPING LTD,CHINA,2022-09-16
018097dd-6e68-79d7-b0b2-d32d62677030,commercial_manager,QUYET TAM SHIPPING CO LTD,VIETNAM,2019-05-01
014e47d6-eea8-7401-98b6-8653b320fabb,commercial_manager,DRACO BUREN SHIPPING PTE LTD,SINGAPORE,2025-08-24
019a4d0b-75a0-7712-9eab-c46e53d8d2af,commercial_manager,SHANGHAI SEACON OCEAN SHIPS MANAGEMENT CO LTD,CHINA,
0191dd12-3a48-786a-bec6-245b3caa44f5,commercial_manager,HUBEI CHUDAO WATERWAY TRANS,CHINA,2019-11-05
015185db-1be0-798e-993b-3442a0621638,commercial_manager,XINGTONG SHIPPING CO LTD,CHINA,2015-12-17
018a32d1-d130-72fd-8c66-726dc1cfc8af,commercial_manager,PAN OCEAN SHIPPING CO,REPUBLIC OF KOREA,2023-08-31
014e4daa-0180-7557-9b7b-2c8cadf802ed,commercial_manager,BERNHARD SCHULTE SINGAPORE,SINGAPORE,2022-04-25
014e46ec-57f8-7d51-a8a7-b4dead8597ea,commercial_manager,HONGKONG HAIYAO SHIPPING CO,HONG KONG,2023-01-01
014e46ea-3900-7723-b86b-a96d73381221,commercial_manager,YONGSHUN SHIPPING MANAGEMENT,CHINA,2025-05-16
01808ba3-6d28-7a44-b8e6-a0413b1f5759,commercial_manager,HOANG GIA SHIPPING SERVICES,VIETNAM,2022-08-03
014e46ed-d6c8-7a0f-8744-a9cfaa9b1b5f,commercial_manager,FUZHOU SHIPPING GROUP CO LTD,HONG KONG,2025-11-14
014e5f19-6668-77da-93ac-8a09c8540d5f,commercial_manager,OCEAN STAR TRANSPORTATION,VIETNAM,2025-12-16
0160affd-f7a8-750e-ba22-320878ee96af,commercial_manager,SERENITY SHIP MANAGEMENT FZCO,UNITED ARAB EMIRATES,2022-07-25
019653f6-ded0-7c1e-8c19-db2976ce45fe,commercial_manager,YANTAI SHENGFA SHIPPING CO LTD,CHINA,2025-03-17
0197f832-fe88-772e-bdf1-e9b37b435bb8,commercial_manager,RUN XIANG SHIPPING CO LTD,CHINA,2024-09-16
01808739-6fd0-7369-8b82-d7b30fa65af9,commercial_manager,HMM CO LTD,REPUBLIC OF KOREA,2020-06-26
014e485f-6828-74f0-a8cd-af5e9d1998cd,commercial_manager,ZHOUSHAN ENJI SHIPPING DEVELOPMENT CO LTD,CHINA,2020-01-06
016e4509-d2b0-7f9b-a3ca-48458bd90411,commercial_manager,LOC NGUYEN SEA TRANSPORT,VIETNAM,2022-06-16
014e46ed-7cf0-7a4e-a9ab-4d4ea119410a,commercial_manager,HALCOUSSIS Z&G CO,GREECE,2025-11-18
014e46f2-c868-784f-9a4a-0531277370af,commercial_manager,SHANGHAI ZHENGDONG SHIPPING CO LTD,CHINA,2025-12-28
015e84fe-b2b0-7c22-8131-16a86c4adea4,technical_manager,QUANZHOU ANSHENG SHIPPING CO LTD,CHINA,2018-01-20
014e554b-d148-7763-b305-81353409f84e,technical_manager,CHINA OILFIELD SERVICES LTD COSL,CHINA,2011-12-16
014e46f6-0c58-733c-8b95-f7dbc1cb1b82,technical_manager,ORIENT OVERSEAS CONTAINER LINE,HONG KONG,2007-10-25
014e57f5-4668-70f7-b53f-0862b7111170,technical_manager,MSC SHIPMANAGEMENT LTD,CYPRUS,2023-10-25
014e46eb-5628-745d-a171-882c035e56cb,technical_manager,HACT LTD,VIETNAM,2020-12-22
018808dc-66d0-748d-9014-2fb195da4ec7,technical_manager,FLEET MANAGEMENT LTD HKG,HONG KONG,2023-07-07
0186086d-d870-7149-ae09-ebc38b6c5e61,technical_manager,ZODIAC MARITIME LTD,UNITED KINGDOM,2011-06-03
014e47b3-0f10-7396-ad8c-f9895b1dc774,technical_manager,BERGE BULK MARITIME PTE LTD,SINGAPORE,2021-10-28
017f96ad-05e0-7acf-9f46-6e743e4e5b47,technical_manager,DYNAGAS LTD,GREECE,2022-07-29
018fe606-9470-733a-af09-07a49bdffead,technical_manager,SITC SHIPPING MANAGEMENT,CHINA,2024-10-23
0171c4c2-ec28-7ba1-8fb7-4a481a85bc35,technical_manager,YANG MING SINGAPORE PTE LTD,SINGAPORE,2022-06-30
014e4723-5de8-7d30-841f-038683cc90f5,technical_manager,ANGLOEASTERN TANKER MGMTHKG,HONG KONG,2011-06-15
014e46eb-b000-7c8c-9234-86e252ee7ec0,technical_manager,CMA SHIPS SAS,FRANCE,2015-06-12
014e4789-18e0-79a8-8cab-9c56ecc3c798,technical_manager,SHANGHAI FUJIAN GUOHANG OCEAN SHIPMANAGEMENT,CHINA,2012-03-21
014e4765-0a68-7871-97ce-96c7a993f26c,technical_manager,MSC MEDITERRANEAN SHIPPING CO,SWITZERLAND,
014e4703-a0e8-750c-9e9e-572ba464c4c4,technical_manager,SITC SHIPS MANAGEMENT CO LTD,CHINA,2022-09-19
0195ea7e-3ac0-70b7-8a42-d5b2cacf4683,technical_manager,EVERGREEN MARINE CORP,TAIWAN,2025-10-27
018fa93d-aab0-76e7-b0b5-b589ca0e1a30,technical_manager,VIET THUAN TRANSPORT CO LTD,VIETNAM,2024-06-27
0180873e-3a60-7dee-91ae-c09106db93c2,technical_manager,VIETNAM NATIONAL PETROLEUM CORP PETROL,VIETNAM,2016-08-23
014e46eb-17a8-72e8-bf44-12876e7b748e,technical_manager,MSC SHIPMANAGEMENT LTD,CYPRUS,2018-04-03
014e47af-f230-76b0-96fe-f184819b7ba4,technical_manager,GREAT CIRCLE SHIPPING AGENCY,THAILAND,2014-09-03
014e4704-3940-7bf1-be90-0cc2cc4fa0e9,technical_manager,K MARINE SHIP MGMT PTE LTD,SINGAPORE,2022-08-15
014e46ee-1160-7277-9436-2417d294aa70,technical_manager,MEDITERRANEAN SHIPPING CO SRL,ITALY,2014-09-02
014e46ea-c1b8-7111-9ffb-6349e70ccbd6,technical_manager,SHANGHAI OCEAN SHIPPING CO LTD,CHINA,2019-11-28
01591a98-1e70-766a-b801-c6bba6ceae44,technical_manager,COSMOSHIP MANAGEMENT SA,GREECE,2017-02-10
01742f6b-5770-703c-9e9a-07bb05ee511b,technical_manager,SHANGHAI ZHONGGU LOGISTICS CO,CHINA,2022-12-04
014e5233-46a8-7e9c-9ed9-ef1f33cd0b7d,technical_manager,YANG MING MARINE TRANSPORT CORP,TAIWAN,2009-01-08
014e4822-3fe8-7cb9-b9e2-7b03ef2e8e60,technical_manager,SHANGHAI OCEAN SHIPPING CO LTD,CHINA,2019-08-01
014e46ff-9d90-789c-a0e3-61329c05950b,technical_manager,RCL SHIPMANAGEMENT PTE LTD,SINGAPORE,2003-02-12
014e46f8-2f38-7225-8e82-f1ad0c03080a,technical_manager,MSC SHIPMANAGEMENT LTD,CYPRUS,2021-11-24
014e4746-2c10-728d-9bd1-b2fb8fa20e13,technical_manager,MSC MEDITERRANEAN SHIPPING CO,SWITZERLAND,
01571494-97a8-7164-9885-870c063d674e,technical_manager,HUIZHOU HUAYI RONGSHENG SHIPPING CO LTD,CHINA,2018-12-09
01909542-4678-74b0-81d4-5c5caa09c6b1,technical_manager,AGLAIA SEA TRANSPORT INC,PHILIPPINES,2024-08-08
018ff08f-6340-7306-9c8c-984c8f53dd2c,technical_manager,EUROBULK LTD,GREECE,2024-06-28
018d25e7-21e8-7de1-9a68-1248f984a255,technical_manager,JW SHIPPING CO LTD,REPUBLIC OF KOREA,2024-03-19
014e4acc-5d00-7c44-b22d-c72b6ac772eb,technical_manager,ZHOUSHAN SHENGRUN SHIPPING CO,CHINA,2024-11-27
01929a3c-0a18-794b-bc4b-6a25c4102b07,technical_manager,FLEET MANAGEMENT LTD HKG,HONG KONG,2024-11-25
014e46f7-8740-784d-a988-f6f202394ad4,technical_manager,EAST 33 MARITIME LTD,GREECE,2020-10-26
018089c4-e928-769b-ad5e-6cc36cf18456,technical_manager,ALLSEA DMCC JSC,VIETNAM,2019-11-18
0162e0b1-7120-76a2-ab71-24d15ab691c3,technical_manager,NYK SHIPMANAGEMENT PTE,SINGAPORE,2018-06-06
01826914-7a70-7515-a188-27e0b0dd1a24,technical_manager,FRIENDSHIP SHIPPING CO LTD,CHINA,2022-11-01
014e54bc-3790-7f00-984a-af4d2e801f00,technical_manager,SIAM LUCKY MARINE CO LTD,THAILAND,2009-02-25
0172bd3f-8460-7e1e-b34a-8af19ba33786,technical_manager,DY SMC CO LTD,REPUBLIC OF KOREA,2022-05-22
0187c5be-74b0-7011-8aa8-6b709b3ffec2,technical_manager,SITC SHIPPING MANAGEMENT,CHINA,2023-05-30
015c4781-6b78-78d4-920f-e14be60c7360,technical_manager,DORVAL SHIP MANAGEMENT KK,JAPAN,2017-06-16
01716c4b-62a0-7793-a518-84a97d3ff383,technical_manager,RUI YUAN GUANGZHOU SHIPPING CO,CHINA,2025-09-28
014e46eb-7950-74ef-8987-f9fb0e41d563,technical_manager,MAERSK AS,DENMARK,2015-05-06
015dab79-2e80-7f02-901b-e754787339b8,technical_manager,EVERGREEN MARINE CORP,TAIWAN,2017-09-03
016db3ab-4100-73e5-aa4b-7bba72b224a3,technical_manager,JW SHIPPING CO LTD,REPUBLIC OF KOREA,2019-10-30
014e479a-6a78-7442-a413-9444bc1dc2db,technical_manager,SITC SHIPPING MANAGEMENT,CHINA,2016-05-22
0194f390-7048-72db-b83a-e07547c3baad,technical_manager,EVERGREEN MARINE CORP,TAIWAN,2025-03-04
014e474b-19c8-7dcb-bd44-d296455903ea,technical_manager,HONG KONG HAICHANG HOLDINGS,CHINA,2024-06-06
017313d7-97b8-7435-8351-abf2f2744171,technical_manager,JW SHIPPING CO LTD,REPUBLIC OF KOREA,2022-05-07
014e46ea-6010-72c7-9456-6f79640304f6,technical_manager,MSC SHIPMANAGEMENT LTD,CYPRUS,2021-07-28
014e4749-3950-7741-b408-107a034aa030,technical_manager,SANDIGAN SHIP SERVICES INC,PHILIPPINES,2022-01-22
014e46ed-4a28-719e-bf1d-e1b5f0dfa3d2,technical_manager,ALPHA BULKERS SHIPMANAGEMENT INC,GREECE,2017-01-20
01851aaf-6b30-78ce-81e3-3dd7e6f390ac,technical_manager,SMTECH SHIP MANAGEMENT CO LTD,REPUBLIC OF KOREA,2023-05-12
014e46f5-c9f0-7c94-aa1d-2634fa057c1f,technical_manager,NOAH SHIP MANAGEMENT DMCCO,UNITED ARAB EMIRATES,2026-04-14
014e4bc8-7040-7968-aece-df1c38d8957a,technical_manager,CHINA SHIPPING CHEMICAL CARRIER CO LTD,CHINA,2013-05-06
01742ffc-8380-7976-b69f-ea98387beee8,technical_manager,KMTC SHIP MANAGEMENT CO LTD,REPUBLIC OF KOREA,2020-08-27
0190159e-72c0-772b-b022-366cc6a69e03,technical_manager,WAN HAI LINES SINGAPORE PTE,SINGAPORE,2024-07-09
018dd685-d2d8-7cbe-8a1f-eaa0d12fd6d1,technical_manager,HACT LTD,VIETNAM,2024-04-26
0168930a-7678-79d2-b2ab-4dd8389fa023,technical_manager,CHARTERWELL MARITIME SA,GREECE,2019-03-27
018ad9c4-a5d0-7cb4-a700-fd08843aa925,technical_manager,EASTERN PACIFIC SHIPPING PTE,SINGAPORE,2023-11-07
01521b61-71c8-7019-88f3-f1bc754af977,technical_manager,TMS DRY LTD,GREECE,2010-06-15
0180f4e7-9b88-7ab8-ab23-0f4aa7295c14,technical_manager,SITC SHIPPING MANAGEMENT,CHINA,2022-06-20
018f382c-1c30-7933-817c-137aabcdc4b0,technical_manager,MAGELLAN MARINE SOLUTIONS CO LTD,REPUBLIC OF KOREA,2024-05-28
014e4d75-5520-7e86-8957-21210dc9da64,technical_manager,DANAOS SHIPPING CO,GREECE,2007-09-01
014e4723-d318-78aa-93ae-af64a121e297,technical_manager,CMA CGM INTERNATIONAL SHIPPING,SINGAPORE,2018-05-24
014e46f0-a1a0-7256-a9cc-9cd3b719985a,technical_manager,SHANGHAI OCEAN SHIPPING CO LTD,CHINA,2013-09-16
014e48e1-1b48-78af-890e-a12b4fc0629a,technical_manager,YANG MING SINGAPORE PTE LTD,SINGAPORE,2022-03-15
014e46eb-5df8-7292-8612-52d2638fd04c,technical_manager,WILHELMSEN AHRENKIEL SHIP,GERMANY,2025-08-14
014e46eb-bbb8-7993-b31b-4fb500457a16,technical_manager,ORIENT OVERSEAS CONTAINER LINE,HONG KONG,2007-10-25
014e473e-8ed8-7a2c-a0d5-82905b1ba436,technical_manager,ASSOCIATED MARITIME CO HK LTD,HONG KONG,2022-04-11
017bbeba-5e10-7597-bb5b-7266002e615e,technical_manager,MSC MEDITERRANEAN SHIPPING CO,SWITZERLAND,
01924a9c-d488-7b40-a7d7-1d7764223d1c,technical_manager,MAGELLAN MARINE SOLUTIONS CO LTD,REPUBLIC OF KOREA,2024-10-23
014e4766-3b18-7875-b6d8-f7f3863de71e,technical_manager,NYK SHIP MANAGEMENT,JAPAN,2015-07-28
015cf6ce-b180-721d-8e5d-9cbf672d545c,technical_manager,FLEET MANAGEMENT LTD HKG,HONG KONG,2017-07-21
0180b67e-6f48-72ad-a2d5-da5870e9e0cf,technical_manager,ONESEA SOLUTIONS PTE LTD,SINGAPORE,2025-11-12
014e4c1d-1c08-7738-aba6-1b82a7d573aa,technical_manager,ORIENT OVERSEAS CONTAINER LINE,HONG KONG,2015-01-07
014e46f9-f070-79cf-a08a-9a8c3eea17c5,technical_manager,HONG KONG MING WAH SHIPPING CO LTD,HONG KONG,2012-06-01
014e46f2-a928-70ec-9c30-f36197e0efb7,technical_manager,WAN HAI LINES SINGAPORE PTE,SINGAPORE,2023-07-28
0183a85e-8bc0-7247-b018-f85148f716a0,technical_manager,TOEI KOREA LTD,REPUBLIC OF KOREA,2022-10-26
018c3813-8e98-73d4-81d7-723f6a75f8fd,technical_manager,HLINE SHIPPING CO LTD,REPUBLIC OF KOREA,2024-01-22
018325b7-72b8-7500-864c-16bbab7cf7fe,technical_manager,CHINA SHIPPING CHEMICAL CARRIER CO LTD,CHINA,2022-10-20
014e53df-73f0-75ab-beaf-c39906a01e15,technical_manager,ALLSEA DMCC JSC,VIETNAM,2022-02-07
014e4aac-d2c8-7c4b-8e2f-f7a95db4bf48,technical_manager,WILHELMSEN SHIP MGMT SDN BHD,MALAYSIA,2022-11-03
014e58b4-77b8-7cf9-ac3d-06ccc8b463a0,technical_manager,CMA SHIPS SAS,FRANCE,2009-03-19
014e46f1-8c00-70fc-aae1-0b4d2609e684,technical_manager,FRANBO SAGACITY SA,PANAMA,2021-12-10
014e48d5-8a58-7efd-b1dd-efc63cd0bcaf,technical_manager,BERNHARD SCHULTE SINGAPORE,SINGAPORE,2009-08-24
0174aed2-be68-7561-ba05-65475d20b9c1,technical_manager,YANG MING SINGAPORE PTE LTD,SINGAPORE,2021-09-21
014fa192-1e80-7ce2-a81b-e82042ab1d0e,technical_manager,HUIZHOU HUAYI RONGSHENG SHIPPING CO LTD,CHINA,2018-08-31
014e46ec-f820-7ef1-8ef4-06b5829960dd,technical_manager,KMTC SHIP MANAGEMENT CO LTD,REPUBLIC OF KOREA,2011-03-28
014e46ec-d8e0-7703-b992-ada4eaa3980d,technical_manager,V SHIPS GREECE LTD,GREECE,2019-11-29
014e46ea-e4e0-7df8-a473-524471254f95,technical_manager,MSC SHIPMANAGEMENT LTD,CYPRUS,2023-12-28
014e4702-9360-749a-86f3-a6f94e303949,technical_manager,GOLDEN UNION SHIPPING CO SA,GREECE,2012-06-26
018804ce-9338-70a5-9743-2145387e80b5,technical_manager,IOLCOS HELLENIC MARITIME ENTERPRISES CO LTD,GREECE,2023-06-05
014e5dd9-4548-72e4-ad11-419135092418,technical_manager,NHAT VIET MARINE SERVICE JSC,VIETNAM,2024-10-15
0191dee3-ed08-74bc-a89e-8e6ca4261823,technical_manager,SITC SHIPS MANAGEMENT CO LTD,CHINA,2024-09-27
014e4879-2dd0-7787-8333-072d18618487,technical_manager,PACIFIC INTERNATIONAL LINES,SINGAPORE,2016-07-28
014e46f1-41c8-7492-a374-c310539bbdd3,technical_manager,SHANGHAI OCEAN SHIPPING CO LTD,CHINA,2019-10-30
0166c31b-4fd8-7954-853e-d16ad11cf25e,technical_manager,SHANGHAI OCEAN SHIPPING CO LTD,CHINA,2018-12-11
014e46f2-0518-7aae-ad05-c0edc1b2835b,technical_manager,SWAN SHIPPING CORP,PHILIPPINES,2008-02-26
018ef4af-f4e0-79e0-bc17-a17654e787cd,technical_manager,SHANGHAI DINGHENG SHIP MGMT CO,CHINA,2025-08-29
014e4712-ac78-7cb1-a0e9-63525ff1b143,technical_manager,FORMOSA PLASTICS MARINE CORP,TAIWAN,2019-04-15
018354c2-f370-70ea-b61b-a6937ee2e94c,technical_manager,SEASPAN SHIP MANAGEMENT LTD,CANADA,2022-11-09
014e4a74-b398-7337-b506-1a321806c77f,technical_manager,MARMARAS NAVIGATION LTD,GREECE,2014-05-19
014e46ea-2578-78ab-b72f-04e15fa31da8,technical_manager,DAIICHI CHUO NAIKKO KAISHA,JAPAN,2010-11-23
014e473a-aea8-7119-93ec-0546caaece51,technical_manager,SHANGHAI DINGHENG SHIP MGMT CO,CHINA,2025-09-11
014e46f7-4ca8-71d8-b8c3-6bcedb3c1f85,technical_manager,GALAXY SHIP MANAGEMENT CO LTD,SEYCHELLES,2025-09-20
01656896-c908-7518-b1ab-1d4a20402f85,technical_manager,TIANJIN SOUTHWEST MARITIME LTD,CHINA,2012-10-10
014e47fb-b8a0-7bc6-a07a-1c789f2c35c5,technical_manager,CK MARITIME KOREA CO LTD,REPUBLIC OF KOREA,2020-04-22
014e46f8-2b50-7fa5-837c-4f35983b7791,technical_manager,COSCO SHIPPING BULK LTD,CHINA,2018-01-10
014e473a-ba60-76a8-ba0a-229427be2f9b,technical_manager,TECHNOMAR SHIPPING INC,GREECE,2021-04-27
017e474d-4f60-7c86-ac60-8a323b839817,technical_manager,CMA CGM INTERNATIONAL SHIPPING,SINGAPORE,2022-03-04
014e46fc-80b0-71a9-9efe-83d63703b7f9,technical_manager,SHANGHAI OCEAN SHIPPING CO LTD,CHINA,2018-04-15
01584237-05a0-7bf9-94f2-bb851567d175,technical_manager,COSCO SHIPPING SPECIALIZED-CHR,CHINA,2016-11-17
014e46ea-cd70-7431-8760-73049cc13c2e,technical_manager,VIETNAM NATIONAL PETROLEUM CORP PETROL,VIETNAM,2007-04-02
014e61d5-9868-70fd-9697-75ef5e34716d,technical_manager,THANH CONG TRADE CO LTD,VIETNAM,2010-07-26
017b9f11-a190-792f-90ae-37347728cfbd,technical_manager,WAN HAI LINES SINGAPORE PTE,SINGAPORE,2022-03-13
01798203-0e88-7529-8df7-4f6de7f7f4e5,technical_manager,SHANGHAI ASL SHIPMANAGEMENT CO,CHINA,2023-04-29
014e47a6-ce58-73ed-8c5b-8015969c2d61,technical_manager,MTT SHIPPING SDN BHD,MALAYSIA,2025-07-30
014e47c3-9588-7914-9a71-4af09b458f02,technical_manager,PACIFIC INTERNATIONAL LINES,SINGAPORE,2013-03-13
016bc1bb-19e8-70bb-8148-7e82c3937fd1,technical_manager,CLEANOCEAN SHIPMANAGEMENT INC,PHILIPPINES,2020-02-07
01690a3c-12d8-7d39-9474-0a6e55e3ab59,technical_manager,THANH THANH DAT CO LTD,VIETNAM,2023-01-10
014e4d9c-f5a8-7b6b-b31f-7baed2b6e205,technical_manager,WAN HAI LINES SINGAPORE PTE,SINGAPORE,2022-01-07
014e4765-3560-7f44-8802-7df809a1039c,technical_manager,IMC SHIP MANAGEMENT PTE LTD,SINGAPORE,2025-04-10
014e4738-4578-7441-81c8-a65399916b34,technical_manager,PACIFIC INTERNATIONAL LINES,SINGAPORE,2015-02-14
0186fcb3-00b8-78d7-9b36-5d94c1a32e8b,technical_manager,SHANGHAI YINGKAI SHIPPING CO,CHINA,2023-12-11
014e4952-28b0-7c11-9eab-3e80bf556786,technical_manager,SHANGHAI OCEAN SHIPPING CO LTD,CHINA,2015-06-14
014e4990-e730-766a-8989-c902c4e4876c,technical_manager,WISDOM MARINE INTERNATIONAL INC,TAIWAN,2011-11-28
014e4820-5f70-7b0c-9dba-118f378724b6,technical_manager,ISM SHIP MANAGEMENT LTD,CHINA,2023-11-28
014e46fb-ec40-75ba-a172-0ff73c850ad9,technical_manager,CMA SHIPS SAS,FRANCE,2025-09-01
014e47d6-bfc8-7437-8cc5-18071b1728e5,technical_manager,MSC SHIPMANAGEMENT LTD,CYPRUS,2022-06-28
014e4764-1450-71f1-855a-dbacee228508,technical_manager,FANTASEA SHIP MANAGEMENT PTE LTD,SINGAPORE,2020-05-26
014e49d4-be60-7294-b185-fd093a7ffbf2,technical_manager,KAGOSHIMA SENPAKU KAISHA LTD,JAPAN,2004-04-01
014e511d-fa60-775a-91a8-197d0ddb7272,technical_manager,SHANGHAI DINGHENG SHPG TECH,CHINA,2017-10-26
014e47c5-bc50-78b2-9259-ed0651cba72e,technical_manager,TECHNOMAR SHIPPING INC,GREECE,2023-06-02
01808762-f0d0-70b4-8aa0-7a3dc0e7520e,technical_manager,NHAT VIET MARINE SERVICE JSC,VIETNAM,2024-01-22
014f731c-2708-7481-bb99-cd6f56a73a4c,technical_manager,PACIFIC INTERNATIONAL LINES,SINGAPORE,2015-09-28
0150e9d9-0b58-7342-a1cc-77d29348175b,technical_manager,MARMARAS NAVIGATION LTD,GREECE,2018-10-01
0170f5f8-56d0-7528-9287-6acd738aced4,technical_manager,DY SMC CO LTD,REPUBLIC OF KOREA,2022-09-26
0170566d-e6c0-7e33-bf35-f40c6adf3cbf,technical_manager,DY SMC CO LTD,REPUBLIC OF KOREA,2023-02-20
01906daf-4b38-7f54-802f-f27cb9e2696b,technical_manager,NANJING SHENGHANG SHIPPING CO,CHINA,2024-08-07
014e51eb-ba40-75a0-ab63-8c61f88aa9f3,technical_manager,TIDEBAY LTD,GREECE,2014-05-07
015059ad-5458-7c9a-9c8b-9f8a80494b9c,technical_manager,PTS CO LTD,REPUBLIC OF KOREA,2021-06-11
014e46f7-d560-7cea-bf0d-a8c769b42771,technical_manager,MOL GLOBAL SHIP MANAGEMENT PTE,SINGAPORE,2026-01-19
014e4712-27a8-7760-a69e-c9c066ae2b67,technical_manager,MSC SHIPMANAGEMENT LTD,CYPRUS,2022-08-31
01808741-10f0-7fe8-8e2a-7d0df334a7d6,technical_manager,AULAC CORP,VIETNAM,2012-10-30
014e46f8-2768-7c76-9026-716af6cb7730,technical_manager,VELOS DRY LTD,GREECE,2025-09-18
014e46e9-f698-7565-a193-233459c73e9c,technical_manager,COSCO SHIPPING BULK LTD,CHINA,2019-01-09
014e46ed-84c0-787d-88b9-3533aad6a811,technical_manager,HOANH SON GROUP JSC,VIETNAM,2021-01-05
014e481a-2998-7a67-b544-8e833607ced2,technical_manager,TECHNOMAR SHIPPING INC,GREECE,2011-01-20
0187c610-1338-7628-afe5-2b30c342c540,technical_manager,WAN HAI LINES SINGAPORE PTE,SINGAPORE,2023-04-27
014e4765-50b8-7402-b1d2-c57b37ff623f,technical_manager,NHAT VIET TRANSPORTATION CORP,VIETNAM,2022-11-02
014e5291-fcc0-702d-b30e-60b90f1c38c3,technical_manager,POS SM CO LTD,REPUBLIC OF KOREA,2016-07-31
01742d64-b9d0-71f0-bb35-075c0dbbd55a,technical_manager,GUANGXI WUZHOU SHIPYARD,CHINA,2013-01-16
014e95d4-8de0-775f-ad6c-8a007250765f,technical_manager,AN TIEN MANH CO LTD,VIETNAM,2022-06-21
014e4cf4-f5d8-768f-ae30-47bedbe9005f,technical_manager,NYK SHIPMANAGEMENT PTE,SINGAPORE,2007-08-28
014e46eb-e6b0-78cd-988c-00eeb2cfda5a,technical_manager,TAN CANG SHIPPING JSC,VIETNAM,2023-10-16
0164161b-43f8-7e25-af1b-a750c429f7ac,technical_manager,EVERGREEN MARINE CORP,TAIWAN,2018-07-06
014e4802-d8d8-7d60-8f5b-401f18fe0192,technical_manager,SHANGHAI DINGHENG SHPG TECH,CHINA,2022-05-08
014e46fe-16f0-7648-a8a3-d2ff1c537511,technical_manager,D&S CO LTD,TAIWAN,2012-02-17
017b7707-b518-7c11-9250-5f0e2073d9c5,technical_manager,YANG MING SINGAPORE PTE LTD,SINGAPORE,2022-02-23
0175684c-95f8-7bee-815a-4897d2879a20,technical_manager,WAN HAI LINES SINGAPORE PTE,SINGAPORE,2021-06-04
014e4edd-c2a8-72ea-abb6-d3a823a7ec9e,technical_manager,D&S CO LTD,TAIWAN,2004-09-28
014e46ff-95c0-747c-bc6e-f5d60e33f03f,technical_manager,GUANGXI WUZHOU SHIPYARD,CHINA,2013-07-08
016ef936-7108-7be5-bc1d-539eafd1b6f2,technical_manager,ISM SHIP MANAGEMENT LTD,CHINA,2025-06-05
017a45e0-3f10-70e5-bfcc-1535128fa7b2,technical_manager,NORTHSTAR SHIP MANAGEMENT LTD,HONG KONG,2021-07-21
016e8723-e190-7d1b-ac93-896c0c032561,technical_manager,DY SMC CO LTD,REPUBLIC OF KOREA,2023-02-28
0197f3fa-cb48-7fae-9a4e-e3a952bd4ebd,technical_manager,NANJING SHENGHANG SHIPPING CO,CHINA,2026-01-22
014e46eb-9c78-7871-b59d-4bf0982d4780,technical_manager,EVERGREEN MARINE CORP,TAIWAN,2019-07-03
014e4ad4-11a8-7ad2-ade3-78f54f72bcab,technical_manager,SHANGHAI CSC LINE CO LTD,CHINA,2011-09-30
0186e7b8-4678-7c50-ab9f-c0f4416a2815,technical_manager,MINERVA DRY INC,MARSHALL ISLANDS,2023-12-28
016ecfb5-da80-7a9f-a5c5-f6d1a2eea12b,technical_manager,SMTECH SHIP MANAGEMENT CO LTD,REPUBLIC OF KOREA,2020-01-14
018cc253-95f8-7237-8961-f17dfe34cce0,technical_manager,EUROBULK LTD,GREECE,2019-11-21
0186949e-f9a0-7a83-b50a-c1b6dbd5b1f4,technical_manager,COLUMBIA SHIPMANAGEMENT SNG,SINGAPORE,2017-03-31
0164a664-a8a0-7585-b005-d50d5bb1557c,technical_manager,EVERGREEN MARINE CORP,TAIWAN,2018-08-30
014e4752-5d28-778d-9d19-29ef5cdd0588,technical_manager,OSTC,VIETNAM,2007-06-25
014e48b7-d4e0-7b67-8bf0-53e4d9b3dd8b,technical_manager,NINH PHUC TRADING TRANSPORT,VIETNAM,2025-03-21
016bc093-5ee0-7663-a1dc-ae66d07acdca,technical_manager,MTT SHIPPING SDN BHD,MALAYSIA,2024-04-20
019279d4-9178-7e44-bf55-e536c1c60c25,technical_manager,EVERGREEN MARINE CORP,TAIWAN,2024-11-21
014e4879-2600-7f82-ac09-bc14b5dd53ec,technical_manager,MEDITERRANEAN SHIPPING CO SRL,ITALY,2015-10-07
0174f99d-caf0-787f-bd05-20458ecaccb9,technical_manager,TEMM MARITIME CO,JAPAN,2025-07-29
0175f799-df90-786c-a0db-face2f2014c5,technical_manager,POS SM CO LTD,REPUBLIC OF KOREA,2020-12-08
01808739-5478-7059-a81e-d5f26a9e6269,technical_manager,HACT LTD,VIETNAM,2023-07-03
014e46ef-70f0-70ee-94eb-2e50e66933c9,technical_manager,ORIENT OVERSEAS CONTAINER LINE,HONG KONG,2007-10-25
0175773b-dbc8-73cc-af1e-8a73d7ff9bd9,technical_manager,WAN HAI LINES LTD,TAIWAN,2020-12-31
017195c5-8ca0-7503-a725-c826a5fc128d,technical_manager,COLUMBIA SHIPMANAGEMENT SNG,SINGAPORE,2025-04-27
0180874e-a198-7e2a-b1b8-a3684b382ff9,technical_manager,DY SMC CO LTD,REPUBLIC OF KOREA,2021-12-29
01926a45-3730-7381-9acb-074f84e2e999,technical_manager,EVERGREEN MARINE CORP,TAIWAN,2025-03-08
014e4d99-4070-703c-ad99-e85813dd73a2,technical_manager,KITAURA KAIUN KK,JAPAN,2009-05-12
016b4973-9118-70c5-a5ce-3696e0654b65,technical_manager,SYNERGY PACIFIC PVT LTD,INDIA,2025-06-18
014e481d-90b0-7b25-89fa-efde8755eb9a,technical_manager,TVL MARINE CO LTD,TAIWAN,2015-01-15
014e4a96-a318-7178-8b60-7b4c12e232ea,technical_manager,AULAC CORP,VIETNAM,2023-05-09
015a5927-4c00-7f86-9553-a82ca87d6414,technical_manager,SANSHO KOREA CO LTD,JAPAN,2017-03-22
014e5109-ab28-7370-a41f-f35fc08e556e,technical_manager,LEONHARDT & BLUMBERG SHIPMGMT,GERMANY,2021-03-06
014e46ee-f008-79ec-a55d-109042a99940,technical_manager,PACIFIC INTERNATIONAL LINES,SINGAPORE,2023-02-10
0187bb13-3190-78a1-9389-0c4f7ad32bb0,technical_manager,TIANJIN SOUTHWEST MARITIME LTD,CHINA,2023-11-14
014e47ca-dcd0-7fb9-b3b9-88a7b5e6fb36,technical_manager,MSC SHIPMANAGEMENT LTD,CYPRUS,2021-07-20
014e4895-4920-76de-933a-3d9fdee518bc,technical_manager,ORIENT OVERSEAS CONTAINER LINE,HONG KONG,2022-06-08
01891a4d-4190-7a25-b98a-fc9eae5131b0,technical_manager,WAN HAI LINES SINGAPORE PTE,SINGAPORE,2024-01-11
014e47c3-dbd8-7850-8dec-4774f16e3f39,technical_manager,ORIENT OVERSEAS CONTAINER LINE,HONG KONG,2007-10-25
017c4f89-1f58-7872-a880-c93e521978dc,technical_manager,MOL GLOBAL SHIP MANAGEMENT PTE,SINGAPORE,2026-02-04
014e47ca-9298-7f00-9930-33caae3beeb3,technical_manager,AN THANH NAM TRANSPORT CO LTD,VIETNAM,2023-11-28
014e4c19-5730-78b7-8cb5-50a525647b1b,technical_manager,DANAOS SHIPPING CO,GREECE,2007-12-17
014e4820-1920-7043-9e64-380d7d80b1f5,technical_manager,EVERGREEN MARINE CORP,TAIWAN,2015-01-09
014e4776-a250-7aa1-b5b8-506d0ae81148,technical_manager,SHANGHAI OCEAN SHIPPING CO LTD,CHINA,2019-07-04
017c1419-1e78-713c-a068-b1152c89eb29,technical_manager,SYNERGY MARITIME PVT LTD,INDIA,2023-01-29
014e470b-1ee0-7c1e-add7-e9a30b4b9eee,technical_manager,TOSHIN KISEN CO LTD,JAPAN,2012-10-17
014e46f3-0eb8-733a-90bf-5306a5a76195,technical_manager,HONGKONG SALVAGE & TOWAGE SRVS,HONG KONG,2023-07-19
01815c01-6420-7eef-8455-605a26b9b696,technical_manager,SITC SHIPPING MANAGEMENT,CHINA,2022-07-05
014e4c00-e560-7dc0-a27c-b2024c0c0500,technical_manager,COSCO SHIPPING SPECIALIZED-CHR,CHINA,2006-07-18
014e46ec-ec68-7d4f-b6d5-1861401a4ff4,technical_manager,WAN HAI LINES SINGAPORE PTE,SINGAPORE,2022-09-26
014e46ed-abd0-790b-bc9c-75eb686334ba,technical_manager,WAH KWONG SHIP MANAGEMENT HK LTD,HONG KONG,2024-08-25
014e4764-bc48-7502-b0cb-a0c99f7af9ba,technical_manager,EUROBULK LTD,GREECE,2019-11-19
014e4721-8540-7124-868e-227ca5604c1e,technical_manager,UMING MARINE TRANSPORT CORP,TAIWAN,2022-12-08
014e47ab-a0b8-747b-bf0b-25a9c1710d33,technical_manager,HARTMANN DRY CARGO GERMANY GMBH CO KG,GERMANY,2019-08-28
01928e45-9da0-7fab-b96d-b98e369dae5b,technical_manager,CMA SHIPS GERMANY GMBH,GERMANY,2024-12-20
014e46ea-c988-7105-9216-17ecade86523,technical_manager,AULAC CORP,VIETNAM,2023-02-23
01850e7b-74d0-7beb-8da4-e8a78aa23163,technical_manager,COLUMBIA SHIPMANAGEMENT SNG,SINGAPORE,2023-01-03
018dd856-58d0-74a8-b8c9-cc4eb053c14c,technical_manager,SHANGHAI YINGKAI SHIPPING CO,CHINA,2024-09-25
014e473e-b9d0-7847-bc2b-ba94b2aa925a,technical_manager,SHANGHAI OCEAN SHIPPING CO LTD,CHINA,2005-10-24
01808beb-3bf8-7111-8a16-5c65496752ed,technical_manager,PHU LONG TRANSPORT SERVICE,VIETNAM,2025-03-24
0183d4c5-3ad8-7c8d-83bb-fd3adcb4f530,technical_manager,WAN HAI LINES SINGAPORE PTE,SINGAPORE,2022-12-20
014e46ea-b218-7cce-b92d-5c1a86c58f8a,technical_manager,HACT LTD,VIETNAM,2022-08-09
015c3877-d748-7bed-a3b4-efef4d7c0546,technical_manager,GUANGDONG SHIPPING CO LTD,CHINA,2017-06-15
014e48c8-b918-7a89-90fc-e501618109d4,technical_manager,MERATUS SWADAYA MARITIM PT,INDONESIA,2023-07-02
018454a3-c9b8-787e-84f8-7ba948b7d6c8,technical_manager,WAN HAI LINES SINGAPORE PTE,SINGAPORE,2023-01-31
014e4747-35b0-7c5b-9e16-8ef96f7f7f2a,technical_manager,ORIENT OVERSEAS CONTAINER LINE,HONG KONG,2022-03-16
014e46ea-c5a0-7f7f-9f0a-49cf25953202,technical_manager,HACT LTD,VIETNAM,2021-04-29
0163a825-8bd8-748a-90c3-5f4becb3c512,technical_manager,TODA KISEN K K,JAPAN,2016-08-25
014e46ea-fc50-75fe-8951-906430f4b31a,technical_manager,BERGE BULK MARITIME PTE LTD,SINGAPORE,2021-02-11
018a3b4a-6188-7f97-84d5-f98323f9fbbf,technical_manager,EASTERN PACIFIC SHIPPING UK,UNITED KINGDOM,2023-10-31
01808739-7b88-7028-beda-024906088ebe,technical_manager,HACT LTD,VIETNAM,2017-05-08
014e46f4-00e8-795f-807b-85d9d87b0c6b,technical_manager,MSC SHIPMANAGEMENT LTD,CYPRUS,2017-09-03
018b8370-b6a0-74d3-95db-709ced7d5134,technical_manager,CAPITAL CONTAINERS SHIP MGMT,GREECE,2025-07-25
01808738-d778-73df-8c53-c5db699ffecf,technical_manager,RUI YUAN GUANGZHOU SHIPPING CO,CHINA,2025-08-06
017520f2-32a8-774f-af52-f4fe139140fd,technical_manager,SWIRE SHIPPING PTE LTD,SINGAPORE,2020-12-14
014e5611-9248-7316-9ac0-554324526b13,technical_manager,POS SM CO LTD,REPUBLIC OF KOREA,2016-07-12
014e46ef-bf10-7546-af3e-64b9a2702183,technical_manager,HARBOURLINK MARINE SERVICES SDN BHD,MALAYSIA,2024-06-10
014e46f1-45b0-78fa-8f6a-88f2504cf80f,technical_manager,MARMARAS NAVIGATION LTD,GREECE,2013-04-19
0159b56a-9068-7585-ab5e-a92faa78d915,technical_manager,DONGJIN SHIPPING CO LTD,REPUBLIC OF KOREA,2017-02-10
01932ea0-c748-7c86-80a5-a89d58efa090,technical_manager,EVERGREEN MARINE CORP,TAIWAN,2024-12-31
014e483d-6cf0-7653-bac1-81dcf78150d2,technical_manager,DANAOS SHIPPING CO,GREECE,2011-08-02
01846955-a7a0-7658-a511-563f3b62e93a,technical_manager,SITC SHIPPING MANAGEMENT,CHINA,2022-12-12
017ed7d6-9f50-7bf3-a2fe-cb3d7edddaf0,technical_manager,EASTERN PACIFIC SHIPPING PTE,SINGAPORE,2022-03-11
014e46eb-8120-7d4e-a319-738c373c8ec7,technical_manager,MARLOW SHIP MGMT DEUTSCHLAND,GERMANY,2017-12-14
014e4a7c-c600-7683-9fc6-fcae26221f8c,technical_manager,WAN HAI LINES LTD,TAIWAN,2006-09-06
01851185-f998-7314-a95c-a26bf55395f9,technical_manager,SHANGHAI STAR SHIPPING COLTD,CHINA,2024-10-10
01903c43-3988-7bf7-80ed-26f406f33899,technical_manager,MAGELLAN MARINE SOLUTIONS CO LTD,REPUBLIC OF KOREA,2018-03-26
014e4a95-2830-7920-8d1e-5937d3b365c6,technical_manager,FENG SEA SHIPPING PTE LTD,SINGAPORE,2024-03-07
016684dd-0040-7554-9d8b-620e1ab51fec,technical_manager,EVERGREEN MARINE CORP,TAIWAN,2018-11-28
0172c080-d868-791f-9264-947611a7a328,technical_manager,DY SMC CO LTD,REPUBLIC OF KOREA,2022-10-07
0190252a-ac40-7f56-b58a-ddba78a59d95,technical_manager,MSC SHIPMANAGEMENT LTD,CYPRUS,2024-07-18
014e50ef-ddb0-749d-8e22-58c49afa383f,technical_manager,MAERSK AS,DENMARK,2015-02-01
01872aac-a028-72ad-913d-d3eed3c62efa,technical_manager,CIDO SHIPPING KOREA CO LTD,REPUBLIC OF KOREA,2008-07-23
014e46ee-d0c8-7ccd-8d6d-db08140151c3,technical_manager,GOLDEN UNION SHIPPING CO SA,GREECE,2010-07-13
014e46eb-5240-76b2-9d63-11229f2d1a9a,technical_manager,ALLSEA DMCC JSC,VIETNAM,2024-08-27
0156fdfd-ffe8-7fdc-b53f-daa2aa9f4c3d,technical_manager,CENTURY BULK CARRIERS MGMT CO,GREECE,2020-10-05
019706c8-4a58-782f-9663-3e45bb10d00a,technical_manager,SEACON STAR FUJIAN SHIPS CO,HONG KONG,2025-11-05
014e46f7-4ca8-750c-ac1b-c6d5d79b38f4,technical_manager,NAVILANDS SHANGHAI CONTAINER,CHINA,2024-03-14
014e46ea-92d8-731c-a9e8-e43486383aab,technical_manager,SHANGHAI OCEAN SHIPPING CO LTD,CHINA,2019-06-25
014e4ee3-aa60-7770-9bc2-a14bd3bb195c,technical_manager,NHAT VIET TRANSPORTATION CORP,VIETNAM,2013-03-04
014e46f0-c8b0-7a7b-9c7b-ad07c39caa5d,technical_manager,EVERGREEN MARINE CORP,TAIWAN,2019-07-08
014e5787-88a8-7baa-9092-1859787b31d0,technical_manager,MAPLE LEAF SHIPPING CO LTD,CHINA,2014-04-16
014e491c-cc88-7abb-9468-967a22feec68,technical_manager,CK MARITIME KOREA CO LTD,REPUBLIC OF KOREA,2020-04-19
014e46eb-61e0-7690-a4f0-542b8c054b36,technical_manager,VTB HAI AU CO LTD,VIETNAM,2025-12-21
01893651-1da8-7df8-908f-660f8c522664,technical_manager,V SHIPS SHIPPING DEVELOPMENT,CHINA,2023-08-22
014e46f2-4b68-72d9-85f4-7e4c094d0ed7,technical_manager,EVERGREEN MARINE CORP,TAIWAN,2012-10-22
0177ec3d-95b8-725f-9013-fa953cbb19f4,technical_manager,SUN TECHNOMARINE CO LTD,JAPAN,2021-03-22
01876e75-ddd8-7f33-9bd5-a9df3063982d,technical_manager,ORIENT OVERSEAS CONTAINER LINE,HONG KONG,2023-10-20
014e5338-c7f8-7dc6-a307-9592a6368114,technical_manager,TAN CANG SHIPPING JSC,VIETNAM,2015-11-19
014e4a26-d9e8-713a-8ea8-e44d56fb0551,technical_manager,HACHIUMA STEAMSHIP CO LTD,JAPAN,2013-03-06
01961a03-e4e8-7007-8c4b-4d90c3d85e34,technical_manager,ZHEJIANG MINGDE SHIPPING CO,CHINA,2025-05-30
014e556c-2a88-70fa-88b2-2af4724e2acc,technical_manager,FENG SEA SHIPPING PTE LTD,SINGAPORE,2024-11-18
014e46f7-c1d8-7b57-9145-85292ff77e12,technical_manager,VIPCO,VIETNAM,2016-06-30
014e481f-de88-7177-8203-1c3b98cdecfd,technical_manager,EVERGREEN MARINE CORP,TAIWAN,2013-04-30
0192d664-fab8-76fc-9169-4f4f2f4fe4c1,technical_manager,SINOKOR SHIP MANAGEMENT CO LTD,REPUBLIC OF KOREA,2024-11-20
014e479a-7630-7f7c-a485-9b1803e80d74,technical_manager,MSC SHIPMANAGEMENT LTD,CYPRUS,2023-05-03
0156ba5c-ff00-71ef-ad7f-718c2cc07825,technical_manager,CARRAS HELLAS SA,GREECE,2016-10-20
015730be-7250-7ddf-9b18-fbbe987cd4a9,technical_manager,DAIICHI CHUO NAIKKO KAISHA,JAPAN,2016-09-29
01975d1e-5370-7169-a32d-8d2d75cb63e6,technical_manager,CK MARITIME KOREA CO LTD,REPUBLIC OF KOREA,2025-07-31
014e4896-7db8-702c-9a73-0e3ab7fcbf79,technical_manager,KMTC SHIP MANAGEMENT CO LTD,REPUBLIC OF KOREA,2017-02-01
014e46f1-8fe8-7156-a9e7-fb665a74897c,technical_manager,LASKARIDIS SHIPPING CO LTD,GREECE,2011-07-29
0153bbde-acf0-76e1-924a-c14b81eb1ce8,technical_manager,GREAT CIRCLE SHIPPING AGENCY,THAILAND,2016-07-07
017bde1f-37a8-7957-9982-6202791d7fa2,technical_manager,NORTHSTAR SHIP MANAGEMENT LTD,HONG KONG,2021-10-08
014e4c56-6030-7001-81b7-8d99b454dbc3,technical_manager,COSCO SHIPPING ENERGY TRANS,CHINA,2019-05-20
0189c395-25d8-7c4c-916f-c69a2680547e,technical_manager,EVERGREEN MARINE CORP,TAIWAN,2024-01-21
018fc9b5-86a0-70eb-b3c6-fd7e2b15e3b3,technical_manager,SHANGHAI ASL SHIPMANAGEMENT CO,CHINA,2024-06-19
014eb048-dcd0-7fc2-830b-32afed977f65,technical_manager,MSC SHIPMANAGEMENT LTD,CYPRUS,2024-09-19
01874625-ff20-7bbf-b4f1-fddea3f5e25e,technical_manager,SITC SHIPPING MANAGEMENT,CHINA,2023-04-28
014e479c-ef00-714e-8834-f01cf5c923ef,technical_manager,SHANGHAI OCEAN SHIPPING CO LTD,CHINA,2015-08-19
014e46fb-05c8-7292-9f98-f6f12ce2e56b,technical_manager,HACT LTD,VIETNAM,2021-04-10
014e4bd9-a298-7028-9b0b-ec6010be6cae,technical_manager,NANJING SHENGHANG SHIPPING CO,CHINA,2023-08-01
014e489a-dae8-7a2a-bddd-def5a4fe4f19,technical_manager,NANJING SHENGHANG SHIPPING CO,CHINA,2023-09-08
017592a5-c1d0-79b2-b91b-6eb77db2215a,technical_manager,HANA SHIPPING CO LTDBUSAN,REPUBLIC OF KOREA,2020-11-27
01909532-b230-70e5-a554-61a4276c0459,technical_manager,CMA SHIPS GERMANY GMBH,GERMANY,2024-08-22
018abca9-1828-7b91-87aa-8e39a47851e3,technical_manager,SANTOKU SENPAKU CO LTD,JAPAN,2018-10-17
01993772-2eb0-7deb-a945-3f0525d2577c,technical_manager,EVERGREEN MARINE CORP,TAIWAN,2026-03-20
015b26eb-fe60-7222-bbae-2f07bac18e01,technical_manager,ST MARINE CO LTD,REPUBLIC OF KOREA,2022-02-25
017d7f44-bcd8-740f-af4b-9acfb9a43e59,technical_manager,GREATHORSE INTERNATIONAL SHIP MANAGEMENT CO L,CHINA,2022-02-14
014e4ab6-ae38-7f9d-b014-6d1b19f9b432,technical_manager,VIDAPORE SHIP MGMT SHANGHAI,CHINA,2020-09-10
014e47bd-f420-7905-bba5-3c61da4b1f82,technical_manager,GAS SHIPPING JSC,VIETNAM,2010-03-16
014e4adb-b6b0-725c-af12-d8365486decc,technical_manager,ORIENT OVERSEAS CONTAINER LINE,HONG KONG,2009-09-04
014e46eb-b7d0-7563-bc6a-0fffd6d0a98e,technical_manager,ABOJEB CO INC,PHILIPPINES,2025-01-08
01882332-1200-7efc-9851-338a36c24442,technical_manager,RCL SHIPMANAGEMENT PTE LTD,SINGAPORE,2024-07-21
014e47a6-3218-7d48-8021-ea415f461c26,technical_manager,FORMOSA PLASTICS MARINE CORP,TAIWAN,2013-02-27
0177cdd7-1d38-745a-904e-ae206e752f8d,technical_manager,YANG MING SINGAPORE PTE LTD,SINGAPORE,2022-08-01
01892944-4f90-7fcb-82f4-89ca7ea40a00,technical_manager,WAN HAI LINES SINGAPORE PTE,SINGAPORE,2023-11-26
014e4b47-de30-7934-bc85-87729beada63,technical_manager,COLUMBIA SHIPMANAGEMENT SNG,SINGAPORE,2021-12-03
014e46f0-b528-7f25-8b62-290cfd5663a5,technical_manager,ECL SHIPMANAGEMENT CO LTD,JAPAN,2022-08-01
014e46f8-df00-75af-afa6-dd4fb981da6a,technical_manager,GAS SHIPPING JSC,VIETNAM,2025-06-18
014e46f1-7c60-787b-b255-dcc7b622f811,technical_manager,ORIENT OVERSEAS CONTAINER LINE,HONG KONG,2010-06-08
0153d629-4818-769f-b0de-802e6b90179e,technical_manager,ANGLO EASTERN MANAGEMENT PTE,SINGAPORE,2018-05-21
017e6a57-fb90-7688-82db-8feefc9ac14f,technical_manager,SMTECH SHIP MANAGEMENT CO LTD,REPUBLIC OF KOREA,2022-02-08
014e473d-5e28-7670-a779-ea7004c20251,technical_manager,WALLEM SHIPMANAGEMENT SNG,SINGAPORE,2022-06-07
0196cd59-da20-7353-8aa8-92099e003eff,technical_manager,WALLEM SHIPMANAGEMENT SNG,SINGAPORE,2025-06-27
014e4708-7730-7554-8280-593cc37a1f8d,technical_manager,MAERSK AS,DENMARK,2024-04-22
017520b6-2790-7dbd-9e6b-7834a19b98f1,technical_manager,OSAKA ASAHI KAIUN CO LTD,JAPAN,2020-10-30
014e4878-6a80-7f2a-910f-96a10d3de4ec,technical_manager,MEDITERRANEAN SHIPPING CO SRL,ITALY,2009-11-19
017f5414-6890-7c81-a0d7-6d52a7f30e61,technical_manager,ANGLOEASTERN SHIP MANAGEMENT LTD,HONG KONG,2022-03-21
014e46fa-ee58-7aa8-ab87-fc1c3f6bf552,technical_manager,CHEMIKALIEN SEETRANSPORT GMBH,GERMANY,2006-11-07
017e785b-7a00-7e1b-9f2c-cc851cb026b0,technical_manager,SHENZHEN SOUTHERN CHINA LPG SHIPPING CO LTD,CHINA,2022-08-09
014e46ee-f7d8-70c5-9b17-305e385d6ba1,technical_manager,FAIRMONT SHIPPING HK LTD,HONG KONG,2023-11-11
016f24fa-7398-7248-81f0-fc0afeb006b0,technical_manager,ANGLOEASTERN MARITIME SERVICES PTE LTD,SINGAPORE,2021-12-21
0183a5f5-3898-70ad-a160-5ce725850a7c,technical_manager,WAN HAI LINES SINGAPORE PTE,SINGAPORE,2022-11-29
01961eb2-9818-763a-9745-791524fc655a,technical_manager,ORIENT OVERSEAS CONTAINER LINE,HONG KONG,2025-05-21
0180873a-7970-7b90-8543-5342f773d7eb,technical_manager,ORIENT OVERSEAS CONTAINER LINE,HONG KONG,2007-10-25
014e486d-a4b0-70d8-8f6e-2f9aca54a308,technical_manager,PACIFIC INTERNATIONAL LINES,SINGAPORE,2023-03-09
014e484a-5988-7b74-96a0-d9d9c837004e,technical_manager,EUROBULK LTD,GREECE,2016-09-29
01715613-7158-7b0a-b3fc-ba6817dac9b2,technical_manager,NANJING SHENGHANG SHIPPING CO,CHINA,2024-03-27
014e4878-dfb0-7cd4-b913-730bf8b86214,technical_manager,CMA SHIPS SAS,FRANCE,2024-06-15
0167fccb-c540-7914-aab1-ba9b627d8663,technical_manager,SHANGHAI CP INTERNATIONAL SHIP MANAGEMENT B,CHINA,2019-06-25
016cc205-9ee0-78ba-aed2-45011f85f600,technical_manager,JW SHIPPING CO LTD,REPUBLIC OF KOREA,2019-09-18
014e4729-e5c8-7992-962e-13555e86b6f9,technical_manager,FUEL OIL DELIVERY INC,HONG KONG,2014-09-01
014e481f-3690-732b-9de1-e6f2ff9a8fc2,technical_manager,CMA CGM INTERNATIONAL SHIPPING,SINGAPORE,2017-05-29
014e4cc0-dde8-72dc-85d5-0ed7abe43752,technical_manager,SITC SHIPPING MANAGEMENT,CHINA,2012-07-09
0171779d-6d10-722d-b4df-cd9cecf275d1,technical_manager,SINOKOR SHIP MANAGEMENT CO LTD,REPUBLIC OF KOREA,2020-04-29
015ddf27-3538-7e6d-b765-b5a781b45bc1,technical_manager,MSC SHIPMANAGEMENT LTD,CYPRUS,2019-07-10
01881e27-f090-77cc-b2a1-ef403414f11c,technical_manager,EASTAWAY SHIP MANAGEMENT PTE,SINGAPORE,2023-06-30
0195ace4-0ac8-75bd-bbd3-123bec996a1b,technical_manager,TIANJIN COSBULK SHIP MGMT,CHINA,2025-04-18
0168853b-b020-7f7d-98d1-af71741655b2,technical_manager,PACIFIC INTERNATIONAL LINES,SINGAPORE,2009-04-30
0180873b-dce8-786f-abd5-75ac584feb15,technical_manager,COLUMBIA SHIPMANAGEMENT SNG,SINGAPORE,2022-09-28
016256bd-a948-7334-8d54-0700eba1484a,technical_manager,KAGOSHIMA SENPAKU KAISHA LTD,JAPAN,2018-05-22
014e4820-1538-7864-b920-ebcecddf62c7,technical_manager,TECHNOMAR SHIPPING INC,GREECE,2021-01-20
014e479c-df60-7ed4-aa69-4c305679072c,technical_manager,MSC SHIPMANAGEMENT LTD,CYPRUS,2015-01-13
014e48b3-25a8-758f-bbf3-b75cbbfcb024,technical_manager,YANG MING MARINE TRANSPORT CORP,TAIWAN,2006-07-28
014e46f8-7d58-749a-822f-998a05a64ef8,technical_manager,DALIAN CHUN AN SHIP MGMT CO,CHINA,2021-03-12
01925b92-a470-7047-a246-7308666a7a51,technical_manager,EVERGREEN MARINE CORP,TAIWAN,2025-02-12
014e46f3-3d98-7a3f-a242-0468b28a43a9,technical_manager,BERNHARD SCHULTE-GER,GERMANY,2025-10-08
014e46f7-7f70-7304-8332-94deb5a719ae,technical_manager,HONG KONG MING WAH SHIPPING CO LTD,HONG KONG,2011-09-23
014e4744-c898-7dc2-ac4d-ec33fe5f6556,technical_manager,GLORY NAVIGATION CO,TAIWAN,2013-08-08
019360dc-42a0-774c-9560-d48fbb143b13,technical_manager,EVERGREEN MARINE CORP,TAIWAN,2024-12-19
018bc61c-5b08-731f-b845-145111916a8d,technical_manager,TIANJIN SOUTHWEST MARITIME LTD,CHINA,2023-11-30
014e46ec-1978-7f00-bce0-9486d48992a7,technical_manager,AN THANH NAM TRANSPORT CO LTD,VIETNAM,2024-09-23
014e4b48-5b30-7bf1-a95a-0ac172657cb7,technical_manager,FAREAST TRANSPORT CO LTD,JAPAN,2019-11-19
018b26d9-ae10-7890-b575-ec497cb04da7,technical_manager,MINERVA DRY INC,MARSHALL ISLANDS,2025-02-10
01902163-8e38-70d8-a867-5c3d688892d6,technical_manager,BRIGHT CONCORD INC LTD,HONG KONG,2024-06-14
0162a7ef-a820-7083-aac9-a19d773afb8e,technical_manager,SHANGHAI DINGHENG SHPG TECH,CHINA,2024-04-26
01808744-1660-77db-87a8-3ced7171b3d3,technical_manager,ASIA PACIFIC SHIPMANAGEMENT PTE LTD,SINGAPORE,2020-12-21
014e5199-1dd0-7193-a707-9c9b235b41e1,technical_manager,GLORY NAVIGATION CO,TAIWAN,2013-04-24
014e592c-c0b0-7cf9-9a16-fe36149f66eb,technical_manager,PV TRANS SHIPS MANAGEMENT,VIETNAM,2018-05-31
018f04ca-d9d0-7f28-8077-3bed17309e67,technical_manager,EUROBULK LTD,GREECE,2024-05-13
014e479b-9f10-7d44-849a-dec0f41c99de,technical_manager,MSC SHIPMANAGEMENT LTD,CYPRUS,2009-11-28
014e49aa-85c8-7f2e-b6b6-63edac111124,technical_manager,EVERGREEN MARINE CORP,TAIWAN,2003-03-14
0185a5c2-7a00-7c51-aa7d-438f1365adf7,technical_manager,V SHIPS SHANGHAI LTD,CHINA,2023-03-06
014e4b95-cf50-79a8-b784-1c6cbadf15b0,technical_manager,GAS SHIPPING JSC,VIETNAM,2008-11-27
0160c3d6-55e0-7428-b1a4-967c1c704531,technical_manager,FLEET MANAGEMENT LTD HKG,HONG KONG,2018-01-22
0183e9f6-d010-798d-96c6-1cd587153f23,technical_manager,WIDESHINE MANAGEMENT PTE LTD,SINGAPORE,2022-11-28
014e46e9-cf88-75c5-998d-38cafd95b350,technical_manager,COLUMBIA SHIPMANAGEMENT SNG,SINGAPORE,2025-02-20
017e72f8-2c70-79ca-a73d-f5da03a1d0dd,technical_manager,SITC SHIPPING MANAGEMENT,CHINA,2022-02-24
0190a02b-80e0-7f7a-9ea7-62a1464776f4,technical_manager,CMA SHIPS SAS,FRANCE,2024-08-14
014e46ee-0d78-7ff2-af2e-8cb6145f025e,technical_manager,HARBOURLINK MARINE SERVICES SDN BHD,MALAYSIA,2024-10-14
014e46e9-db40-7f4b-84b4-f0d533ddec2e,technical_manager,STOLT TANKERS BV,NETHERLANDS,2018-12-06
014e484d-2460-7eb2-8a0a-6b120c9fe29b,technical_manager,CMA CGM INTERNATIONAL SHIPPING,SINGAPORE,2017-06-11
014e48a4-0a78-7403-a2ca-9651c008560f,technical_manager,MSC SHIPMANAGEMENT LTD,CYPRUS,2022-10-27
01920e31-9740-7016-9c99-9c4e00851fa3,technical_manager,MAERSK AS,DENMARK,2025-02-23
014e4819-9cf8-7f5d-88e3-72da3ecd1329,technical_manager,EUROBULK LTD,GREECE,2022-05-24
014e4701-d7e0-74d3-98d7-aa3867e8ebb1,technical_manager,DONGKUK MARINE CO LTD,REPUBLIC OF KOREA,2023-10-17
017ac8b1-f258-7e05-b2ff-f91f85d94919,technical_manager,TIANJIN SOUTHWEST MARITIME LTD,CHINA,2021-09-16
018c19f2-7bb8-7228-b008-178658031f10,technical_manager,NORTHSTAR SHIP MANAGEMENT LTD,HONG KONG,2025-12-24
01884d68-b218-756e-9284-2cd7ea4834f1,technical_manager,MAPLE LEAF SHIPPING CO LTD,CHINA,2023-06-08
014e573d-19f8-75b8-9349-634b43334196,technical_manager,DANAOS SHIPPING CO,GREECE,2014-11-05
015b8bf2-c190-7542-aa86-72cc81d0a4e6,technical_manager,SHANGHAI NORTH SEA SHPG CO LTD,CHINA,2017-05-10
0150e93e-3a88-7978-82be-de4c3e362923,technical_manager,SYNERGY MARINE PTE LTD,SINGAPORE,2017-09-22
017d7cf4-aa88-7a90-9cab-b5d94cfb8b26,technical_manager,ZHEJIANG FENGYI SHIPPING CO LTD,CHINA,2024-09-06
014e4724-b1c0-7b2d-8f9c-c56a75e51420,technical_manager,TECHNOMAR SHIPPING INC,GREECE,2019-05-24
014e6d4b-b150-7207-9992-23f91c1b1bd4,technical_manager,EASTAWAY SHIP MANAGEMENT PTE,SINGAPORE,2021-04-06
018831ea-78f0-7755-b716-b6f17cd644e8,technical_manager,CAPITAL CONTAINERS SHIP MGMT,GREECE,2025-07-25
014e46e9-eae0-7d9e-a003-a7ecad58f53f,technical_manager,BW LPG FLEET MANAGEMENT AS,NORWAY,2024-02-19
0159c555-4d38-78fb-9cd9-9170c8d096bc,technical_manager,MEDITERRANEAN SHIPPING CO SRL,ITALY,2017-02-15
01808747-3340-71ed-b998-5210d4143664,technical_manager,WAN HAI LINES SINGAPORE PTE,SINGAPORE,2022-08-15
018bfedf-e540-77fe-9213-080690f84fb8,technical_manager,WAN HAI LINES SINGAPORE PTE,SINGAPORE,2024-03-23
016d7199-8ad8-70c4-849d-6b9889bdd4ca,technical_manager,INFICESS SHIPPING CO LTD,REPUBLIC OF KOREA,2019-12-11
01771463-c5b8-7910-8ad1-a6592b1b677a,technical_manager,WALLEM SHIPMANAGEMENT SNG,SINGAPORE,2022-06-16
0198313e-9610-7aff-8f63-a6621de0bf9b,technical_manager,EVERGREEN MARINE CORP,TAIWAN,2025-08-14
014e4880-9840-7e71-b360-cf6bd8ed0622,technical_manager,SALAM PACIFIC INDONESIA LINES,INDONESIA,
014e47ba-3b00-7f8b-98a3-edfcd0b80261,technical_manager,YANG MING MARINE TRANSPORT CORP,TAIWAN,2012-12-20
01775a9a-1b68-7a08-8c43-fcb84ca626fc,technical_manager,WAN HAI LINES LTD,TAIWAN,2021-03-26
018ac9ab-0130-737d-a57b-3e826e1f8dbb,technical_manager,WAN HAI LINES SINGAPORE PTE,SINGAPORE,2024-03-26
014e46ef-3e28-76ae-8124-a9ea954206b5,technical_manager,SHANGHAI OCEAN SHIPPING CO LTD,CHINA,2005-01-01
01808744-3d70-7e12-9d75-b0f271fda452,technical_manager,FANGCHENGGANG CITY HENGSHENG,CHINA,2016-08-26
01797d3d-e940-71f0-bfd3-abd7aa7df6ab,technical_manager,WAN HAI LINES SINGAPORE PTE,SINGAPORE,2021-11-03
0180938e-0d90-7f4a-adb2-b9d2116c8bb3,technical_manager,UNITED SHIPPING CO LTD,VIETNAM,2023-04-10
014e46ff-6eb0-75f8-8583-29d25796a516,technical_manager,KMTC SHIP MANAGEMENT CO LTD,REPUBLIC OF KOREA,2010-09-17
014e4797-70c0-7e10-97ba-4566d0c1b699,technical_manager,SHANGHAI OCEAN SHIPPING CO LTD,CHINA,2013-04-25
0161e52f-41d8-70f0-9d3a-150ee87483b9,technical_manager,SYNERGY DENMARK AS,DENMARK,2018-04-29
01738f5f-e408-7785-84ba-b9ac833ef800,technical_manager,YANG MING MARINE TRANSPORT CORP,TAIWAN,2020-09-07
01906d5c-7048-7b18-909d-f686df6a7e01,technical_manager,EVERGREEN MARINE CORP,TAIWAN,2024-12-09
014e46ed-2ae8-71ca-a902-d9152e62b25a,technical_manager,GAS SHIPPING JSC,VIETNAM,2019-09-27
014e47c4-fce8-7b3a-855e-8c3416ebc1e8,technical_manager,SEASPAN SHIP MANAGEMENT LTD,CANADA,2012-12-27
014e46f0-0d30-752e-87c9-8ef8faa4678f,technical_manager,ASIA PACIFIC SHIPMANAGEMENT PTE LTD,SINGAPORE,2021-09-14
0161034f-b1d0-751f-bbe0-3fc8683aecb1,technical_manager,JOSCO YUANSHENG SHIPPING MANAGEMENT CO LTD,CHINA,2018-03-23
014e46ea-2190-7e78-92da-a5c903911a68,technical_manager,YANG MING SINGAPORE PTE LTD,SINGAPORE,2022-06-09
018a732a-ee60-7c92-82c8-4b282be0e15a,technical_manager,TS LINES LTD,TAIWAN,2023-11-03
014e46ed-1b48-7eab-b04b-c49bd09c9b22,technical_manager,TECHNOMAR SHIPPING INC,GREECE,2021-09-02
014e478a-68d0-7890-b37b-890b6dd400cb,technical_manager,SHIH WEI NAVIGATION CO LTD,TAIWAN,2011-12-06
01615a10-dcb0-75d3-babc-2d319b130641,technical_manager,CMA SHIPS SAS,FRANCE,2018-05-09
014e46eb-b7d0-785f-a213-214f11dd5019,technical_manager,SITC SHIPPING MANAGEMENT,CHINA,2015-04-03
017b2f6d-c828-7017-bfcb-219d1feb750d,technical_manager,MAERSK AS,DENMARK,2022-01-31
01577955-87d8-705e-877e-7dee3871c9f5,technical_manager,ISM SHIP MANAGEMENT PTE LTD,SINGAPORE,2018-11-28
01934cb8-d1a8-7cf0-b931-ba8cc45fc17a,technical_manager,WALLEM SHIPMANAGEMENT SNG,SINGAPORE,2024-12-26
014e46ef-2e88-7247-b7ac-c18958c000f4,technical_manager,HARBOURLINK MARINE SERVICES SDN BHD,MALAYSIA,2022-03-01
014e46ea-5840-79f9-9af4-2326d173061a,technical_manager,MSC SHIPMANAGEMENT LTD,CYPRUS,2017-05-22
016be433-6570-725e-a8a3-27d39ab7a583,technical_manager,FORMOSA PLASTICS MARINE CORP,TAIWAN,2020-01-30
014e46f3-6c78-7a48-aa63-ae0a595277cc,technical_manager,ORIENT OVERSEAS CONTAINER LINE,HONG KONG,2015-03-31
01808738-8188-7290-a397-75b94e826cb3,technical_manager,SWAN SHIPPING CORP,PHILIPPINES,2016-04-30
014e4711-c9e8-7f48-9917-19fec529e334,technical_manager,HOANH SON GROUP JSC,VIETNAM,2020-11-30
014e46f3-0eb8-7753-acb0-05e25a0c49ec,technical_manager,TVL MARINE CO LTD,TAIWAN,2017-04-17
017d8e34-6450-7457-a147-3f9937bddecb,technical_manager,TIANJIN SOUTHWEST MARITIME LTD,CHINA,2021-12-28
018dbffb-1e10-7f1c-a848-4270d460f858,technical_manager,V SHIPS SHIPPING DEVELOPMENT,CHINA,2024-03-26
014e46eb-1b90-76f1-91ed-a9f620b05467,technical_manager,MSC SHIPMANAGEMENT LTD,CYPRUS,2022-05-29
014e47ed-e590-7768-8e76-bea7eef2c493,technical_manager,SEVEN SEAS OIL HK LTD,HONG KONG,2023-11-08
0177ecb4-6f80-7c55-83f2-ce5870c1ccaa,technical_manager,COSCO WALLEM SHIP MANAGEMENT CO LTD,CHINA,2021-04-23
0185a358-cd00-74d5-a601-8c985b42adbe,technical_manager,STEAM LINE MIDDLE EAST SHPG,UNITED ARAB EMIRATES,2023-02-22
014e46f4-c820-7bd9-b90c-6ffc88db9c3e,technical_manager,OCEAN LONGEVITY SHIPPING MANAGEMENT CO LTD,HONG KONG,2005-09-27
014e46eb-5240-7c9e-b467-46d245d08aaa,technical_manager,TMS DRY LTD,GREECE,2010-06-15
01808738-46f0-7645-b478-2c183ac27b24,technical_manager,COSCO SHIPPING ENERGY TRANS,CHINA,2020-12-02
014e46f6-4ad8-78dd-96e7-02ad880fc326,technical_manager,KOREA SHIPMANAGERS CO LTD,REPUBLIC OF KOREA,2016-02-11
014e46ea-d540-7866-b3b9-0b89a992adca,technical_manager,SITC SHIPPING MANAGEMENT,CHINA,2015-03-10
01961929-bd40-7f2f-910d-ad1290b32791,technical_manager,FUKUJIN KISEN KK,JAPAN,2025-04-25
018fb7d1-f770-715a-9a8c-3979aeaad430,technical_manager,MAGELLAN MARINE SOLUTIONS CO LTD,REPUBLIC OF KOREA,2024-06-19
014e4705-1018-7efd-8a87-b7547c67ff20,technical_manager,GOLDEN TOP SHIPPING CO LTD,CHINA,2019-07-10
014e476d-3058-7d65-a16d-d656a3be9d4e,technical_manager,SITC SHIPPING MANAGEMENT,CHINA,2014-10-13
014e47e8-1930-725f-b5b5-7cf445fe4077,technical_manager,CHINA MERCHANTS RORO TRANS,CHINA,2024-06-30
01774777-41f0-745b-8ef9-07c28c0b4880,technical_manager,MAERSK AS,DENMARK,2021-04-15
01963712-7658-78bd-b2ce-885e48622b8c,technical_manager,ONESEA SOLUTIONS PTE LTD,SINGAPORE,2025-06-30
014e4abe-43a0-7d41-8754-0d1baba18dbc,technical_manager,FORMOSA PLASTICS MARINE CORP,TAIWAN,2010-09-08
014e4748-5aa8-7f9b-9413-26e93ad9ec10,technical_manager,SHANGHAI OCEAN SHIPPING CO LTD,CHINA,2018-01-11
014e483d-e9f0-731f-a8e4-6d1206686857,technical_manager,MARAN TANKERS MANAGEMENT,GREECE,2020-12-17
0186598d-5118-78b4-bc17-a99ee7170408,technical_manager,CLEANOCEAN SHIPMANAGEMENT INC,PHILIPPINES,2023-03-14
014e49d5-cfd0-7231-b6da-8c193e247abb,technical_manager,QINGDAO WINNING INTL SHIPS,CHINA,2021-01-15
01647e42-c758-78a7-9fd3-b4a123a13bdc,technical_manager,NAVIOS CONTAINERS MANAGEMENT INC,MARSHALL ISLANDS,2018-12-08
014e4764-04b0-79ee-ae73-60cd18a29d3d,technical_manager,FORMOSA PLASTICS MARINE CORP,TAIWAN,2013-06-25
014e46ec-a618-7a22-8038-90230147cbcd,technical_manager,NINGBO ZHUNXING SHIPPING CO LTD,CHINA,2024-07-01
014e46ec-09d8-7b89-9ebf-77ed002c61e6,technical_manager,CMA SHIPS SAS,FRANCE,2013-04-17
0180874c-8e58-782e-b9b1-68478c4fc791,technical_manager,GEMADEPT CORP,VIETNAM,2006-10-20
014e471b-3be0-75c7-b3b5-4f7033a0d245,technical_manager,COSCO SHIPPING BULK LTD,CHINA,2019-01-10
019342c8-2bf8-70bb-84b5-ffe2334766da,technical_manager,SYNERGY PACIFIC PVT LTD,INDIA,2025-06-26
014e4818-c238-7c7d-a641-64843f3c636e,technical_manager,MING HENG OCEAN LTD,CHINA,2025-06-01
01692d7e-1ed0-7713-9c24-5e3ae1b59215,technical_manager,JW SHIPPING CO LTD,REPUBLIC OF KOREA,2019-03-28
014e4bc9-d7a0-7ef2-acaa-43e93920bd40,technical_manager,FANGCHENGGANG CITY HENGSHENG,CHINA,2017-12-08
017becd3-b698-737b-a206-c14992c9032a,technical_manager,WAN HAI LINES SINGAPORE PTE,SINGAPORE,2022-03-24
014e4b56-f578-76fd-94f5-e3d6fbed5b77,technical_manager,ZODIAC MARITIME LTD,UNITED KINGDOM,2008-07-14
014e46ea-0a20-7d28-8aba-41510b11d7a9,technical_manager,DANAOS SHIPPING CO,GREECE,2024-07-08
01896ce7-b1d8-7c00-a095-20ccf25e8782,technical_manager,TODA KISEN K K,JAPAN,2024-01-22
014e47c4-2610-78c3-bc98-0a00acb0a9c8,technical_manager,CMA CGM INTERNATIONAL SHIPPING,SINGAPORE,2017-05-03
017ff90a-8e88-7833-b818-7d96b1f44c7f,technical_manager,CLEANSEAS SHIPMANAGEMENT INC,PHILIPPINES,2022-04-28
019801fb-53e8-7132-bd2f-6bb0ac793f11,technical_manager,MEDITERRANEAN SHIPPING CO SRL,ITALY,2025-09-08
01807ded-c098-7046-8d1d-0b88018516fb,technical_manager,DANDONG MARINE SHIPPING CO LTD,CHINA,2022-10-25
019ac8e2-eb90-7986-a39d-cb7dd715891b,technical_manager,ARAB MARITIME PETROLEUM TRANS,KUWAIT,2026-05-19
014e4764-0c80-7b4c-94c5-dbb0e47036b9,technical_manager,HAMMONIA REEDEREI GMBH,GERMANY,2025-06-19
014e46eb-1b90-738d-8638-69d6025c755e,technical_manager,VIET THUAN TRANSPORT CO LTD,VIETNAM,2024-01-16
018625bc-68b0-7783-8afb-7e2b72badfe2,technical_manager,THOME SHIPPING PTE LTD,SINGAPORE,2023-03-08
015ea1ac-c8e8-756d-a14c-01fa3ea43b90,technical_manager,SHIH WEI NAVIGATION CO LTD,TAIWAN,2013-03-12
0181f022-2ec8-7ffb-af9f-ca0cc04697d3,technical_manager,WALLEM SHIPMANAGEMENT SNG,SINGAPORE,2024-04-30
014e46eb-5240-7dc4-8657-f32376a5b0dc,technical_manager,MAERSK AS,DENMARK,2015-04-14
0150e64f-9a60-70dc-978f-c8867fc3502d,technical_manager,CHINA OILFIELD SERVICES LTD COSL,CHINA,2016-05-24
014e4712-9508-7d10-bb1c-0a899d44cf5b,technical_manager,NAVIOS CONTAINERS MANAGEMENT INC,MARSHALL ISLANDS,2018-11-23
014e484b-a1a8-7198-8e3b-6964028f5459,technical_manager,ASIA PACIFIC SHIPMANAGEMENT PTE LTD,SINGAPORE,2021-08-12
0168fb5f-dfd8-7b77-bd8d-8689d0283b5f,technical_manager,DALIAN CHUN AN SHIP MGMT CO,CHINA,2021-03-05
014e47c3-0118-78a0-8ef4-885ca22b72d9,technical_manager,WILHELMSEN AHRENKIEL SHIP,GERMANY,2025-07-25
017d7e23-d7d0-7922-ad2e-ca1e7b9c1e6c,technical_manager,EPS DRY MANAGEMENT PTE LTD,SINGAPORE,2026-01-01
0154bcbc-2318-71dd-b989-5aa04d567736,technical_manager,CLEANSEAS SHIPMANAGEMENT INC,PHILIPPINES,2016-07-12
015d6269-81e0-758c-8a4c-e403363ca279,technical_manager,BERNHARD SCHULTE-HKG LP,HONG KONG,2017-08-31
0173f0f2-7b90-770a-a34b-7b6240cfe33f,technical_manager,SINOKOR SHIP MANAGEMENT CO LTD,REPUBLIC OF KOREA,2020-07-24
0190054e-8b80-7441-b3d4-df99bc927454,technical_manager,HMM OCEAN SERVICE CO LTD,REPUBLIC OF KOREA,2024-07-01
018c94ad-13e0-766c-a6d4-f0939c652967,technical_manager,FAREAST TRANSPORT CO LTD,JAPAN,2024-01-31
014e4ed6-e8c0-73ce-8197-f3a199975b2b,technical_manager,DALIAN HAIDA INTERNATIONAL FLEET MANAGEMENT CO LTD,CHINA,2023-05-25
0169e638-a5d0-7e24-9166-6c548842a670,technical_manager,COSCO SHIPPING BULK LTD,CHINA,2019-01-28
016cefc7-b390-7e98-972c-cd8f45e7562b,technical_manager,USUI KAIUN KK,JAPAN,2019-10-31
014e4798-ad28-72b7-9b44-f97a9c715f04,technical_manager,GUANGZHOU SALVAGE BUREAU,CHINA,2002-08-23
014e4725-c718-7327-b109-9be193859b8d,technical_manager,PACIFIC INTERNATIONAL LINES,SINGAPORE,2015-05-07
018ba234-acb8-7311-954a-f3f9e5aef056,technical_manager,SHIKISHIMA KISEN KK,JAPAN,2023-12-11
019882af-e3f0-7507-bcb5-4d308629f161,technical_manager,MAERSK AS,DENMARK,2018-08-08
014e46eb-6d98-74ad-bbcf-e8f05d5e568d,technical_manager,SHANGHAI JINJIANG SHPG GROUP,CHINA,2015-03-27
0175f2b0-abd0-775b-a171-174fc34d4a3f,technical_manager,HAPAG-LLOYD AG,GERMANY,2025-08-12
014e46fa-b7a8-7475-91b6-3e5bd9965d68,technical_manager,MAERSK AS,DENMARK,2016-09-30
014e48ac-c0f0-72c6-a588-b07b68ed1116,technical_manager,SITC SHIPS MANAGEMENT CO LTD,CHINA,2022-10-18
018f23e6-ea98-7052-ba5e-e22db24a513f,technical_manager,HACT LTD,VIETNAM,2024-09-28
014e46ea-0e08-798a-8db8-57e3c5253313,technical_manager,MAERSK AS,DENMARK,2015-02-01
016c947b-14f0-769c-a886-7322fae78094,technical_manager,SHANGHAI YINGKAI SHIPPING CO,CHINA,2023-03-07
0174061a-9ae8-7317-b512-719d377bc891,technical_manager,SHENZHEN SOUTHERN CHINA LPG SHIPPING CO LTD,CHINA,2011-12-22
014e46ee-6750-796d-9247-4cbdceb8798d,technical_manager,SHANGHAI OCEAN SHIPPING CO LTD,CHINA,2019-12-28
014e46fb-8e80-7bb6-bd0e-0fd3abdd4299,technical_manager,GUANGDONG SHIPPING CO LTD,CHINA,2009-09-23
01822507-fa00-736e-b575-8717b43f6f11,technical_manager,EVERGREEN MARINE CORP,TAIWAN,2022-10-28
0189073f-1128-7a49-8e0a-df65b560712c,technical_manager,FRIENDSHIP SHIPPING CO LTD,CHINA,2023-06-27
01758c58-4af0-795c-bcfb-1b4f0a6d1170,technical_manager,SHENZHEN OCEAN SHIPPING CO LTD,CHINA,2020-12-18
014e484b-5b58-7f62-9d8b-688e74e409e5,technical_manager,YANG MING SINGAPORE PTE LTD,SINGAPORE,2022-10-15
01519ee0-ee80-72e9-a85e-00f158bc1acd,technical_manager,FIRST STEAMSHIP SA,TAIWAN,2016-01-19
01815c19-2a10-7c61-add0-97bba8857017,technical_manager,FLEET MANAGEMENT LTD HKG,HONG KONG,2022-07-08
014e4b7a-b9b8-7af6-a39b-778b9ccb10ee,technical_manager,NANJING SHENGHANG SHIPPING CO LTD,CHINA,2024-04-26
014e4d27-f870-7eda-bf3a-72f98cc77820,technical_manager,NORTHERN MARINE MANAGEMENT LTD,UNITED KINGDOM,2011-09-08
017b3a33-26e0-732c-a43e-fe5a065edcc1,technical_manager,TODA KISEN K K,JAPAN,2021-09-16
014e4723-7940-73d1-a05e-109feb6ee171,technical_manager,FORMOSA PLASTICS MARINE CORP,TAIWAN,2011-12-27
014e4902-a538-7d06-af27-52878dd67e33,technical_manager,TECHNOMAR SHIPPING INC,GREECE,2019-06-05
016e5d86-6498-761d-b80a-4759ca6f9652,technical_manager,CLEANOCEAN SHIPMANAGEMENT INC,PHILIPPINES,2020-02-18
017940fe-6b30-7923-88d4-d57e17ef24fb,technical_manager,MAERSK AS,DENMARK,2021-10-26
014e4773-00a0-72a0-a0f1-c83fc40f33ff,technical_manager,MERATUS SWADAYA MARITIM PT,INDONESIA,2023-10-05
014e4abb-d688-7997-a1a4-54d9d2f73c90,technical_manager,PACIFIC INTERNATIONAL LINES,SINGAPORE,2021-02-11
014e46ef-22d0-721b-b7b2-10ef619b99b5,technical_manager,SAFETY SAILING SHIP MGMT,CHINA,2024-05-30
014f87b5-0a68-7c8d-ba35-c92793d4409a,technical_manager,MARMARAS NAVIGATION LTD,GREECE,2016-02-25
014e4712-9120-79b6-953e-1c180b980878,technical_manager,MOLSHIP,JAPAN,2018-04-21
014e4704-1230-7973-a46d-126e4d2011b7,technical_manager,UMING MARINE XIAMEN INTERNATIONAL SHIP MANAGE,CHINA,2016-03-11
01887f9d-5b58-792e-8073-b25a1cbec059,technical_manager,V SHIPS SHIPPING DEVELOPMENT,CHINA,2023-07-25
01857755-fc50-7437-aed5-bc9273f40fcc,technical_manager,NYK SHIPMANAGEMENT PTE,SINGAPORE,2016-11-29
014e47f8-af48-7ea9-9cca-9eda68a483af,technical_manager,VIMC SHIPPING CO,VIETNAM,2018-06-15
014e46f3-1688-70c6-bc98-8ae0628cf90b,technical_manager,UNITED SHIPPING CO LTD,VIETNAM,2025-09-17
01904e28-5b10-721d-88cc-130edaf07c72,technical_manager,CARRAS HELLAS SA,GREECE,2024-08-08
019cbd0d-e390-7251-af63-563af3a423d3,technical_manager,OSM SHIP MANAGEMENT PTE LTD,SINGAPORE,
014e4700-87f0-7457-9fce-f0fe8d622d6e,technical_manager,DEYUAN SHIPPING CO LTDHKG,HONG KONG,2019-06-21
014e4b1e-5d30-78eb-925f-cd872881cfea,technical_manager,NAVILANDS SHANGHAI CONTAINER,CHINA,2024-04-02
014e536b-5178-7aac-8aee-ebf06e7b8d31,technical_manager,DAIICHI CHUO NAIKKO KAISHA,JAPAN,2011-05-30
0193999a-8930-711f-9544-62b14e9e2d4e,technical_manager,SHENZHEN OCEAN SHIPPING CO LTD,CHINA,2021-12-28
0179dab5-0518-7cf0-8a27-62513ed9cafb,technical_manager,ASSOCIATED MARITIME CO HK LTD,HONG KONG,2021-07-20
014e495b-e8c8-7823-92d5-2bcfdac9bb54,technical_manager,MSC SHIPMANAGEMENT LTD,CYPRUS,2022-11-05
01523363-e5f8-7f75-8dad-cd898bbb9d86,technical_manager,POS SM CO LTD,REPUBLIC OF KOREA,2025-06-25
0186c9d9-6100-76a1-a234-2275a64c39ef,technical_manager,TIANJIN SOUTHWEST MARITIME LTD,CHINA,2023-04-23
014e46ff-2860-736b-8460-e19dca403a7b,technical_manager,FIRST STEAMSHIP SA,TAIWAN,2015-03-11
0180873c-e2a0-7687-b4ac-2890b9e17e27,technical_manager,DALIAN SENYI SHIPPING LTD,CHINA,2022-09-23
018ea3ae-1270-785b-8c86-0120ad2f3dbc,technical_manager,RONGCHENG LUTAI SHIPPING CO,,2024-08-06
019cc0f7-9cf8-7511-a7bb-d9436f6b4881,technical_manager,TMS DRY LTD,GREECE,
014e46f8-8910-730b-9cbc-1d6b7f46c4d9,technical_manager,FESCO,RUSSIA,2021-12-09
01898a7b-8490-7f39-8999-47bed3552332,technical_manager,SINOKOR SHIP MANAGEMENT CO LTD,REPUBLIC OF KOREA,2023-08-25
0182f78b-0760-7de3-a987-95870a5d2a2e,technical_manager,RUI YUAN GUANGZHOU SHIPPING CO,CHINA,2025-08-06
018f2755-d680-7335-b970-563f7dd31e81,technical_manager,TODA KISEN K K,JAPAN,2024-06-12
014e47da-d6a8-7e84-b795-9656b58dcac9,technical_manager,SEASPAN SHIP MANAGEMENT LTD,CANADA,2015-10-31
014e4745-8fd0-7f0e-a1cf-2b47267f8458,technical_manager,KMTC SHIP MANAGEMENT CO LTD,REPUBLIC OF KOREA,2020-04-26
0173223e-ecc0-7a1b-9915-8e12a99ddf8d,technical_manager,ISM SHIP MANAGEMENT LTD,CHINA,2023-11-19
01616472-7088-77ae-bd73-19848319f969,technical_manager,EVERGREEN MARINE CORP,TAIWAN,2018-03-02
01656a40-42e8-712a-9ab9-c2e70e147614,technical_manager,TOKEI KAIUN KK,JAPAN,2018-09-11
01921655-54c0-7b5d-8089-8782478bbbdd,technical_manager,EVERGREEN MARINE CORP,TAIWAN,2025-01-24
018087c4-a488-7827-b18f-5c83a2e81383,technical_manager,ZHEJIANG ZHONGTUP SHIPPING,CHINA,2018-06-19
014e46ed-80d8-771a-a0e3-a1415a88a9b7,technical_manager,VIDAPORE SHIP MGMT SHANGHAI,CHINA,2020-08-16
0186acb1-86e8-71ce-ae9c-dbc3cf763a30,technical_manager,COSCO SHIPPING BULK LTD,CHINA,2019-01-12
014e4712-1038-7cf1-9dfa-9c4f8b59cf3f,technical_manager,SHENZHEN OCEAN SHIPPING CO LTD,CHINA,2019-05-02
014e46ef-ab88-7ce8-98bc-9350c9624d1c,technical_manager,DOEHLE SHIPMANAGEMENT PTE LTD,SINGAPORE,2024-06-28
016aaf7e-f818-742a-9a62-508a4cad934b,technical_manager,EVERGREEN MARINE CORP,TAIWAN,2019-06-21
014e46f4-7de8-7bda-9f8d-034c43faee43,technical_manager,SITC SHIPS MANAGEMENT CO LTD,CHINA,2021-04-02
014e47a4-49d0-7927-ba3f-5b99c44cc5c9,technical_manager,CIDO SHIPPING KOREA CO LTD,REPUBLIC OF KOREA,2010-11-12
018d49d1-f100-7b1f-acf2-2e2134edc758,technical_manager,FIRST MARINE SERVICE CO,JAPAN,2024-02-29
01550ef6-1ff8-7b22-9dd7-54c8a5ed706a,technical_manager,CMA CGM INTERNATIONAL SHIPPING,SINGAPORE,2025-07-06
014e4798-95b8-780d-b18f-48a403871e33,technical_manager,SHANGHAI OCEAN SHIPPING CO LTD,CHINA,2012-06-18
016b59b8-8f60-7297-9dd4-ac5b48118066,technical_manager,ANGLOEASTERN MARITIME SERVICES PTE LTD,SINGAPORE,2025-01-11
014e46f6-fe88-74ee-9a3d-140ab8e6ac1a,technical_manager,ZHEJIANG YONGHANG SHIPPING CO LTD,CHINA,2010-06-05
014eae60-8148-7960-8270-75c8c59d4d29,technical_manager,BERNHARD SCHULTE-GER,GERMANY,2021-07-18
016edc3a-94a8-7d30-9b21-af48816d76db,technical_manager,DY SMC CO LTD,REPUBLIC OF KOREA,2023-04-05
018088d6-e778-732e-b3d8-06bd99743a25,technical_manager,GUANGZHOU SALVAGE BUREAU,CHINA,2000-07-05
014e47a7-7268-7801-b33f-3d875e11b589,technical_manager,AMA MARINE PCL,THAILAND,2017-08-03
014e47ca-7740-7def-83e4-b0a285d1b475,technical_manager,WAN HAI LINES SINGAPORE PTE,SINGAPORE,2023-08-24
014e46f4-fed0-75ab-b2c0-ce20dcea251a,technical_manager,NYK SHIPMANAGEMENT PTE,SINGAPORE,2013-03-29
014e46ec-82f0-7e8f-92f8-782c5a51dcb7,technical_manager,SHANGHAI OCEAN SHIPPING CO LTD,CHINA,2019-12-26
014e47b5-5130-78f5-a5ee-a25f8bd1bd9c,technical_manager,NYK SHIPMANAGEMENT PTE,SINGAPORE,2017-08-24
01872719-f000-74de-99e8-d8c033f626e8,technical_manager,SINOKOR SHIP MANAGEMENT CO LTD,REPUBLIC OF KOREA,2023-05-04
014e46f9-e8a0-766a-a3e1-a7dce528bf54,technical_manager,SITC SHIPPING MANAGEMENT,CHINA,2012-10-22
014e4819-8970-7492-b4de-d8cff62130aa,technical_manager,COSCO SHIPPING ENERGY TRANS,CHINA,2019-11-21
014e46fc-80b0-7c9a-88b7-0163a57240ab,technical_manager,ABOJEB CO INC,PHILIPPINES,2008-02-27
014e46fa-b3c0-7d8f-b59a-18171600fb21,technical_manager,MAERSK AS,DENMARK,2015-02-01
015667fa-ec68-77ac-af8c-b1f661e93d79,technical_manager,COSCO SHIPPING ENERGY TRANS,CHINA,2019-06-26
014e471d-62a8-76d1-9719-07cc53c762e1,technical_manager,POS SM CO LTD,REPUBLIC OF KOREA,2019-09-15
01742e02-da48-7b8f-836c-993dac77e74c,technical_manager,WAN HAI LINES SINGAPORE PTE,SINGAPORE,2026-01-22
0197f6b1-b1d0-791d-8673-a0078b3e75a9,technical_manager,SHENZHEN OCEAN SHIPPING CO LTD,CHINA,2025-09-28
01808739-2980-752d-9290-a238ac86e5e1,technical_manager,MAERSK AS,DENMARK,2024-03-13
014e4854-f460-7d77-bff6-22a96e6294cc,technical_manager,ANDALAS BAHTERA BARUNA,INDONESIA,2022-11-25
014e4752-12f0-7fa1-9b07-ac648430a556,technical_manager,FLEET SHIP MANAGEMENT PTE LTD,SINGAPORE,2017-09-21
014e46ff-7298-7300-a203-24bc20d1e580,technical_manager,TRUONG LONG VN JSC,VIETNAM,2025-05-06
014e46ef-9be8-702f-a4c3-0bad3173f282,technical_manager,NYK SHIPMANAGEMENT PTE,SINGAPORE,2002-11-26
014e53c1-d200-76b1-9ade-82b9d7b50dba,technical_manager,SHENZHEN HUAWEI OFFSHORE,CHINA,2009-12-01
014e4875-3e00-75b0-97ac-878f31749bbd,technical_manager,TECHNOMAR SHIPPING INC,GREECE,2019-05-06
014e46ea-6010-766a-a572-e98c0fee4f48,technical_manager,YANG MING MARINE TRANSPORT CORP,TAIWAN,2005-12-09
014e47c4-c250-743c-adc8-5a0226ab34b1,technical_manager,PACIFIC INTERNATIONAL LINES,SINGAPORE,2023-03-29
01808792-e628-7de6-8261-9657063741f8,technical_manager,SEAGULL CORP,VIETNAM,2017-04-09
014e4711-fcb0-7f69-9b9e-718367bff3e8,technical_manager,SHANGHAI OCEAN SHIPPING CO LTD,CHINA,2012-06-20
014e47f5-3890-78bd-910e-657e57774769,technical_manager,RCL SHIPMANAGEMENT PTE LTD,SINGAPORE,2005-10-25
01894482-18a0-74ae-aaae-8f874ec5d78d,technical_manager,V SHIPS SHANGHAI LTD,CHINA,2023-08-15
01808738-4308-7a6f-8d53-31647f5e052e,technical_manager,SITC SHIPPING MANAGEMENT,CHINA,2011-12-14
0196dc64-1a30-700a-9141-91c5f3a1ab05,technical_manager,TODA KISEN K K,JAPAN,2025-06-26
014e4749-b268-7170-8e07-7948694d84ea,technical_manager,VIET THUAN TRANSPORT CO LTD,VIETNAM,2025-11-20
014e46f4-2fc8-7cae-8cde-531640b7b0fc,technical_manager,CIDO SHIPPING KOREA CO LTD,REPUBLIC OF KOREA,2006-09-30
014e47a2-c330-736a-90a7-43da5eb1e46c,technical_manager,AMA MARINE PCL,THAILAND,2018-03-07
014e46eb-65c8-76eb-8cfd-05a56a368a1a,technical_manager,VELOS DRY LTD,GREECE,2024-06-10
014e9f18-4220-7a43-bf5c-d4f4c5765122,technical_manager,BW FLEET MANAGEMENT,NORWAY,
017ac282-05f8-7ff6-972c-4a7b1f2bdd5e,technical_manager,USUI KAIUN KK,JAPAN,2021-09-22
016106e1-5858-71d2-a2c8-2eaabed21a40,technical_manager,FAIRMONT SHIPPING HK LTD,HONG KONG,2024-09-25
0176211a-1088-7902-9510-6c36d82e71d2,technical_manager,COSTAMARE SHIPPING CO SA,GREECE,2021-02-04
014e46ea-f868-7390-9f9f-bf53d43b5475,technical_manager,WIN ENTERPRISE SHIP MANAGEMENT NINGBO CO LTD,CHINA,2023-10-20
014e4704-6438-7b91-aafe-0e4ea47c6659,technical_manager,OSM SHIP MANAGEMENT PTE LTD,SINGAPORE,2024-12-07
014e46f7-2598-7034-ae0e-5120be3e8b00,technical_manager,VTB HAI AU CO LTD,VIETNAM,2026-01-30
019bea1d-d3f0-7844-893b-65a471e7e57d,technical_manager,SHANGHAI DINGHENG SHPG TECH,CHINA,
01856ab1-a080-7922-8044-3fab395d6c76,technical_manager,KITAURA KAIUN KK,JAPAN,2023-04-19
014e46ed-d6c8-7652-a64c-57f95ffbdc70,technical_manager,AMA MARINE PCL,THAILAND,2015-07-29
017ac1dd-26f0-73f7-bc30-83d4ace74cfc,technical_manager,SEACON SHIPS MANAGEMENT FUZHOU,,2026-03-04
01836f7c-7538-78bb-a4f8-b734d170b26f,technical_manager,HPS SHIP MANAGEMENT CO LTD,VIETNAM,2024-07-10
014e46f4-1c40-7926-a4be-70fbe18b0f5e,technical_manager,TANGSHAN DONGFANG SHIPPING,CHINA,2025-05-23
014e4717-09a8-7c07-8092-53a252ad895c,technical_manager,BRUNEI GAS CARRIERS SDN BHD,BRUNEI,2019-10-24
016b452a-cf90-7ef2-997e-268e3baca64e,technical_manager,MEDITERRANEAN SHIPPING CO SRL,ITALY,2019-07-04
01827b44-1660-73f4-8719-bb8f49c451aa,technical_manager,FLEET SHIP MANAGEMENT PTE LTD,SINGAPORE,2022-09-21
0164fbcd-2150-7757-b45d-1211d2bd646e,technical_manager,FAREAST SHIPMANAGEMENT HK LTD,HONG KONG,2025-01-14
016eb0dd-b088-7ffe-ba82-be24b5148f1a,technical_manager,SWIRE SHIPPING PTE LTD,SINGAPORE,2020-01-17
019a2354-9c78-7483-a135-ffb991d37ef9,technical_manager,WALLEM SHIPMANAGEMENT LTD,HONG KONG,
014e7411-a008-7aa0-b882-0bd8ad9a7f83,technical_manager,DALIAN SENYI SHIPPING LTD,CHINA,2022-09-16
018097dd-6e68-79d7-b0b2-d32d62677030,technical_manager,QUYET TAM SHIPPING CO LTD,VIETNAM,2021-06-09
014e47d6-eea8-7401-98b6-8653b320fabb,technical_manager,DRACO BUREN SHIPPING PTE LTD,SINGAPORE,2021-04-21
019a4d0b-75a0-7712-9eab-c46e53d8d2af,technical_manager,TRIBINI CAPITAL LTD,HONG KONG,
0191dd12-3a48-786a-bec6-245b3caa44f5,technical_manager,HUBEI CHUDAO WATERWAY TRANS,CHINA,2024-09-08
018a32d1-d130-72fd-8c66-726dc1cfc8af,technical_manager,POS SM CO LTD,REPUBLIC OF KOREA,2023-08-31
014e4daa-0180-7557-9b7b-2c8cadf802ed,technical_manager,BERNHARD SCHULTE-CYP,CYPRUS,2015-08-15
014e46ec-57f8-7d51-a8a7-b4dead8597ea,technical_manager,HONGKONG HAIYAO SHIPPING CO,HONG KONG,2026-01-09
014e46ea-3900-7723-b86b-a96d73381221,technical_manager,YONG HE SHIP MANAGEMENT CO LTD,CHINA,2025-05-26
01808ba3-6d28-7a44-b8e6-a0413b1f5759,technical_manager,HOANG GIA SHIPPING SERVICES,VIETNAM,2022-08-03
014e46ed-d6c8-7a0f-8744-a9cfaa9b1b5f,technical_manager,FUZHOU SHIPPING GROUP CO LTD,HONG KONG,2025-11-14
014e5f19-6668-77da-93ac-8a09c8540d5f,technical_manager,TTP IET JSC,VIETNAM,2024-01-12
0160affd-f7a8-750e-ba22-320878ee96af,technical_manager,SERENITY SHIP MANAGEMENT FZCO,UNITED ARAB EMIRATES,2022-07-25
019653f6-ded0-7c1e-8c19-db2976ce45fe,technical_manager,YANTAI SHENGFA SHIPPING CO LTD,CHINA,2025-04-08
0197f832-fe88-772e-bdf1-e9b37b435bb8,technical_manager,RUN XIANG SHIPPING CO LTD,CHINA,2024-09-21
01808739-6fd0-7369-8b82-d7b30fa65af9,technical_manager,HMM OCEAN SERVICE CO LTD,REPUBLIC OF KOREA,2020-06-26
014e485f-6828-74f0-a8cd-af5e9d1998cd,technical_manager,ZHOUSHAN ENJI SHIPPING DEVELOPMENT CO LTD,CHINA,2024-10-17
014e46ed-7cf0-7a4e-a9ab-4d4ea119410a,technical_manager,HALCOUSSIS Z&G CO,GREECE,2025-11-18
015e84fe-b2b0-7c22-8131-16a86c4adea4,ism_manager,QUANZHOU ANSHENG SHIPPING CO LTD,CHINA,2018-01-20
014e554b-d148-7763-b305-81353409f84e,ism_manager,CHINA OILFIELD SERVICES LTD COSL,CHINA,2011-12-16
014e46f6-0c58-733c-8b95-f7dbc1cb1b82,ism_manager,ORIENT OVERSEAS CONTAINER LINE,HONG KONG,2007-10-25
014e57f5-4668-70f7-b53f-0862b7111170,ism_manager,MSC SHIPMANAGEMENT LTD,CYPRUS,2023-10-25
014e46eb-5628-745d-a171-882c035e56cb,ism_manager,HACT LTD,VIETNAM,2020-12-22
018808dc-66d0-748d-9014-2fb195da4ec7,ism_manager,FLEET MANAGEMENT LTD HKG,HONG KONG,2023-07-07
0186086d-d870-7149-ae09-ebc38b6c5e61,ism_manager,ZODIAC MARITIME LTD,UNITED KINGDOM,2011-06-03
014e47b3-0f10-7396-ad8c-f9895b1dc774,ism_manager,BERGE BULK MARITIME PTE LTD,SINGAPORE,2021-10-28
017f96ad-05e0-7acf-9f46-6e743e4e5b47,ism_manager,DYNAGAS LTD,GREECE,2022-07-29
018fe606-9470-733a-af09-07a49bdffead,ism_manager,SITC SHIPPING MANAGEMENT,CHINA,2024-10-23
0171c4c2-ec28-7ba1-8fb7-4a481a85bc35,ism_manager,YANG MING SINGAPORE PTE LTD,SINGAPORE,2022-06-30
014e4723-5de8-7d30-841f-038683cc90f5,ism_manager,ANGLOEASTERN TANKER MGMTHKG,HONG KONG,2011-06-15
014e46eb-b000-7c8c-9234-86e252ee7ec0,ism_manager,CMA SHIPS SAS,FRANCE,2015-06-12
014e4789-18e0-79a8-8cab-9c56ecc3c798,ism_manager,SHANGHAI FUJIAN GUOHANG OCEAN SHIPMANAGEMENT,CHINA,2012-03-21
014e4765-0a68-7871-97ce-96c7a993f26c,ism_manager,MSC SHIPMANAGEMENT LTD,CYPRUS,2023-07-13
014e4703-a0e8-750c-9e9e-572ba464c4c4,ism_manager,SITC SHIPS MANAGEMENT CO LTD,CHINA,2022-09-19
0195ea7e-3ac0-70b7-8a42-d5b2cacf4683,ism_manager,EVERGREEN MARINE CORP,TAIWAN,2025-10-27
018fa93d-aab0-76e7-b0b5-b589ca0e1a30,ism_manager,VIET THUAN TRANSPORT CO LTD,VIETNAM,2024-06-27
0180873e-3a60-7dee-91ae-c09106db93c2,ism_manager,VIETNAM NATIONAL PETROLEUM CORP PETROL,VIETNAM,2016-08-23
014e46eb-17a8-72e8-bf44-12876e7b748e,ism_manager,MSC SHIPMANAGEMENT LTD,CYPRUS,2018-04-03
014e47af-f230-76b0-96fe-f184819b7ba4,ism_manager,GREAT CIRCLE SHIPPING AGENCY,THAILAND,2014-09-03
014e4704-3940-7bf1-be90-0cc2cc4fa0e9,ism_manager,K MARINE SHIP MGMT PTE LTD,SINGAPORE,2022-08-15
014e46ee-1160-7277-9436-2417d294aa70,ism_manager,MEDITERRANEAN SHIPPING CO SRL,ITALY,2014-09-02
014e46ea-c1b8-7111-9ffb-6349e70ccbd6,ism_manager,SHANGHAI OCEAN SHIPPING CO LTD,CHINA,2019-11-28
01591a98-1e70-766a-b801-c6bba6ceae44,ism_manager,COSMOSHIP MANAGEMENT SA,GREECE,2017-02-10
01742f6b-5770-703c-9e9a-07bb05ee511b,ism_manager,SHANGHAI ZHONGGU LOGISTICS CO,CHINA,2022-12-04
014e5233-46a8-7e9c-9ed9-ef1f33cd0b7d,ism_manager,YANG MING MARINE TRANSPORT CORP,TAIWAN,2009-01-08
014e4822-3fe8-7cb9-b9e2-7b03ef2e8e60,ism_manager,SHANGHAI OCEAN SHIPPING CO LTD,CHINA,2019-08-01
014e46ff-9d90-789c-a0e3-61329c05950b,ism_manager,RCL SHIPMANAGEMENT PTE LTD,SINGAPORE,2003-02-12
014e46f8-2f38-7225-8e82-f1ad0c03080a,ism_manager,MSC SHIPMANAGEMENT LTD,CYPRUS,2021-11-24
014e4746-2c10-728d-9bd1-b2fb8fa20e13,ism_manager,MSC SHIPMANAGEMENT LTD,CYPRUS,2023-05-24
01571494-97a8-7164-9885-870c063d674e,ism_manager,HUIZHOU HUAYI RONGSHENG SHIPPING CO LTD,CHINA,2018-12-09
01909542-4678-74b0-81d4-5c5caa09c6b1,ism_manager,AGLAIA SEA TRANSPORT INC,PHILIPPINES,2024-08-08
018ff08f-6340-7306-9c8c-984c8f53dd2c,ism_manager,EUROBULK LTD,GREECE,2024-06-28
018d25e7-21e8-7de1-9a68-1248f984a255,ism_manager,JW SHIPPING CO LTD,REPUBLIC OF KOREA,2024-03-19
014e4acc-5d00-7c44-b22d-c72b6ac772eb,ism_manager,ZHOUSHAN SHENGRUN SHIPPING CO,CHINA,2024-11-27
01929a3c-0a18-794b-bc4b-6a25c4102b07,ism_manager,FLEET MANAGEMENT LTD HKG,HONG KONG,2024-11-25
014e4703-9d00-74c9-a001-e605caa5cca5,ism_manager,KMTC SHIP MANAGEMENT CO LTD,REPUBLIC OF KOREA,2008-02-01
014e46f7-8740-784d-a988-f6f202394ad4,ism_manager,EAST 33 MARITIME LTD,GREECE,2020-10-26
018089c4-e928-769b-ad5e-6cc36cf18456,ism_manager,ALLSEA DMCC JSC,VIETNAM,2019-11-18
0162e0b1-7120-76a2-ab71-24d15ab691c3,ism_manager,NYK SHIPMANAGEMENT PTE,SINGAPORE,2018-06-06
01826914-7a70-7515-a188-27e0b0dd1a24,ism_manager,FRIENDSHIP SHIPPING CO LTD,CHINA,2022-11-01
014e54bc-3790-7f00-984a-af4d2e801f00,ism_manager,SIAM LUCKY MARINE CO LTD,THAILAND,2009-02-25
0172bd3f-8460-7e1e-b34a-8af19ba33786,ism_manager,DY SMC CO LTD,REPUBLIC OF KOREA,2022-05-22
0187c5be-74b0-7011-8aa8-6b709b3ffec2,ism_manager,SITC SHIPPING MANAGEMENT,CHINA,2023-05-30
015c4781-6b78-78d4-920f-e14be60c7360,ism_manager,DORVAL SHIP MANAGEMENT KK,JAPAN,2017-06-16
01716c4b-62a0-7793-a518-84a97d3ff383,ism_manager,RUI YUAN GUANGZHOU SHIPPING CO,CHINA,2025-09-28
014e46eb-7950-74ef-8987-f9fb0e41d563,ism_manager,MAERSK AS,DENMARK,2015-05-06
015dab79-2e80-7f02-901b-e754787339b8,ism_manager,EVERGREEN MARINE CORP,TAIWAN,2017-09-03
016db3ab-4100-73e5-aa4b-7bba72b224a3,ism_manager,JW SHIPPING CO LTD,REPUBLIC OF KOREA,2019-10-30
014e479a-6a78-7442-a413-9444bc1dc2db,ism_manager,SITC SHIPPING MANAGEMENT,CHINA,2016-05-22
0194f390-7048-72db-b83a-e07547c3baad,ism_manager,EVERGREEN MARINE CORP,TAIWAN,2025-03-06
014e474b-19c8-7dcb-bd44-d296455903ea,ism_manager,HONG KONG HAICHANG HOLDINGS,CHINA,2024-06-06
017313d7-97b8-7435-8351-abf2f2744171,ism_manager,JW SHIPPING CO LTD,REPUBLIC OF KOREA,2022-05-07
014e46ea-6010-72c7-9456-6f79640304f6,ism_manager,MSC SHIPMANAGEMENT LTD,CYPRUS,2021-07-28
014e4749-3950-7741-b408-107a034aa030,ism_manager,SANDIGAN SHIP SERVICES INC,PHILIPPINES,2022-01-22
014e46ed-4a28-719e-bf1d-e1b5f0dfa3d2,ism_manager,ALPHA BULKERS SHIPMANAGEMENT INC,GREECE,2017-01-20
01851aaf-6b30-78ce-81e3-3dd7e6f390ac,ism_manager,SMTECH SHIP MANAGEMENT CO LTD,REPUBLIC OF KOREA,2023-05-12
014e46f5-c9f0-7c94-aa1d-2634fa057c1f,ism_manager,NOAH SHIP MANAGEMENT DMCCO,UNITED ARAB EMIRATES,2026-04-14
014e4bc8-7040-7968-aece-df1c38d8957a,ism_manager,CHINA SHIPPING CHEMICAL CARRIER CO LTD,CHINA,2013-05-06
01742ffc-8380-7976-b69f-ea98387beee8,ism_manager,KMTC SHIP MANAGEMENT CO LTD,REPUBLIC OF KOREA,2020-08-27
0190159e-72c0-772b-b022-366cc6a69e03,ism_manager,WAN HAI LINES SINGAPORE PTE,SINGAPORE,2024-07-09
018dd685-d2d8-7cbe-8a1f-eaa0d12fd6d1,ism_manager,HACT LTD,VIETNAM,2024-04-26
0168930a-7678-79d2-b2ab-4dd8389fa023,ism_manager,CHARTERWELL MARITIME SA,GREECE,2019-03-27
018ad9c4-a5d0-7cb4-a700-fd08843aa925,ism_manager,EASTERN PACIFIC SHIPPING PTE,SINGAPORE,2023-11-07
01521b61-71c8-7019-88f3-f1bc754af977,ism_manager,TMS DRY LTD,GREECE,2010-06-15
0180f4e7-9b88-7ab8-ab23-0f4aa7295c14,ism_manager,SITC SHIPPING MANAGEMENT,CHINA,2022-06-20
018f382c-1c30-7933-817c-137aabcdc4b0,ism_manager,MAGELLAN MARINE SOLUTIONS CO LTD,REPUBLIC OF KOREA,2024-05-28
014e4d75-5520-7e86-8957-21210dc9da64,ism_manager,DANAOS SHIPPING CO,GREECE,2007-09-01
014e4723-d318-78aa-93ae-af64a121e297,ism_manager,CMA CGM INTERNATIONAL SHIPPING,SINGAPORE,2018-05-24
014e46f0-a1a0-7256-a9cc-9cd3b719985a,ism_manager,SHANGHAI OCEAN SHIPPING CO LTD,CHINA,2013-09-16
014e48e1-1b48-78af-890e-a12b4fc0629a,ism_manager,YANG MING SINGAPORE PTE LTD,SINGAPORE,2022-03-15
014e46eb-5df8-7292-8612-52d2638fd04c,ism_manager,WILHELMSEN AHRENKIEL SHIP,GERMANY,2025-08-14
014e46eb-bbb8-7993-b31b-4fb500457a16,ism_manager,ORIENT OVERSEAS CONTAINER LINE,HONG KONG,2007-10-25
014e473e-8ed8-7a2c-a0d5-82905b1ba436,ism_manager,ASSOCIATED MARITIME CO HK LTD,HONG KONG,2022-04-11
017bbeba-5e10-7597-bb5b-7266002e615e,ism_manager,MEDITERRANEAN SHIPPING CO SRL,ITALY,2021-10-07
01924a9c-d488-7b40-a7d7-1d7764223d1c,ism_manager,MAGELLAN MARINE SOLUTIONS CO LTD,REPUBLIC OF KOREA,2024-10-23
014e4766-3b18-7875-b6d8-f7f3863de71e,ism_manager,NYK SHIP MANAGEMENT,JAPAN,2015-07-28
015cf6ce-b180-721d-8e5d-9cbf672d545c,ism_manager,FLEET MANAGEMENT LTD HKG,HONG KONG,2017-07-21
0180b67e-6f48-72ad-a2d5-da5870e9e0cf,ism_manager,ONESEA SOLUTIONS PTE LTD,SINGAPORE,2025-11-12
014e4c1d-1c08-7738-aba6-1b82a7d573aa,ism_manager,ORIENT OVERSEAS CONTAINER LINE,HONG KONG,2015-01-07
014e46f9-f070-79cf-a08a-9a8c3eea17c5,ism_manager,HONG KONG MING WAH SHIPPING CO LTD,HONG KONG,2012-06-01
014e46f2-a928-70ec-9c30-f36197e0efb7,ism_manager,WAN HAI LINES SINGAPORE PTE,SINGAPORE,2023-07-28
0183a85e-8bc0-7247-b018-f85148f716a0,ism_manager,TOEI KOREA LTD,REPUBLIC OF KOREA,2022-10-26
018c3813-8e98-73d4-81d7-723f6a75f8fd,ism_manager,HLINE SHIPPING CO LTD,REPUBLIC OF KOREA,2024-01-22
018325b7-72b8-7500-864c-16bbab7cf7fe,ism_manager,CHINA SHIPPING CHEMICAL CARRIER CO LTD,CHINA,2022-10-20
014e53df-73f0-75ab-beaf-c39906a01e15,ism_manager,ALLSEA DMCC JSC,VIETNAM,2022-02-07
014e4aac-d2c8-7c4b-8e2f-f7a95db4bf48,ism_manager,WILHELMSEN SHIP MGMT SDN BHD,MALAYSIA,2022-11-03
014e58b4-77b8-7cf9-ac3d-06ccc8b463a0,ism_manager,CMA SHIPS SAS,FRANCE,2009-03-19
014e46f1-8c00-70fc-aae1-0b4d2609e684,ism_manager,FRANBO SAGACITY SA,PANAMA,2021-12-10
014e48d5-8a58-7efd-b1dd-efc63cd0bcaf,ism_manager,BERNHARD SCHULTE SINGAPORE,SINGAPORE,2009-08-24
0174aed2-be68-7561-ba05-65475d20b9c1,ism_manager,YANG MING SINGAPORE PTE LTD,SINGAPORE,2021-09-21
014fa192-1e80-7ce2-a81b-e82042ab1d0e,ism_manager,HUIZHOU HUAYI RONGSHENG SHIPPING CO LTD,CHINA,2018-08-31
014e46ec-f820-7ef1-8ef4-06b5829960dd,ism_manager,KMTC SHIP MANAGEMENT CO LTD,REPUBLIC OF KOREA,2011-03-28
014e46ec-d8e0-7703-b992-ada4eaa3980d,ism_manager,V SHIPS GREECE LTD,GREECE,2019-11-29
014e46ea-e4e0-7df8-a473-524471254f95,ism_manager,MSC SHIPMANAGEMENT LTD,CYPRUS,2023-12-28
014e4702-9360-749a-86f3-a6f94e303949,ism_manager,GOLDEN UNION SHIPPING CO SA,GREECE,2012-06-26
018804ce-9338-70a5-9743-2145387e80b5,ism_manager,IOLCOS HELLENIC MARITIME ENTERPRISES CO LTD,GREECE,2023-06-05
014e5dd9-4548-72e4-ad11-419135092418,ism_manager,NHAT VIET MARINE SERVICE JSC,VIETNAM,2024-10-15
0191dee3-ed08-74bc-a89e-8e6ca4261823,ism_manager,SITC SHIPS MANAGEMENT CO LTD,CHINA,2024-10-27
014e4879-2dd0-7787-8333-072d18618487,ism_manager,PACIFIC INTERNATIONAL LINES,SINGAPORE,2016-07-28
014e46f1-41c8-7492-a374-c310539bbdd3,ism_manager,SHANGHAI OCEAN SHIPPING CO LTD,CHINA,2019-10-30
0166c31b-4fd8-7954-853e-d16ad11cf25e,ism_manager,SHANGHAI OCEAN SHIPPING CO LTD,CHINA,2018-12-11
014e46f2-0518-7aae-ad05-c0edc1b2835b,ism_manager,SWAN SHIPPING CORP,PHILIPPINES,2008-02-26
018ef4af-f4e0-79e0-bc17-a17654e787cd,ism_manager,SHANGHAI DINGHENG SHIP MGMT CO,CHINA,2025-08-29
014e4712-ac78-7cb1-a0e9-63525ff1b143,ism_manager,FORMOSA PLASTICS MARINE CORP,TAIWAN,2019-04-15
018354c2-f370-70ea-b61b-a6937ee2e94c,ism_manager,SEASPAN SHIP MANAGEMENT LTD,CANADA,2022-11-09
014e4a74-b398-7337-b506-1a321806c77f,ism_manager,MARMARAS NAVIGATION LTD,GREECE,2014-05-19
014e46ea-2578-78ab-b72f-04e15fa31da8,ism_manager,DAIICHI CHUO NAIKKO KAISHA,JAPAN,2010-11-23
014e473a-aea8-7119-93ec-0546caaece51,ism_manager,SHANGHAI DINGHENG SHIP MGMT CO,CHINA,2025-09-11
014e46f7-4ca8-71d8-b8c3-6bcedb3c1f85,ism_manager,GALAXY SHIP MANAGEMENT CO LTD,SEYCHELLES,2025-09-20
01656896-c908-7518-b1ab-1d4a20402f85,ism_manager,TIANJIN SOUTHWEST MARITIME LTD,CHINA,2012-10-10
014e47fb-b8a0-7bc6-a07a-1c789f2c35c5,ism_manager,CK MARITIME KOREA CO LTD,REPUBLIC OF KOREA,2020-04-22
014e46f8-2b50-7fa5-837c-4f35983b7791,ism_manager,COSCO SHIPPING BULK LTD,CHINA,2018-01-10
014e473a-ba60-76a8-ba0a-229427be2f9b,ism_manager,TECHNOMAR SHIPPING INC,GREECE,2021-04-27
017e474d-4f60-7c86-ac60-8a323b839817,ism_manager,CMA CGM INTERNATIONAL SHIPPING,SINGAPORE,2022-03-04
014e46fc-80b0-71a9-9efe-83d63703b7f9,ism_manager,SHANGHAI OCEAN SHIPPING CO LTD,CHINA,2018-04-15
01584237-05a0-7bf9-94f2-bb851567d175,ism_manager,COSCO SHIPPING SPECIALIZED-CHR,CHINA,2016-11-17
014e46ea-cd70-7431-8760-73049cc13c2e,ism_manager,VIETNAM NATIONAL PETROLEUM CORP PETROL,VIETNAM,2007-04-02
014e61d5-9868-70fd-9697-75ef5e34716d,ism_manager,THANH CONG TRADE CO LTD,VIETNAM,2010-07-26
017b9f11-a190-792f-90ae-37347728cfbd,ism_manager,WAN HAI LINES SINGAPORE PTE,SINGAPORE,2022-03-13
01798203-0e88-7529-8df7-4f6de7f7f4e5,ism_manager,SHANGHAI ASL SHIPMANAGEMENT CO,CHINA,2023-04-29
014e47a6-ce58-73ed-8c5b-8015969c2d61,ism_manager,MTT SHIPPING SDN BHD,MALAYSIA,2025-07-30
014e47c3-9588-7914-9a71-4af09b458f02,ism_manager,PACIFIC INTERNATIONAL LINES,SINGAPORE,2013-03-13
016bc1bb-19e8-70bb-8148-7e82c3937fd1,ism_manager,CLEANOCEAN SHIPMANAGEMENT INC,PHILIPPINES,2020-02-07
01690a3c-12d8-7d39-9474-0a6e55e3ab59,ism_manager,THANH THANH DAT CO LTD,VIETNAM,2023-01-10
014e4d9c-f5a8-7b6b-b31f-7baed2b6e205,ism_manager,WAN HAI LINES SINGAPORE PTE,SINGAPORE,2022-01-07
014e4765-3560-7f44-8802-7df809a1039c,ism_manager,IMC SHIP MANAGEMENT PTE LTD,SINGAPORE,2025-04-10
014e4738-4578-7441-81c8-a65399916b34,ism_manager,PACIFIC INTERNATIONAL LINES,SINGAPORE,2015-02-14
0186fcb3-00b8-78d7-9b36-5d94c1a32e8b,ism_manager,SHANGHAI YINGKAI SHIPPING CO,CHINA,2023-12-11
014e4952-28b0-7c11-9eab-3e80bf556786,ism_manager,SHANGHAI OCEAN SHIPPING CO LTD,CHINA,2015-06-14
014e4990-e730-766a-8989-c902c4e4876c,ism_manager,WISDOM MARINE INTERNATIONAL INC,TAIWAN,2011-11-28
014e4820-5f70-7b0c-9dba-118f378724b6,ism_manager,ISM SHIP MANAGEMENT LTD,CHINA,2023-11-28
014e46fb-ec40-75ba-a172-0ff73c850ad9,ism_manager,CMA SHIPS SAS,FRANCE,2025-09-01
014e47d6-bfc8-7437-8cc5-18071b1728e5,ism_manager,MSC SHIPMANAGEMENT LTD,CYPRUS,2022-06-28
014e4764-1450-71f1-855a-dbacee228508,ism_manager,FANTASEA SHIP MANAGEMENT PTE LTD,SINGAPORE,2020-05-26
014e49d4-be60-7294-b185-fd093a7ffbf2,ism_manager,KAGOSHIMA SENPAKU KAISHA LTD,JAPAN,2004-04-01
014e511d-fa60-775a-91a8-197d0ddb7272,ism_manager,SHANGHAI DINGHENG SHPG TECH,CHINA,2017-10-26
014e47c5-bc50-78b2-9259-ed0651cba72e,ism_manager,TECHNOMAR SHIPPING INC,GREECE,2023-06-02
01808762-f0d0-70b4-8aa0-7a3dc0e7520e,ism_manager,NHAT VIET MARINE SERVICE JSC,VIETNAM,2024-01-22
014f731c-2708-7481-bb99-cd6f56a73a4c,ism_manager,PACIFIC INTERNATIONAL LINES,SINGAPORE,2015-09-28
0150e9d9-0b58-7342-a1cc-77d29348175b,ism_manager,MARMARAS NAVIGATION LTD,GREECE,2018-10-01
0170f5f8-56d0-7528-9287-6acd738aced4,ism_manager,DY SMC CO LTD,REPUBLIC OF KOREA,2022-09-26
0170566d-e6c0-7e33-bf35-f40c6adf3cbf,ism_manager,DY SMC CO LTD,REPUBLIC OF KOREA,2023-02-20
01906daf-4b38-7f54-802f-f27cb9e2696b,ism_manager,NANJING SHENGHANG SHIPPING CO,CHINA,2024-08-07
014e51eb-ba40-75a0-ab63-8c61f88aa9f3,ism_manager,TIDEBAY LTD,GREECE,2014-05-07
015059ad-5458-7c9a-9c8b-9f8a80494b9c,ism_manager,PTS CO LTD,REPUBLIC OF KOREA,2021-06-11
014e46f7-d560-7cea-bf0d-a8c769b42771,ism_manager,MOL GLOBAL SHIP MANAGEMENT PTE,SINGAPORE,2026-01-19
014e4712-27a8-7760-a69e-c9c066ae2b67,ism_manager,MSC SHIPMANAGEMENT LTD,CYPRUS,2022-08-31
01808741-10f0-7fe8-8e2a-7d0df334a7d6,ism_manager,AULAC CORP,VIETNAM,2012-10-30
014e46f8-2768-7c76-9026-716af6cb7730,ism_manager,VELOS DRY LTD,GREECE,2025-09-18
014e46e9-f698-7565-a193-233459c73e9c,ism_manager,COSCO SHIPPING BULK LTD,CHINA,2019-01-09
014e46ed-84c0-787d-88b9-3533aad6a811,ism_manager,HOANH SON GROUP JSC,VIETNAM,2021-01-05
014e481a-2998-7a67-b544-8e833607ced2,ism_manager,TECHNOMAR SHIPPING INC,GREECE,2011-01-20
0187c610-1338-7628-afe5-2b30c342c540,ism_manager,WAN HAI LINES SINGAPORE PTE,SINGAPORE,2023-04-27
014e4765-50b8-7402-b1d2-c57b37ff623f,ism_manager,NHAT VIET TRANSPORTATION CORP,VIETNAM,2022-11-02
015f7a09-74e8-7d85-8bc9-025588443da9,ism_manager,GALAXY SHIPPING CORP,TAIWAN,2017-12-13
014e5291-fcc0-702d-b30e-60b90f1c38c3,ism_manager,POS SM CO LTD,REPUBLIC OF KOREA,2016-07-31
01742d64-b9d0-71f0-bb35-075c0dbbd55a,ism_manager,GUANGXI WUZHOU SHIPYARD,CHINA,2013-01-16
014e95d4-8de0-775f-ad6c-8a007250765f,ism_manager,AN TIEN MANH CO LTD,VIETNAM,2022-06-21
014e4cf4-f5d8-768f-ae30-47bedbe9005f,ism_manager,NYK SHIPMANAGEMENT PTE,SINGAPORE,2007-08-28
014e46eb-e6b0-78cd-988c-00eeb2cfda5a,ism_manager,TAN CANG SHIPPING JSC,VIETNAM,2023-10-16
0164161b-43f8-7e25-af1b-a750c429f7ac,ism_manager,EVERGREEN MARINE CORP,TAIWAN,2018-07-06
014e4802-d8d8-7d60-8f5b-401f18fe0192,ism_manager,SHANGHAI DINGHENG SHPG TECH,CHINA,2022-05-08
014e46fe-16f0-7648-a8a3-d2ff1c537511,ism_manager,D&S CO LTD,TAIWAN,2012-02-17
017b7707-b518-7c11-9250-5f0e2073d9c5,ism_manager,YANG MING SINGAPORE PTE LTD,SINGAPORE,2022-02-23
0175684c-95f8-7bee-815a-4897d2879a20,ism_manager,WAN HAI LINES SINGAPORE PTE,SINGAPORE,2021-06-04
014e4edd-c2a8-72ea-abb6-d3a823a7ec9e,ism_manager,D&S CO LTD,TAIWAN,2004-09-28
014e46ff-95c0-747c-bc6e-f5d60e33f03f,ism_manager,GUANGXI WUZHOU SHIPYARD,CHINA,2013-07-08
016ef936-7108-7be5-bc1d-539eafd1b6f2,ism_manager,ISM SHIP MANAGEMENT LTD,CHINA,2025-06-05
017a45e0-3f10-70e5-bfcc-1535128fa7b2,ism_manager,NORTHSTAR SHIP MANAGEMENT LTD,HONG KONG,2021-07-21
016e8723-e190-7d1b-ac93-896c0c032561,ism_manager,DY SMC CO LTD,REPUBLIC OF KOREA,2023-02-28
0197f3fa-cb48-7fae-9a4e-e3a952bd4ebd,ism_manager,NANJING SHENGHANG SHIPPING CO,CHINA,2026-01-22
014e46eb-9c78-7871-b59d-4bf0982d4780,ism_manager,EVERGREEN MARINE CORP,TAIWAN,2019-07-03
014e4ad4-11a8-7ad2-ade3-78f54f72bcab,ism_manager,SHANGHAI CSC LINE CO LTD,CHINA,2011-09-30
0186e7b8-4678-7c50-ab9f-c0f4416a2815,ism_manager,MINERVA DRY INC,MARSHALL ISLANDS,2023-12-28
016ecfb5-da80-7a9f-a5c5-f6d1a2eea12b,ism_manager,SMTECH SHIP MANAGEMENT CO LTD,REPUBLIC OF KOREA,2020-01-14
018cc253-95f8-7237-8961-f17dfe34cce0,ism_manager,EUROBULK LTD,GREECE,2019-11-21
0186949e-f9a0-7a83-b50a-c1b6dbd5b1f4,ism_manager,COLUMBIA SHIPMANAGEMENT SNG,SINGAPORE,2017-03-31
0164a664-a8a0-7585-b005-d50d5bb1557c,ism_manager,EVERGREEN MARINE CORP,TAIWAN,2018-08-30
014e4752-5d28-778d-9d19-29ef5cdd0588,ism_manager,OSTC,VIETNAM,2007-06-25
014e48b7-d4e0-7b67-8bf0-53e4d9b3dd8b,ism_manager,NINH PHUC TRADING TRANSPORT,VIETNAM,2025-03-21
016bc093-5ee0-7663-a1dc-ae66d07acdca,ism_manager,MTT SHIPPING SDN BHD,MALAYSIA,2024-04-20
019279d4-9178-7e44-bf55-e536c1c60c25,ism_manager,EVERGREEN MARINE CORP,TAIWAN,2024-11-21
014e4879-2600-7f82-ac09-bc14b5dd53ec,ism_manager,MEDITERRANEAN SHIPPING CO SRL,ITALY,2015-10-07
0174f99d-caf0-787f-bd05-20458ecaccb9,ism_manager,TEMM MARITIME CO,JAPAN,2025-07-29
0175f799-df90-786c-a0db-face2f2014c5,ism_manager,POS SM CO LTD,REPUBLIC OF KOREA,2020-12-08
01808739-5478-7059-a81e-d5f26a9e6269,ism_manager,HACT LTD,VIETNAM,2024-11-27
014e46ef-70f0-70ee-94eb-2e50e66933c9,ism_manager,ORIENT OVERSEAS CONTAINER LINE,HONG KONG,2007-10-25
0175773b-dbc8-73cc-af1e-8a73d7ff9bd9,ism_manager,WAN HAI LINES LTD,TAIWAN,2020-12-31
017195c5-8ca0-7503-a725-c826a5fc128d,ism_manager,COLUMBIA SHIPMANAGEMENT SNG,SINGAPORE,2025-04-27
0180874e-a198-7e2a-b1b8-a3684b382ff9,ism_manager,DY SMC CO LTD,REPUBLIC OF KOREA,2021-12-29
01926a45-3730-7381-9acb-074f84e2e999,ism_manager,EVERGREEN MARINE CORP,TAIWAN,2025-03-08
014e4d99-4070-703c-ad99-e85813dd73a2,ism_manager,KITAURA KAIUN KK,JAPAN,2009-05-12
016b4973-9118-70c5-a5ce-3696e0654b65,ism_manager,SYNERGY PACIFIC PVT LTD,INDIA,2025-06-18
014e481d-90b0-7b25-89fa-efde8755eb9a,ism_manager,TVL MARINE CO LTD,TAIWAN,2015-01-15
014e4a96-a318-7178-8b60-7b4c12e232ea,ism_manager,AULAC CORP,VIETNAM,2023-05-09
015a5927-4c00-7f86-9553-a82ca87d6414,ism_manager,SANSHO KOREA CO LTD,JAPAN,2017-03-22
014e5109-ab28-7370-a41f-f35fc08e556e,ism_manager,LEONHARDT & BLUMBERG SHIPMGMT,GERMANY,2021-03-06
014e46ee-f008-79ec-a55d-109042a99940,ism_manager,PACIFIC INTERNATIONAL LINES,SINGAPORE,2023-02-10
0187bb13-3190-78a1-9389-0c4f7ad32bb0,ism_manager,TIANJIN SOUTHWEST MARITIME LTD,CHINA,2023-11-14
014e47ca-dcd0-7fb9-b3b9-88a7b5e6fb36,ism_manager,MSC SHIPMANAGEMENT LTD,CYPRUS,2021-07-20
014e4895-4920-76de-933a-3d9fdee518bc,ism_manager,ORIENT OVERSEAS CONTAINER LINE,HONG KONG,2022-06-08
01891a4d-4190-7a25-b98a-fc9eae5131b0,ism_manager,WAN HAI LINES SINGAPORE PTE,SINGAPORE,2024-01-11
014e47c3-dbd8-7850-8dec-4774f16e3f39,ism_manager,ORIENT OVERSEAS CONTAINER LINE,HONG KONG,2007-10-25
017c4f89-1f58-7872-a880-c93e521978dc,ism_manager,MOL GLOBAL SHIP MANAGEMENT PTE,SINGAPORE,2026-02-04
014e47ca-9298-7f00-9930-33caae3beeb3,ism_manager,AN THANH NAM TRANSPORT CO LTD,VIETNAM,2023-11-28
014e4c19-5730-78b7-8cb5-50a525647b1b,ism_manager,DANAOS SHIPPING CO,GREECE,2007-12-17
014e4820-1920-7043-9e64-380d7d80b1f5,ism_manager,EVERGREEN MARINE CORP,TAIWAN,2015-01-09
014e4776-a250-7aa1-b5b8-506d0ae81148,ism_manager,SHANGHAI OCEAN SHIPPING CO LTD,CHINA,2019-07-04
017c1419-1e78-713c-a068-b1152c89eb29,ism_manager,SYNERGY MARITIME PVT LTD,INDIA,2023-01-29
014e470b-1ee0-7c1e-add7-e9a30b4b9eee,ism_manager,TOSHIN KISEN CO LTD,JAPAN,2012-10-17
014e46f3-0eb8-733a-90bf-5306a5a76195,ism_manager,HONGKONG SALVAGE & TOWAGE SRVS,HONG KONG,2023-07-19
01815c01-6420-7eef-8455-605a26b9b696,ism_manager,SITC SHIPPING MANAGEMENT,CHINA,2022-07-05
014e4c00-e560-7dc0-a27c-b2024c0c0500,ism_manager,COSCO SHIPPING SPECIALIZED-CHR,CHINA,2006-07-18
014e46ec-ec68-7d4f-b6d5-1861401a4ff4,ism_manager,WAN HAI LINES SINGAPORE PTE,SINGAPORE,2022-09-26
014e46ed-abd0-790b-bc9c-75eb686334ba,ism_manager,WAH KWONG SHIP MANAGEMENT HK LTD,HONG KONG,2024-08-25
014e4764-bc48-7502-b0cb-a0c99f7af9ba,ism_manager,EUROBULK LTD,GREECE,2019-11-19
014e4721-8540-7124-868e-227ca5604c1e,ism_manager,UMING MARINE TRANSPORT CORP,TAIWAN,2022-12-08
014e47ab-a0b8-747b-bf0b-25a9c1710d33,ism_manager,HARTMANN DRY CARGO GERMANY GMBH CO KG,GERMANY,2019-08-28
01928e45-9da0-7fab-b96d-b98e369dae5b,ism_manager,CMA SHIPS GERMANY GMBH,GERMANY,2024-12-20
014e46ea-c988-7105-9216-17ecade86523,ism_manager,AULAC CORP,VIETNAM,2023-02-23
01850e7b-74d0-7beb-8da4-e8a78aa23163,ism_manager,COLUMBIA SHIPMANAGEMENT SNG,SINGAPORE,2023-01-03
018dd856-58d0-74a8-b8c9-cc4eb053c14c,ism_manager,SHANGHAI YINGKAI SHIPPING CO,CHINA,2024-09-25
014e473e-b9d0-7847-bc2b-ba94b2aa925a,ism_manager,SHANGHAI OCEAN SHIPPING CO LTD,CHINA,2005-10-24
01808beb-3bf8-7111-8a16-5c65496752ed,ism_manager,PHU LONG TRANSPORT SERVICE,VIETNAM,2025-03-24
0183d4c5-3ad8-7c8d-83bb-fd3adcb4f530,ism_manager,WAN HAI LINES SINGAPORE PTE,SINGAPORE,2022-12-20
014e46ea-b218-7cce-b92d-5c1a86c58f8a,ism_manager,HACT LTD,VIETNAM,2022-08-09
015c3877-d748-7bed-a3b4-efef4d7c0546,ism_manager,GUANGDONG SHIPPING CO LTD,CHINA,2017-06-15
014e48c8-b918-7a89-90fc-e501618109d4,ism_manager,MERATUS SWADAYA MARITIM PT,INDONESIA,2023-07-02
018454a3-c9b8-787e-84f8-7ba948b7d6c8,ism_manager,WAN HAI LINES SINGAPORE PTE,SINGAPORE,2023-01-31
014e4747-35b0-7c5b-9e16-8ef96f7f7f2a,ism_manager,ORIENT OVERSEAS CONTAINER LINE,HONG KONG,2022-03-16
014e46ea-c5a0-7f7f-9f0a-49cf25953202,ism_manager,HACT LTD,VIETNAM,2021-04-29
0163a825-8bd8-748a-90c3-5f4becb3c512,ism_manager,TODA KISEN K K,JAPAN,2016-08-25
014e46ea-fc50-75fe-8951-906430f4b31a,ism_manager,BERGE BULK MARITIME PTE LTD,SINGAPORE,2021-02-11
018a3b4a-6188-7f97-84d5-f98323f9fbbf,ism_manager,EASTERN PACIFIC SHIPPING UK,UNITED KINGDOM,2023-10-31
01808739-7b88-7028-beda-024906088ebe,ism_manager,HACT LTD,VIETNAM,2017-05-08
014e46f4-00e8-795f-807b-85d9d87b0c6b,ism_manager,MSC SHIPMANAGEMENT LTD,CYPRUS,2017-09-03
018b8370-b6a0-74d3-95db-709ced7d5134,ism_manager,CAPITAL CONTAINERS SHIP MGMT,GREECE,2025-07-25
01808738-d778-73df-8c53-c5db699ffecf,ism_manager,RUI YUAN GUANGZHOU SHIPPING CO,CHINA,2025-08-06
017520f2-32a8-774f-af52-f4fe139140fd,ism_manager,SWIRE SHIPPING PTE LTD,SINGAPORE,2020-12-14
014e5611-9248-7316-9ac0-554324526b13,ism_manager,POS SM CO LTD,REPUBLIC OF KOREA,2016-07-12
014e46ef-bf10-7546-af3e-64b9a2702183,ism_manager,HARBOURLINK MARINE SERVICES SDN BHD,MALAYSIA,2024-06-10
014e46f1-45b0-78fa-8f6a-88f2504cf80f,ism_manager,MARMARAS NAVIGATION LTD,GREECE,2013-04-19
0159b56a-9068-7585-ab5e-a92faa78d915,ism_manager,DONGJIN SHIPPING CO LTD,REPUBLIC OF KOREA,2017-02-10
01932ea0-c748-7c86-80a5-a89d58efa090,ism_manager,EVERGREEN MARINE CORP,TAIWAN,2024-12-31
014e483d-6cf0-7653-bac1-81dcf78150d2,ism_manager,DANAOS SHIPPING CO,GREECE,2011-08-02
01846955-a7a0-7658-a511-563f3b62e93a,ism_manager,SITC SHIPPING MANAGEMENT,CHINA,2022-12-12
017ed7d6-9f50-7bf3-a2fe-cb3d7edddaf0,ism_manager,EASTERN PACIFIC SHIPPING PTE,SINGAPORE,2022-03-11
014e46eb-8120-7d4e-a319-738c373c8ec7,ism_manager,MARLOW SHIP MGMT DEUTSCHLAND,GERMANY,2017-12-14
014e4a7c-c600-7683-9fc6-fcae26221f8c,ism_manager,WAN HAI LINES LTD,TAIWAN,2006-09-06
01851185-f998-7314-a95c-a26bf55395f9,ism_manager,SHANGHAI STAR SHIPPING COLTD,CHINA,2024-10-10
01903c43-3988-7bf7-80ed-26f406f33899,ism_manager,MAGELLAN MARINE SOLUTIONS CO LTD,REPUBLIC OF KOREA,2018-03-26
014e4a95-2830-7920-8d1e-5937d3b365c6,ism_manager,FENG SEA SHIPPING PTE LTD,SINGAPORE,2024-03-07
016684dd-0040-7554-9d8b-620e1ab51fec,ism_manager,EVERGREEN MARINE CORP,TAIWAN,2018-11-28
0172c080-d868-791f-9264-947611a7a328,ism_manager,DY SMC CO LTD,REPUBLIC OF KOREA,2022-10-07
0190252a-ac40-7f56-b58a-ddba78a59d95,ism_manager,MSC SHIPMANAGEMENT LTD,CYPRUS,2024-07-18
014e50ef-ddb0-749d-8e22-58c49afa383f,ism_manager,MAERSK AS,DENMARK,2015-02-01
01872aac-a028-72ad-913d-d3eed3c62efa,ism_manager,CIDO SHIPPING KOREA CO LTD,REPUBLIC OF KOREA,2008-07-23
014e46ee-d0c8-7ccd-8d6d-db08140151c3,ism_manager,GOLDEN UNION SHIPPING CO SA,GREECE,2010-07-13
014e46eb-5240-76b2-9d63-11229f2d1a9a,ism_manager,ALLSEA DMCC JSC,VIETNAM,2024-08-27
0156fdfd-ffe8-7fdc-b53f-daa2aa9f4c3d,ism_manager,CENTURY BULK CARRIERS MGMT CO,GREECE,2020-10-05
019706c8-4a58-782f-9663-3e45bb10d00a,ism_manager,SEACON STAR FUJIAN SHIPS CO,HONG KONG,2025-11-05
014e46f7-4ca8-750c-ac1b-c6d5d79b38f4,ism_manager,NAVILANDS SHANGHAI CONTAINER,CHINA,2024-03-14
014e46ea-92d8-731c-a9e8-e43486383aab,ism_manager,SHANGHAI OCEAN SHIPPING CO LTD,CHINA,2019-06-25
014e4ee3-aa60-7770-9bc2-a14bd3bb195c,ism_manager,NHAT VIET TRANSPORTATION CORP,VIETNAM,2013-03-04
014e46f0-c8b0-7a7b-9c7b-ad07c39caa5d,ism_manager,EVERGREEN MARINE CORP,TAIWAN,2019-07-08
014e5787-88a8-7baa-9092-1859787b31d0,ism_manager,MAPLE LEAF SHIPPING CO LTD,CHINA,2014-04-16
014e491c-cc88-7abb-9468-967a22feec68,ism_manager,CK MARITIME KOREA CO LTD,REPUBLIC OF KOREA,2020-04-19
014e46eb-61e0-7690-a4f0-542b8c054b36,ism_manager,VTB HAI AU CO LTD,VIETNAM,2025-12-21
01502a70-4808-7460-80b4-6cbe30b2c562,ism_manager,HAPAG-LLOYD AG,GERMANY,2023-01-30
01893651-1da8-7df8-908f-660f8c522664,ism_manager,V SHIPS SHIPPING DEVELOPMENT,CHINA,2023-08-22
014e46f2-4b68-72d9-85f4-7e4c094d0ed7,ism_manager,EVERGREEN MARINE CORP,TAIWAN,2012-10-22
0177ec3d-95b8-725f-9013-fa953cbb19f4,ism_manager,SUN TECHNOMARINE CO LTD,JAPAN,2021-03-22
01876e75-ddd8-7f33-9bd5-a9df3063982d,ism_manager,ORIENT OVERSEAS CONTAINER LINE,HONG KONG,2023-10-20
014e5338-c7f8-7dc6-a307-9592a6368114,ism_manager,TAN CANG SHIPPING JSC,VIETNAM,2015-11-19
014e4a26-d9e8-713a-8ea8-e44d56fb0551,ism_manager,HACHIUMA STEAMSHIP CO LTD,JAPAN,2013-03-06
01961a03-e4e8-7007-8c4b-4d90c3d85e34,ism_manager,ZHEJIANG MINGDE SHIPPING CO,CHINA,2025-05-30
014e556c-2a88-70fa-88b2-2af4724e2acc,ism_manager,FENG SEA SHIPPING PTE LTD,SINGAPORE,2024-11-18
014e46f7-c1d8-7b57-9145-85292ff77e12,ism_manager,VIPCO,VIETNAM,2016-06-30
014e481f-de88-7177-8203-1c3b98cdecfd,ism_manager,EVERGREEN MARINE CORP,TAIWAN,2013-04-30
0192d664-fab8-76fc-9169-4f4f2f4fe4c1,ism_manager,SINOKOR SHIP MANAGEMENT CO LTD,REPUBLIC OF KOREA,2024-11-20
014e479a-7630-7f7c-a485-9b1803e80d74,ism_manager,MSC SHIPMANAGEMENT LTD,CYPRUS,2023-05-03
0156ba5c-ff00-71ef-ad7f-718c2cc07825,ism_manager,CARRAS HELLAS SA,GREECE,2016-10-20
015730be-7250-7ddf-9b18-fbbe987cd4a9,ism_manager,DAIICHI CHUO NAIKKO KAISHA,JAPAN,2016-09-29
01975d1e-5370-7169-a32d-8d2d75cb63e6,ism_manager,CK MARITIME KOREA CO LTD,REPUBLIC OF KOREA,2025-07-31
014e4896-7db8-702c-9a73-0e3ab7fcbf79,ism_manager,KMTC SHIP MANAGEMENT CO LTD,REPUBLIC OF KOREA,2017-02-01
014e46f1-8fe8-7156-a9e7-fb665a74897c,ism_manager,LASKARIDIS SHIPPING CO LTD,GREECE,2011-07-29
0153bbde-acf0-76e1-924a-c14b81eb1ce8,ism_manager,GREAT CIRCLE SHIPPING AGENCY,THAILAND,2016-07-07
017bde1f-37a8-7957-9982-6202791d7fa2,ism_manager,NORTHSTAR SHIP MANAGEMENT LTD,HONG KONG,2021-10-08
014e4c56-6030-7001-81b7-8d99b454dbc3,ism_manager,COSCO SHIPPING ENERGY TRANS,CHINA,2019-05-20
0189c395-25d8-7c4c-916f-c69a2680547e,ism_manager,EVERGREEN MARINE CORP,TAIWAN,2024-01-21
018fc9b5-86a0-70eb-b3c6-fd7e2b15e3b3,ism_manager,SHANGHAI ASL SHIPMANAGEMENT CO,CHINA,2024-06-19
014eb048-dcd0-7fc2-830b-32afed977f65,ism_manager,MSC SHIPMANAGEMENT LTD,CYPRUS,2024-09-19
01874625-ff20-7bbf-b4f1-fddea3f5e25e,ism_manager,SITC SHIPPING MANAGEMENT,CHINA,2023-04-28
014e479c-ef00-714e-8834-f01cf5c923ef,ism_manager,SHANGHAI OCEAN SHIPPING CO LTD,CHINA,2015-08-19
014e46fb-05c8-7292-9f98-f6f12ce2e56b,ism_manager,HACT LTD,VIETNAM,2021-04-10
014e4bd9-a298-7028-9b0b-ec6010be6cae,ism_manager,NANJING SHENGHANG SHIPPING CO,CHINA,2023-08-01
014e489a-dae8-7a2a-bddd-def5a4fe4f19,ism_manager,NANJING SHENGHANG SHIPPING CO,CHINA,2023-09-08
017592a5-c1d0-79b2-b91b-6eb77db2215a,ism_manager,HANA SHIPPING CO LTDBUSAN,REPUBLIC OF KOREA,2020-11-27
01909532-b230-70e5-a554-61a4276c0459,ism_manager,CMA SHIPS GERMANY GMBH,GERMANY,2024-08-22
018abca9-1828-7b91-87aa-8e39a47851e3,ism_manager,SANTOKU SENPAKU CO LTD,JAPAN,2018-10-17
01993772-2eb0-7deb-a945-3f0525d2577c,ism_manager,EVERGREEN MARINE CORP,TAIWAN,2026-03-20
015b26eb-fe60-7222-bbae-2f07bac18e01,ism_manager,ST MARINE CO LTD,REPUBLIC OF KOREA,2022-02-25
017d7f44-bcd8-740f-af4b-9acfb9a43e59,ism_manager,GREATHORSE INTERNATIONAL SHIP MANAGEMENT CO L,CHINA,2022-02-14
014e4ab6-ae38-7f9d-b014-6d1b19f9b432,ism_manager,VIDAPORE SHIP MGMT SHANGHAI,CHINA,2020-09-10
014e47bd-f420-7905-bba5-3c61da4b1f82,ism_manager,GAS SHIPPING JSC,VIETNAM,2010-03-16
014e4adb-b6b0-725c-af12-d8365486decc,ism_manager,ORIENT OVERSEAS CONTAINER LINE,HONG KONG,2009-09-04
014e46eb-b7d0-7563-bc6a-0fffd6d0a98e,ism_manager,ABOJEB CO INC,PHILIPPINES,2025-01-08
01882332-1200-7efc-9851-338a36c24442,ism_manager,RCL SHIPMANAGEMENT PTE LTD,SINGAPORE,2024-07-21
014e47a6-3218-7d48-8021-ea415f461c26,ism_manager,FORMOSA PLASTICS MARINE CORP,TAIWAN,2013-02-27
0177cdd7-1d38-745a-904e-ae206e752f8d,ism_manager,YANG MING SINGAPORE PTE LTD,SINGAPORE,2022-08-01
01892944-4f90-7fcb-82f4-89ca7ea40a00,ism_manager,WAN HAI LINES SINGAPORE PTE,SINGAPORE,2023-11-26
014e4b47-de30-7934-bc85-87729beada63,ism_manager,COLUMBIA SHIPMANAGEMENT SNG,SINGAPORE,2021-12-03
014e46f0-b528-7f25-8b62-290cfd5663a5,ism_manager,ECL SHIPMANAGEMENT CO LTD,JAPAN,2022-08-01
014e46f8-df00-75af-afa6-dd4fb981da6a,ism_manager,GAS SHIPPING JSC,VIETNAM,2025-06-18
014e46f1-7c60-787b-b255-dcc7b622f811,ism_manager,ORIENT OVERSEAS CONTAINER LINE,HONG KONG,2010-06-08
0153d629-4818-769f-b0de-802e6b90179e,ism_manager,ANGLO EASTERN MANAGEMENT PTE,SINGAPORE,2018-05-21
017e6a57-fb90-7688-82db-8feefc9ac14f,ism_manager,SMTECH SHIP MANAGEMENT CO LTD,REPUBLIC OF KOREA,2022-02-08
014e473d-5e28-7670-a779-ea7004c20251,ism_manager,WALLEM SHIPMANAGEMENT SNG,SINGAPORE,2022-06-07
0196cd59-da20-7353-8aa8-92099e003eff,ism_manager,WALLEM SHIPMANAGEMENT SNG,SINGAPORE,2025-06-27
014e4708-7730-7554-8280-593cc37a1f8d,ism_manager,MAERSK AS,DENMARK,2024-04-22
017520b6-2790-7dbd-9e6b-7834a19b98f1,ism_manager,OSAKA ASAHI KAIUN CO LTD,JAPAN,2020-10-30
014e4878-6a80-7f2a-910f-96a10d3de4ec,ism_manager,MEDITERRANEAN SHIPPING CO SRL,ITALY,2009-11-19
017f5414-6890-7c81-a0d7-6d52a7f30e61,ism_manager,ANGLOEASTERN SHIP MANAGEMENT LTD,HONG KONG,2022-03-21
014e46fa-ee58-7aa8-ab87-fc1c3f6bf552,ism_manager,CHEMIKALIEN SEETRANSPORT GMBH,GERMANY,2006-11-07
017e785b-7a00-7e1b-9f2c-cc851cb026b0,ism_manager,SHENZHEN SOUTHERN CHINA LPG SHIPPING CO LTD,CHINA,2022-08-09
014e46ee-f7d8-70c5-9b17-305e385d6ba1,ism_manager,FAIRMONT SHIPPING HK LTD,HONG KONG,2023-11-11
016f24fa-7398-7248-81f0-fc0afeb006b0,ism_manager,ANGLOEASTERN MARITIME SERVICES PTE LTD,SINGAPORE,2021-12-21
0183a5f5-3898-70ad-a160-5ce725850a7c,ism_manager,WAN HAI LINES SINGAPORE PTE,SINGAPORE,2022-11-29
01961eb2-9818-763a-9745-791524fc655a,ism_manager,ORIENT OVERSEAS CONTAINER LINE,HONG KONG,2025-05-21
0180873a-7970-7b90-8543-5342f773d7eb,ism_manager,ORIENT OVERSEAS CONTAINER LINE,HONG KONG,2007-10-25
014e486d-a4b0-70d8-8f6e-2f9aca54a308,ism_manager,PACIFIC INTERNATIONAL LINES,SINGAPORE,2023-03-09
014e484a-5988-7b74-96a0-d9d9c837004e,ism_manager,EUROBULK LTD,GREECE,2016-09-29
01715613-7158-7b0a-b3fc-ba6817dac9b2,ism_manager,NANJING SHENGHANG SHIPPING CO,CHINA,2024-03-27
014e4878-dfb0-7cd4-b913-730bf8b86214,ism_manager,CMA SHIPS SAS,FRANCE,2024-06-15
0167fccb-c540-7914-aab1-ba9b627d8663,ism_manager,SHANGHAI CP INTERNATIONAL SHIP MANAGEMENT B,CHINA,2019-06-25
016cc205-9ee0-78ba-aed2-45011f85f600,ism_manager,JW SHIPPING CO LTD,REPUBLIC OF KOREA,2019-09-18
014e4729-e5c8-7992-962e-13555e86b6f9,ism_manager,FUEL OIL DELIVERY INC,HONG KONG,2014-09-01
014e481f-3690-732b-9de1-e6f2ff9a8fc2,ism_manager,CMA CGM INTERNATIONAL SHIPPING,SINGAPORE,2017-05-29
014e4cc0-dde8-72dc-85d5-0ed7abe43752,ism_manager,SITC SHIPPING MANAGEMENT,CHINA,2012-07-09
0171779d-6d10-722d-b4df-cd9cecf275d1,ism_manager,SINOKOR SHIP MANAGEMENT CO LTD,REPUBLIC OF KOREA,2020-04-29
015ddf27-3538-7e6d-b765-b5a781b45bc1,ism_manager,MSC SHIPMANAGEMENT LTD,CYPRUS,2019-07-10
01881e27-f090-77cc-b2a1-ef403414f11c,ism_manager,EASTAWAY SHIP MANAGEMENT PTE,SINGAPORE,2023-06-30
0195ace4-0ac8-75bd-bbd3-123bec996a1b,ism_manager,TIANJIN COSBULK SHIP MGMT,CHINA,2025-04-18
0168853b-b020-7f7d-98d1-af71741655b2,ism_manager,PACIFIC INTERNATIONAL LINES,SINGAPORE,2009-04-30
0180873b-dce8-786f-abd5-75ac584feb15,ism_manager,COLUMBIA SHIPMANAGEMENT SNG,SINGAPORE,2022-09-28
016256bd-a948-7334-8d54-0700eba1484a,ism_manager,KAGOSHIMA SENPAKU KAISHA LTD,JAPAN,2018-05-22
014e4820-1538-7864-b920-ebcecddf62c7,ism_manager,TECHNOMAR SHIPPING INC,GREECE,2021-01-20
014e479c-df60-7ed4-aa69-4c305679072c,ism_manager,MSC SHIPMANAGEMENT LTD,CYPRUS,2015-01-13
014e48b3-25a8-758f-bbf3-b75cbbfcb024,ism_manager,YANG MING MARINE TRANSPORT CORP,TAIWAN,2006-07-28
014e46f8-7d58-749a-822f-998a05a64ef8,ism_manager,DALIAN CHUN AN SHIP MGMT CO,CHINA,2021-03-12
01925b92-a470-7047-a246-7308666a7a51,ism_manager,EVERGREEN MARINE CORP,TAIWAN,2025-02-12
014e46f3-3d98-7a3f-a242-0468b28a43a9,ism_manager,BERNHARD SCHULTE-GER,GERMANY,2025-10-08
014e46f7-7f70-7304-8332-94deb5a719ae,ism_manager,HONG KONG MING WAH SHIPPING CO LTD,HONG KONG,2011-09-23
014e4744-c898-7dc2-ac4d-ec33fe5f6556,ism_manager,GLORY NAVIGATION CO,TAIWAN,2013-08-08
019360dc-42a0-774c-9560-d48fbb143b13,ism_manager,EVERGREEN MARINE CORP,TAIWAN,2024-12-19
018bc61c-5b08-731f-b845-145111916a8d,ism_manager,TIANJIN SOUTHWEST MARITIME LTD,CHINA,2023-11-30
014e46ec-1978-7f00-bce0-9486d48992a7,ism_manager,AN THANH NAM TRANSPORT CO LTD,VIETNAM,2024-09-23
014e4b48-5b30-7bf1-a95a-0ac172657cb7,ism_manager,FAREAST TRANSPORT CO LTD,JAPAN,2019-11-19
018b26d9-ae10-7890-b575-ec497cb04da7,ism_manager,MINERVA DRY INC,MARSHALL ISLANDS,2025-02-10
01902163-8e38-70d8-a867-5c3d688892d6,ism_manager,BRIGHT CONCORD INC LTD,HONG KONG,2024-06-14
0162a7ef-a820-7083-aac9-a19d773afb8e,ism_manager,SHANGHAI DINGHENG SHPG TECH,CHINA,2024-04-26
01808744-1660-77db-87a8-3ced7171b3d3,ism_manager,ASIA PACIFIC SHIPMANAGEMENT PTE LTD,SINGAPORE,2020-12-21
014e5199-1dd0-7193-a707-9c9b235b41e1,ism_manager,GLORY NAVIGATION CO,TAIWAN,2013-04-24
014e592c-c0b0-7cf9-9a16-fe36149f66eb,ism_manager,BRANCH OF PETROVIETNAM TRANSPORTATION CORP PVTRANS SHIPS MANAGEMENT PSM,VIETNAM,2018-05-31
018f04ca-d9d0-7f28-8077-3bed17309e67,ism_manager,EUROBULK LTD,GREECE,2024-05-13
014e479b-9f10-7d44-849a-dec0f41c99de,ism_manager,MSC SHIPMANAGEMENT LTD,CYPRUS,2009-11-28
014e49aa-85c8-7f2e-b6b6-63edac111124,ism_manager,EVERGREEN MARINE CORP,TAIWAN,2003-03-14
0185a5c2-7a00-7c51-aa7d-438f1365adf7,ism_manager,V SHIPS SHANGHAI LTD,CHINA,2023-03-06
014e4b95-cf50-79a8-b784-1c6cbadf15b0,ism_manager,GAS SHIPPING JSC,VIETNAM,2008-11-27
0160c3d6-55e0-7428-b1a4-967c1c704531,ism_manager,FLEET MANAGEMENT LTD HKG,HONG KONG,2018-01-22
0183e9f6-d010-798d-96c6-1cd587153f23,ism_manager,WIDESHINE MANAGEMENT PTE LTD,SINGAPORE,2022-11-28
014e46e9-cf88-75c5-998d-38cafd95b350,ism_manager,COLUMBIA SHIPMANAGEMENT SNG,SINGAPORE,2025-02-20
017e72f8-2c70-79ca-a73d-f5da03a1d0dd,ism_manager,SITC SHIPPING MANAGEMENT,CHINA,2022-02-24
0190a02b-80e0-7f7a-9ea7-62a1464776f4,ism_manager,CMA SHIPS SAS,FRANCE,2024-08-14
014e46ee-0d78-7ff2-af2e-8cb6145f025e,ism_manager,HARBOURLINK MARINE SERVICES SDN BHD,MALAYSIA,2024-10-14
014e46e9-db40-7f4b-84b4-f0d533ddec2e,ism_manager,STOLT TANKERS BV,NETHERLANDS,2018-12-06
014e484d-2460-7eb2-8a0a-6b120c9fe29b,ism_manager,CMA CGM INTERNATIONAL SHIPPING,SINGAPORE,2017-06-11
014e48a4-0a78-7403-a2ca-9651c008560f,ism_manager,MSC SHIPMANAGEMENT LTD,CYPRUS,2022-10-27
01920e31-9740-7016-9c99-9c4e00851fa3,ism_manager,MAERSK AS,DENMARK,2025-02-23
014e4819-9cf8-7f5d-88e3-72da3ecd1329,ism_manager,EUROBULK LTD,GREECE,2022-05-24
014e4701-d7e0-74d3-98d7-aa3867e8ebb1,ism_manager,DONGKUK MARINE CO LTD,REPUBLIC OF KOREA,2023-10-17
017ac8b1-f258-7e05-b2ff-f91f85d94919,ism_manager,TIANJIN SOUTHWEST MARITIME LTD,CHINA,2021-09-16
018c19f2-7bb8-7228-b008-178658031f10,ism_manager,NORTHSTAR SHIP MANAGEMENT LTD,HONG KONG,2025-12-24
01884d68-b218-756e-9284-2cd7ea4834f1,ism_manager,MAPLE LEAF SHIPPING CO LTD,CHINA,2023-06-08
014e573d-19f8-75b8-9349-634b43334196,ism_manager,DANAOS SHIPPING CO,GREECE,2014-11-05
015b8bf2-c190-7542-aa86-72cc81d0a4e6,ism_manager,SHANGHAI NORTH SEA SHPG CO LTD,CHINA,2017-05-10
0150e93e-3a88-7978-82be-de4c3e362923,ism_manager,SYNERGY MARINE PTE LTD,SINGAPORE,2017-09-22
017d7cf4-aa88-7a90-9cab-b5d94cfb8b26,ism_manager,ZHEJIANG FENGYI SHIPPING CO LTD,CHINA,2024-09-06
014e4724-b1c0-7b2d-8f9c-c56a75e51420,ism_manager,TECHNOMAR SHIPPING INC,GREECE,2019-05-24
014e6d4b-b150-7207-9992-23f91c1b1bd4,ism_manager,EASTAWAY SHIP MANAGEMENT PTE,SINGAPORE,2021-04-06
018831ea-78f0-7755-b716-b6f17cd644e8,ism_manager,CAPITAL CONTAINERS SHIP MGMT,GREECE,2025-07-25
014e46e9-eae0-7d9e-a003-a7ecad58f53f,ism_manager,BW LPG FLEET MANAGEMENT AS,NORWAY,2024-02-19
0159c555-4d38-78fb-9cd9-9170c8d096bc,ism_manager,MEDITERRANEAN SHIPPING CO SRL,ITALY,2017-02-15
01808747-3340-71ed-b998-5210d4143664,ism_manager,WAN HAI LINES SINGAPORE PTE,SINGAPORE,2022-08-15
018bfedf-e540-77fe-9213-080690f84fb8,ism_manager,WAN HAI LINES SINGAPORE PTE,SINGAPORE,2024-03-23
016d7199-8ad8-70c4-849d-6b9889bdd4ca,ism_manager,INFICESS SHIPPING CO LTD,REPUBLIC OF KOREA,2019-12-11
01771463-c5b8-7910-8ad1-a6592b1b677a,ism_manager,WALLEM SHIPMANAGEMENT SNG,SINGAPORE,2022-06-16
0198313e-9610-7aff-8f63-a6621de0bf9b,ism_manager,EVERGREEN MARINE CORP,TAIWAN,2025-08-14
014e4880-9840-7e71-b360-cf6bd8ed0622,ism_manager,MERATUS SWADAYA MARITIM PT,INDONESIA,2023-10-20
014e47ba-3b00-7f8b-98a3-edfcd0b80261,ism_manager,YANG MING MARINE TRANSPORT CORP,TAIWAN,2012-12-20
01775a9a-1b68-7a08-8c43-fcb84ca626fc,ism_manager,WAN HAI LINES LTD,TAIWAN,2021-03-26
018ac9ab-0130-737d-a57b-3e826e1f8dbb,ism_manager,WAN HAI LINES SINGAPORE PTE,SINGAPORE,2024-03-26
014e46ef-3e28-76ae-8124-a9ea954206b5,ism_manager,SHANGHAI OCEAN SHIPPING CO LTD,CHINA,2005-01-01
01808744-3d70-7e12-9d75-b0f271fda452,ism_manager,FANGCHENGGANG CITY HENGSHENG,CHINA,2016-08-26
01797d3d-e940-71f0-bfd3-abd7aa7df6ab,ism_manager,WAN HAI LINES SINGAPORE PTE,SINGAPORE,2021-11-03
0180938e-0d90-7f4a-adb2-b9d2116c8bb3,ism_manager,UNITED SHIPPING CO LTD,VIETNAM,2023-04-10
014e46ff-6eb0-75f8-8583-29d25796a516,ism_manager,KMTC SHIP MANAGEMENT CO LTD,REPUBLIC OF KOREA,2010-09-17
014e4797-70c0-7e10-97ba-4566d0c1b699,ism_manager,SHANGHAI OCEAN SHIPPING CO LTD,CHINA,2013-04-25
0161e52f-41d8-70f0-9d3a-150ee87483b9,ism_manager,SYNERGY DENMARK AS,DENMARK,2018-04-29
01738f5f-e408-7785-84ba-b9ac833ef800,ism_manager,YANG MING MARINE TRANSPORT CORP,TAIWAN,2020-09-07
01906d5c-7048-7b18-909d-f686df6a7e01,ism_manager,EVERGREEN MARINE CORP,TAIWAN,2024-12-09
014e46ed-2ae8-71ca-a902-d9152e62b25a,ism_manager,GAS SHIPPING JSC,VIETNAM,2019-09-27
014e47c4-fce8-7b3a-855e-8c3416ebc1e8,ism_manager,SEASPAN SHIP MANAGEMENT LTD,CANADA,2012-12-27
014e46f0-0d30-752e-87c9-8ef8faa4678f,ism_manager,ASIA PACIFIC SHIPMANAGEMENT PTE LTD,SINGAPORE,2021-09-14
0161034f-b1d0-751f-bbe0-3fc8683aecb1,ism_manager,JOSCO YUANSHENG SHIPPING MANAGEMENT CO LTD,CHINA,2018-03-23
014e46ea-2190-7e78-92da-a5c903911a68,ism_manager,YANG MING SINGAPORE PTE LTD,SINGAPORE,2022-06-09
018a732a-ee60-7c92-82c8-4b282be0e15a,ism_manager,TS LINES LTD,TAIWAN,2023-11-03
014e46ed-1b48-7eab-b04b-c49bd09c9b22,ism_manager,TECHNOMAR SHIPPING INC,GREECE,2021-09-02
014e478a-68d0-7890-b37b-890b6dd400cb,ism_manager,SHIH WEI NAVIGATION CO LTD,TAIWAN,2011-12-06
01615a10-dcb0-75d3-babc-2d319b130641,ism_manager,CMA SHIPS SAS,FRANCE,2018-05-09
014e46eb-b7d0-785f-a213-214f11dd5019,ism_manager,SITC SHIPPING MANAGEMENT,CHINA,2015-04-03
017b2f6d-c828-7017-bfcb-219d1feb750d,ism_manager,MAERSK AS,DENMARK,2022-01-31
01577955-87d8-705e-877e-7dee3871c9f5,ism_manager,ISM SHIP MANAGEMENT PTE LTD,SINGAPORE,2018-11-28
01934cb8-d1a8-7cf0-b931-ba8cc45fc17a,ism_manager,WALLEM SHIPMANAGEMENT SNG,SINGAPORE,2024-12-26
014e46ef-2e88-7247-b7ac-c18958c000f4,ism_manager,HARBOURLINK MARINE SERVICES SDN BHD,MALAYSIA,2022-03-01
014e46ea-5840-79f9-9af4-2326d173061a,ism_manager,MSC SHIPMANAGEMENT LTD,CYPRUS,2017-05-22
016be433-6570-725e-a8a3-27d39ab7a583,ism_manager,FORMOSA PLASTICS MARINE CORP,TAIWAN,2020-01-30
014e46f3-6c78-7a48-aa63-ae0a595277cc,ism_manager,ORIENT OVERSEAS CONTAINER LINE,HONG KONG,2015-03-31
01808738-8188-7290-a397-75b94e826cb3,ism_manager,SWAN SHIPPING CORP,PHILIPPINES,2016-04-30
014e4711-c9e8-7f48-9917-19fec529e334,ism_manager,HOANH SON GROUP JSC,VIETNAM,2020-11-30
014e46f3-0eb8-7753-acb0-05e25a0c49ec,ism_manager,TVL MARINE CO LTD,TAIWAN,2017-04-17
017d8e34-6450-7457-a147-3f9937bddecb,ism_manager,TIANJIN SOUTHWEST MARITIME LTD,CHINA,2021-12-28
018dbffb-1e10-7f1c-a848-4270d460f858,ism_manager,V SHIPS SHIPPING DEVELOPMENT,CHINA,2024-03-26
014e46eb-1b90-76f1-91ed-a9f620b05467,ism_manager,MSC SHIPMANAGEMENT LTD,CYPRUS,2022-05-29
0177ecb4-6f80-7c55-83f2-ce5870c1ccaa,ism_manager,COSCO WALLEM SHIP MANAGEMENT CO LTD,CHINA,2021-04-23
0185a358-cd00-74d5-a601-8c985b42adbe,ism_manager,STEAM LINE MIDDLE EAST SHPG,UNITED ARAB EMIRATES,2023-02-22
014e46f4-c820-7bd9-b90c-6ffc88db9c3e,ism_manager,OCEAN LONGEVITY SHIPPING MANAGEMENT CO LTD,HONG KONG,2005-09-27
014e46eb-5240-7c9e-b467-46d245d08aaa,ism_manager,TMS DRY LTD,GREECE,2010-06-15
01808738-46f0-7645-b478-2c183ac27b24,ism_manager,COSCO SHIPPING ENERGY TRANS,CHINA,2020-12-02
014e46f6-4ad8-78dd-96e7-02ad880fc326,ism_manager,KOREA SHIPMANAGERS CO LTD,REPUBLIC OF KOREA,2016-02-11
014e46ea-d540-7866-b3b9-0b89a992adca,ism_manager,SITC SHIPPING MANAGEMENT,CHINA,2015-03-10
01961929-bd40-7f2f-910d-ad1290b32791,ism_manager,FUKUJIN KISEN KK,JAPAN,2025-04-25
018fb7d1-f770-715a-9a8c-3979aeaad430,ism_manager,MAGELLAN MARINE SOLUTIONS CO LTD,REPUBLIC OF KOREA,2024-06-19
014e4705-1018-7efd-8a87-b7547c67ff20,ism_manager,GOLDEN TOP SHIPPING CO LTD,CHINA,2019-07-10
014e476d-3058-7d65-a16d-d656a3be9d4e,ism_manager,SITC SHIPPING MANAGEMENT,CHINA,2014-10-13
014e47e8-1930-725f-b5b5-7cf445fe4077,ism_manager,CHINA MERCHANTS RORO TRANS,CHINA,2024-06-30
01774777-41f0-745b-8ef9-07c28c0b4880,ism_manager,MAERSK AS,DENMARK,2021-04-15
01963712-7658-78bd-b2ce-885e48622b8c,ism_manager,ONESEA SOLUTIONS PTE LTD,SINGAPORE,2025-06-30
014e4abe-43a0-7d41-8754-0d1baba18dbc,ism_manager,FORMOSA PLASTICS MARINE CORP,TAIWAN,2010-09-08
014e4748-5aa8-7f9b-9413-26e93ad9ec10,ism_manager,SHANGHAI OCEAN SHIPPING CO LTD,CHINA,2018-01-11
014e483d-e9f0-731f-a8e4-6d1206686857,ism_manager,MARAN TANKERS MANAGEMENT,GREECE,2020-12-17
0186598d-5118-78b4-bc17-a99ee7170408,ism_manager,CLEANOCEAN SHIPMANAGEMENT INC,PHILIPPINES,2023-03-14
014e49d5-cfd0-7231-b6da-8c193e247abb,ism_manager,QINGDAO WINNING INTL SHIPS,CHINA,2021-01-15
01647e42-c758-78a7-9fd3-b4a123a13bdc,ism_manager,NAVIOS CONTAINERS MANAGEMENT INC,MARSHALL ISLANDS,2018-12-08
014e4764-04b0-79ee-ae73-60cd18a29d3d,ism_manager,FORMOSA PLASTICS MARINE CORP,TAIWAN,2013-06-25
014e46ec-a618-7a22-8038-90230147cbcd,ism_manager,NINGBO ZHUNXING SHIPPING CO LTD,CHINA,2024-07-01
014e46ec-09d8-7b89-9ebf-77ed002c61e6,ism_manager,CMA SHIPS SAS,FRANCE,2013-04-17
0180874c-8e58-782e-b9b1-68478c4fc791,ism_manager,GEMADEPT CORP,VIETNAM,2006-10-20
014e471b-3be0-75c7-b3b5-4f7033a0d245,ism_manager,COSCO SHIPPING BULK LTD,CHINA,2019-01-10
019342c8-2bf8-70bb-84b5-ffe2334766da,ism_manager,SYNERGY PACIFIC PVT LTD,INDIA,2025-06-26
014e4818-c238-7c7d-a641-64843f3c636e,ism_manager,MING HENG OCEAN LTD,CHINA,2025-06-01
01692d7e-1ed0-7713-9c24-5e3ae1b59215,ism_manager,JW SHIPPING CO LTD,REPUBLIC OF KOREA,2019-03-28
014e4bc9-d7a0-7ef2-acaa-43e93920bd40,ism_manager,FANGCHENGGANG CITY HENGSHENG,CHINA,2017-12-08
017becd3-b698-737b-a206-c14992c9032a,ism_manager,WAN HAI LINES SINGAPORE PTE,SINGAPORE,2022-03-24
014e4b56-f578-76fd-94f5-e3d6fbed5b77,ism_manager,ZODIAC MARITIME LTD,UNITED KINGDOM,2008-07-14
014e46ea-0a20-7d28-8aba-41510b11d7a9,ism_manager,DANAOS SHIPPING CO,GREECE,2024-07-08
01896ce7-b1d8-7c00-a095-20ccf25e8782,ism_manager,TODA KISEN K K,JAPAN,2024-01-22
014e47c4-2610-78c3-bc98-0a00acb0a9c8,ism_manager,CMA CGM INTERNATIONAL SHIPPING,SINGAPORE,2017-05-03
017ff90a-8e88-7833-b818-7d96b1f44c7f,ism_manager,CLEANSEAS SHIPMANAGEMENT INC,PHILIPPINES,2022-04-28
019801fb-53e8-7132-bd2f-6bb0ac793f11,ism_manager,MEDITERRANEAN SHIPPING CO SRL,ITALY,2025-09-08
01807ded-c098-7046-8d1d-0b88018516fb,ism_manager,DANDONG MARINE SHIPPING CO LTD,CHINA,2022-10-25
019ac8e2-eb90-7986-a39d-cb7dd715891b,ism_manager,ARAB MARITIME PETROLEUM TRANS,KUWAIT,2026-05-19
014e4764-0c80-7b4c-94c5-dbb0e47036b9,ism_manager,HAMMONIA REEDEREI GMBH,GERMANY,2025-06-19
014e46eb-1b90-738d-8638-69d6025c755e,ism_manager,VIET THUAN TRANSPORT CO LTD,VIETNAM,2024-01-16
018625bc-68b0-7783-8afb-7e2b72badfe2,ism_manager,THOME SHIPPING PTE LTD,SINGAPORE,2023-03-08
015ea1ac-c8e8-756d-a14c-01fa3ea43b90,ism_manager,SHIH WEI NAVIGATION CO LTD,TAIWAN,2013-03-12
0181f022-2ec8-7ffb-af9f-ca0cc04697d3,ism_manager,WALLEM SHIPMANAGEMENT SNG,SINGAPORE,2024-04-30
014e46eb-5240-7dc4-8657-f32376a5b0dc,ism_manager,MAERSK AS,DENMARK,2015-04-14
0150e64f-9a60-70dc-978f-c8867fc3502d,ism_manager,CHINA OILFIELD SERVICES LTD COSL,CHINA,2016-05-24
014e4712-9508-7d10-bb1c-0a899d44cf5b,ism_manager,NAVIOS CONTAINERS MANAGEMENT INC,MARSHALL ISLANDS,2018-11-23
014e484b-a1a8-7198-8e3b-6964028f5459,ism_manager,ASIA PACIFIC SHIPMANAGEMENT PTE LTD,SINGAPORE,2021-08-12
0168fb5f-dfd8-7b77-bd8d-8689d0283b5f,ism_manager,DALIAN CHUN AN SHIP MGMT CO,CHINA,2021-03-05
014e47c3-0118-78a0-8ef4-885ca22b72d9,ism_manager,WILHELMSEN AHRENKIEL SHIP,GERMANY,2025-07-25
017d7e23-d7d0-7922-ad2e-ca1e7b9c1e6c,ism_manager,EPS DRY MANAGEMENT PTE LTD,SINGAPORE,2026-01-01
0154bcbc-2318-71dd-b989-5aa04d567736,ism_manager,CLEANSEAS SHIPMANAGEMENT INC,PHILIPPINES,2016-07-12
015d6269-81e0-758c-8a4c-e403363ca279,ism_manager,BERNHARD SCHULTE-HKG LP,HONG KONG,2017-08-31
0173f0f2-7b90-770a-a34b-7b6240cfe33f,ism_manager,SINOKOR SHIP MANAGEMENT CO LTD,REPUBLIC OF KOREA,2020-07-24
0190054e-8b80-7441-b3d4-df99bc927454,ism_manager,HMM OCEAN SERVICE CO LTD,REPUBLIC OF KOREA,2024-07-01
018c94ad-13e0-766c-a6d4-f0939c652967,ism_manager,FAREAST TRANSPORT CO LTD,JAPAN,2024-01-31
014e4ed6-e8c0-73ce-8197-f3a199975b2b,ism_manager,DALIAN HAIDA INTERNATIONAL FLEET MANAGEMENT CO LTD,CHINA,2023-05-25
0169e638-a5d0-7e24-9166-6c548842a670,ism_manager,COSCO SHIPPING BULK LTD,CHINA,2019-01-28
016cefc7-b390-7e98-972c-cd8f45e7562b,ism_manager,USUI KAIUN KK,JAPAN,2019-10-31
014e4798-ad28-72b7-9b44-f97a9c715f04,ism_manager,GUANGZHOU SALVAGE BUREAU,CHINA,2002-08-23
014e4725-c718-7327-b109-9be193859b8d,ism_manager,PACIFIC INTERNATIONAL LINES,SINGAPORE,2015-05-07
018ba234-acb8-7311-954a-f3f9e5aef056,ism_manager,SHIKISHIMA KISEN KK,JAPAN,2023-12-11
019882af-e3f0-7507-bcb5-4d308629f161,ism_manager,MAERSK AS,DENMARK,2018-08-08
014e46eb-6d98-74ad-bbcf-e8f05d5e568d,ism_manager,SHANGHAI JINJIANG SHPG GROUP,CHINA,2015-03-27
0175f2b0-abd0-775b-a171-174fc34d4a3f,ism_manager,HAPAG-LLOYD AG,GERMANY,2025-08-12
014e46fa-b7a8-7475-91b6-3e5bd9965d68,ism_manager,MAERSK AS,DENMARK,2016-09-30
014e48ac-c0f0-72c6-a588-b07b68ed1116,ism_manager,SITC SHIPS MANAGEMENT CO LTD,CHINA,2022-10-18
018f23e6-ea98-7052-ba5e-e22db24a513f,ism_manager,HACT LTD,VIETNAM,2024-09-28
014e46ea-0e08-798a-8db8-57e3c5253313,ism_manager,MAERSK AS,DENMARK,2015-02-01
016c947b-14f0-769c-a886-7322fae78094,ism_manager,SHANGHAI YINGKAI SHIPPING CO,CHINA,2023-03-07
0174061a-9ae8-7317-b512-719d377bc891,ism_manager,SHENZHEN SOUTHERN CHINA LPG SHIPPING CO LTD,CHINA,2011-12-22
014e46ee-6750-796d-9247-4cbdceb8798d,ism_manager,SHANGHAI OCEAN SHIPPING CO LTD,CHINA,2019-12-28
014e46fb-8e80-7bb6-bd0e-0fd3abdd4299,ism_manager,GUANGDONG SHIPPING CO LTD,CHINA,2009-09-23
01822507-fa00-736e-b575-8717b43f6f11,ism_manager,EVERGREEN MARINE CORP,TAIWAN,2022-10-28
0189073f-1128-7a49-8e0a-df65b560712c,ism_manager,FRIENDSHIP SHIPPING CO LTD,CHINA,2023-06-27
01758c58-4af0-795c-bcfb-1b4f0a6d1170,ism_manager,SHENZHEN OCEAN SHIPPING CO LTD,CHINA,2020-12-18
014e484b-5b58-7f62-9d8b-688e74e409e5,ism_manager,YANG MING SINGAPORE PTE LTD,SINGAPORE,2022-10-15
01519ee0-ee80-72e9-a85e-00f158bc1acd,ism_manager,FIRST STEAMSHIP SA,TAIWAN,2016-01-19
01815c19-2a10-7c61-add0-97bba8857017,ism_manager,FLEET MANAGEMENT LTD HKG,HONG KONG,2022-07-08
014e4b7a-b9b8-7af6-a39b-778b9ccb10ee,ism_manager,NANJING SHENGHANG SHIPPING CO LTD,CHINA,2024-04-26
014e4d27-f870-7eda-bf3a-72f98cc77820,ism_manager,NORTHERN MARINE MANAGEMENT LTD,UNITED KINGDOM,2011-09-08
017b3a33-26e0-732c-a43e-fe5a065edcc1,ism_manager,TODA KISEN K K,JAPAN,2021-09-16
014e4723-7940-73d1-a05e-109feb6ee171,ism_manager,FORMOSA PLASTICS MARINE CORP,TAIWAN,2011-12-27
014e4902-a538-7d06-af27-52878dd67e33,ism_manager,TECHNOMAR SHIPPING INC,GREECE,2019-06-05
016e5d86-6498-761d-b80a-4759ca6f9652,ism_manager,CLEANOCEAN SHIPMANAGEMENT INC,PHILIPPINES,2020-02-18
017940fe-6b30-7923-88d4-d57e17ef24fb,ism_manager,MAERSK AS,DENMARK,2021-10-26
014e4773-00a0-72a0-a0f1-c83fc40f33ff,ism_manager,MERATUS SWADAYA MARITIM PT,INDONESIA,2023-10-05
014e4abb-d688-7997-a1a4-54d9d2f73c90,ism_manager,PACIFIC INTERNATIONAL LINES,SINGAPORE,2021-02-11
014e46ef-22d0-721b-b7b2-10ef619b99b5,ism_manager,SAFETY SAILING SHIP MGMT,CHINA,2024-05-30
014f87b5-0a68-7c8d-ba35-c92793d4409a,ism_manager,MARMARAS NAVIGATION LTD,GREECE,2016-02-25
014e4712-9120-79b6-953e-1c180b980878,ism_manager,MOLSHIP,JAPAN,2018-04-21
014e4704-1230-7973-a46d-126e4d2011b7,ism_manager,UMING MARINE XIAMEN INTERNATIONAL SHIP MANAGE,CHINA,2016-03-11
01887f9d-5b58-792e-8073-b25a1cbec059,ism_manager,V SHIPS SHIPPING DEVELOPMENT,CHINA,2023-07-25
01857755-fc50-7437-aed5-bc9273f40fcc,ism_manager,NYK SHIPMANAGEMENT PTE,SINGAPORE,2016-11-29
014e47f8-af48-7ea9-9cca-9eda68a483af,ism_manager,VIMC SHIPPING CO,VIETNAM,2018-06-15
014e46f3-1688-70c6-bc98-8ae0628cf90b,ism_manager,UNITED SHIPPING CO LTD,VIETNAM,2025-09-17
01904e28-5b10-721d-88cc-130edaf07c72,ism_manager,CARRAS HELLAS SA,GREECE,2024-08-08
014e4700-87f0-7457-9fce-f0fe8d622d6e,ism_manager,DEYUAN SHIPPING CO LTDHKG,HONG KONG,2019-06-21
014e4b1e-5d30-78eb-925f-cd872881cfea,ism_manager,NAVILANDS SHANGHAI CONTAINER,CHINA,2024-04-02
014e536b-5178-7aac-8aee-ebf06e7b8d31,ism_manager,DAIICHI CHUO NAIKKO KAISHA,JAPAN,2011-05-30
0193999a-8930-711f-9544-62b14e9e2d4e,ism_manager,SHENZHEN OCEAN SHIPPING CO COSCO SHENZHEN,CHINA,2024-04-26
0179dab5-0518-7cf0-8a27-62513ed9cafb,ism_manager,ASSOCIATED MARITIME CO HK LTD,HONG KONG,2021-07-20
014e495b-e8c8-7823-92d5-2bcfdac9bb54,ism_manager,MSC SHIPMANAGEMENT LTD,CYPRUS,2022-11-05
01523363-e5f8-7f75-8dad-cd898bbb9d86,ism_manager,POS SM CO LTD,REPUBLIC OF KOREA,2025-06-25
0186c9d9-6100-76a1-a234-2275a64c39ef,ism_manager,TIANJIN SOUTHWEST MARITIME LTD,CHINA,2023-04-23
014e46ff-2860-736b-8460-e19dca403a7b,ism_manager,FIRST STEAMSHIP SA,TAIWAN,2015-03-11
0180873c-e2a0-7687-b4ac-2890b9e17e27,ism_manager,DALIAN SENYI SHIPPING LTD,CHINA,2022-09-23
018ea3ae-1270-785b-8c86-0120ad2f3dbc,ism_manager,RONGCHENG LUTAI SHIPPING CO,,2024-08-06
014e46f8-8910-730b-9cbc-1d6b7f46c4d9,ism_manager,FESCO,RUSSIA,2021-12-09
01898a7b-8490-7f39-8999-47bed3552332,ism_manager,SINOKOR SHIP MANAGEMENT CO LTD,REPUBLIC OF KOREA,2023-08-25
0182f78b-0760-7de3-a987-95870a5d2a2e,ism_manager,RUI YUAN GUANGZHOU SHIPPING CO,CHINA,2025-08-06
018f2755-d680-7335-b970-563f7dd31e81,ism_manager,TODA KISEN K K,JAPAN,2024-06-12
014e47da-d6a8-7e84-b795-9656b58dcac9,ism_manager,SEASPAN SHIP MANAGEMENT LTD,CANADA,2015-10-31
014e4745-8fd0-7f0e-a1cf-2b47267f8458,ism_manager,KMTC SHIP MANAGEMENT CO LTD,REPUBLIC OF KOREA,2020-04-26
0173223e-ecc0-7a1b-9915-8e12a99ddf8d,ism_manager,ISM SHIP MANAGEMENT LTD,CHINA,2023-11-19
01616472-7088-77ae-bd73-19848319f969,ism_manager,EVERGREEN MARINE CORP,TAIWAN,2018-03-02
01656a40-42e8-712a-9ab9-c2e70e147614,ism_manager,TOKEI KAIUN KK,JAPAN,2018-09-11
01921655-54c0-7b5d-8089-8782478bbbdd,ism_manager,EVERGREEN MARINE CORP,TAIWAN,2025-01-24
018087c4-a488-7827-b18f-5c83a2e81383,ism_manager,ZHEJIANG ZHONGTUP SHIPPING,CHINA,2018-06-19
014e46ed-80d8-771a-a0e3-a1415a88a9b7,ism_manager,VIDAPORE SHIP MGMT SHANGHAI,CHINA,2020-08-16
0186acb1-86e8-71ce-ae9c-dbc3cf763a30,ism_manager,COSCO SHIPPING BULK LTD,CHINA,2019-01-12
014e4712-1038-7cf1-9dfa-9c4f8b59cf3f,ism_manager,SHENZHEN OCEAN SHIPPING CO LTD,CHINA,2019-05-02
014e46ef-ab88-7ce8-98bc-9350c9624d1c,ism_manager,DOEHLE SHIPMANAGEMENT PTE LTD,SINGAPORE,2024-06-28
016aaf7e-f818-742a-9a62-508a4cad934b,ism_manager,EVERGREEN MARINE CORP,TAIWAN,2019-06-21
014e46f4-7de8-7bda-9f8d-034c43faee43,ism_manager,SITC SHIPS MANAGEMENT CO LTD,CHINA,2021-04-02
014e47a4-49d0-7927-ba3f-5b99c44cc5c9,ism_manager,CIDO SHIPPING KOREA CO LTD,REPUBLIC OF KOREA,2010-11-12
018d49d1-f100-7b1f-acf2-2e2134edc758,ism_manager,FIRST MARINE SERVICE CO,JAPAN,2024-02-29
01550ef6-1ff8-7b22-9dd7-54c8a5ed706a,ism_manager,CMA CGM INTERNATIONAL SHIPPING,SINGAPORE,2025-07-06
014e4798-95b8-780d-b18f-48a403871e33,ism_manager,SHANGHAI OCEAN SHIPPING CO LTD,CHINA,2012-06-18
016b59b8-8f60-7297-9dd4-ac5b48118066,ism_manager,ANGLOEASTERN MARITIME SERVICES PTE LTD,SINGAPORE,2025-01-11
014e46f6-fe88-74ee-9a3d-140ab8e6ac1a,ism_manager,ZHEJIANG YONGHANG SHIPPING CO LTD,CHINA,2010-05-06
014eae60-8148-7960-8270-75c8c59d4d29,ism_manager,BERNHARD SCHULTE-GER,GERMANY,2021-07-18
016edc3a-94a8-7d30-9b21-af48816d76db,ism_manager,DY SMC CO LTD,REPUBLIC OF KOREA,2023-04-05
018088d6-e778-732e-b3d8-06bd99743a25,ism_manager,GUANGZHOU SALVAGE BUREAU,CHINA,2000-07-05
014e47a7-7268-7801-b33f-3d875e11b589,ism_manager,AMA MARINE PCL,THAILAND,2017-08-03
014e47ca-7740-7def-83e4-b0a285d1b475,ism_manager,WAN HAI LINES SINGAPORE PTE,SINGAPORE,2023-08-24
014e46f4-fed0-75ab-b2c0-ce20dcea251a,ism_manager,NYK SHIPMANAGEMENT PTE,SINGAPORE,2013-03-29
014e46ec-82f0-7e8f-92f8-782c5a51dcb7,ism_manager,SHANGHAI OCEAN SHIPPING CO LTD,CHINA,2019-12-26
014e47b5-5130-78f5-a5ee-a25f8bd1bd9c,ism_manager,NYK SHIPMANAGEMENT PTE,SINGAPORE,2017-08-24
01872719-f000-74de-99e8-d8c033f626e8,ism_manager,SINOKOR SHIP MANAGEMENT CO LTD,REPUBLIC OF KOREA,2023-05-04
014e46f9-e8a0-766a-a3e1-a7dce528bf54,ism_manager,SITC SHIPPING MANAGEMENT,CHINA,2012-10-22
014e4819-8970-7492-b4de-d8cff62130aa,ism_manager,COSCO SHIPPING ENERGY TRANS,CHINA,2019-11-21
014e46fc-80b0-7c9a-88b7-0163a57240ab,ism_manager,ABOJEB CO INC,PHILIPPINES,2008-02-27
014e46fa-b3c0-7d8f-b59a-18171600fb21,ism_manager,MAERSK AS,DENMARK,2015-02-01
015667fa-ec68-77ac-af8c-b1f661e93d79,ism_manager,COSCO SHIPPING ENERGY TRANS,CHINA,2019-06-26
014e471d-62a8-76d1-9719-07cc53c762e1,ism_manager,POS SM CO LTD,REPUBLIC OF KOREA,2019-09-15
01742e02-da48-7b8f-836c-993dac77e74c,ism_manager,WAN HAI LINES SINGAPORE PTE,SINGAPORE,2026-01-22
0197f6b1-b1d0-791d-8673-a0078b3e75a9,ism_manager,SHENZHEN OCEAN SHIPPING CO LTD,CHINA,2025-09-28
01808739-2980-752d-9290-a238ac86e5e1,ism_manager,MAERSK AS,DENMARK,2024-03-13
014e4854-f460-7d77-bff6-22a96e6294cc,ism_manager,ANDALAS BAHTERA BARUNA,INDONESIA,2022-11-25
014e4752-12f0-7fa1-9b07-ac648430a556,ism_manager,FLEET SHIP MANAGEMENT PTE LTD,SINGAPORE,2017-09-21
014e46ff-7298-7300-a203-24bc20d1e580,ism_manager,TRUONG LONG VN JSC,VIETNAM,2025-05-06
014e4852-f4a8-76d6-9447-6d0318c7b6c3,ism_manager,TRUONG LONG VN JSC,VIETNAM,2024-08-15
014e46ef-9be8-702f-a4c3-0bad3173f282,ism_manager,NYK SHIPMANAGEMENT PTE,SINGAPORE,2002-11-26
014e53c1-d200-76b1-9ade-82b9d7b50dba,ism_manager,SHENZHEN HUAWEI OFFSHORE,CHINA,2009-12-01
014e4875-3e00-75b0-97ac-878f31749bbd,ism_manager,TECHNOMAR SHIPPING INC,GREECE,2019-05-06
014e46ea-6010-766a-a572-e98c0fee4f48,ism_manager,YANG MING MARINE TRANSPORT CORP,TAIWAN,2005-12-09
014e47c4-c250-743c-adc8-5a0226ab34b1,ism_manager,PACIFIC INTERNATIONAL LINES,SINGAPORE,2023-03-29
01808792-e628-7de6-8261-9657063741f8,ism_manager,SEAGULL CORP,VIETNAM,2017-04-09
014e4711-fcb0-7f69-9b9e-718367bff3e8,ism_manager,SHANGHAI OCEAN SHIPPING CO LTD,CHINA,2012-06-20
014e47f5-3890-78bd-910e-657e57774769,ism_manager,RCL SHIPMANAGEMENT PTE LTD,SINGAPORE,2005-10-25
01894482-18a0-74ae-aaae-8f874ec5d78d,ism_manager,V SHIPS SHANGHAI LTD,CHINA,2023-08-15
01808738-4308-7a6f-8d53-31647f5e052e,ism_manager,SITC SHIPPING MANAGEMENT,CHINA,2011-12-14
0196dc64-1a30-700a-9141-91c5f3a1ab05,ism_manager,TODA KISEN K K,JAPAN,2025-06-26
014e4749-b268-7170-8e07-7948694d84ea,ism_manager,VIET THUAN TRANSPORT CO LTD,VIETNAM,2025-11-20
014e46f4-2fc8-7cae-8cde-531640b7b0fc,ism_manager,CIDO SHIPPING KOREA CO LTD,REPUBLIC OF KOREA,2006-09-30
014e47a2-c330-736a-90a7-43da5eb1e46c,ism_manager,AMA MARINE PCL,THAILAND,2018-03-07
014e46eb-65c8-76eb-8cfd-05a56a368a1a,ism_manager,VELOS DRY LTD,GREECE,2024-06-10
014e9f18-4220-7a43-bf5c-d4f4c5765122,ism_manager,BW LPG FLEET MANAGEMENT AS,NORWAY,2023-11-21
017ac282-05f8-7ff6-972c-4a7b1f2bdd5e,ism_manager,USUI KAIUN KK,JAPAN,2021-09-22
016106e1-5858-71d2-a2c8-2eaabed21a40,ism_manager,FAIRMONT SHIPPING HK LTD,HONG KONG,2024-09-25
0176211a-1088-7902-9510-6c36d82e71d2,ism_manager,COSTAMARE SHIPPING CO SA,GREECE,2021-02-04
014e46ea-f868-7390-9f9f-bf53d43b5475,ism_manager,WIN ENTERPRISE SHIP MANAGEMENT NINGBO CO LTD,CHINA,2024-04-26
014e4704-6438-7b91-aafe-0e4ea47c6659,ism_manager,OSM SHIP MANAGEMENT PTE LTD,SINGAPORE,2024-12-07
014e46f7-2598-7034-ae0e-5120be3e8b00,ism_manager,VTB HAI AU CO LTD,VIETNAM,2026-01-30
01856ab1-a080-7922-8044-3fab395d6c76,ism_manager,KITAURA KAIUN KK,JAPAN,2023-04-19
014e46ed-d6c8-7652-a64c-57f95ffbdc70,ism_manager,AMA MARINE PCL,THAILAND,2015-07-29
017ac1dd-26f0-73f7-bc30-83d4ace74cfc,ism_manager,SEACON SHIPS MANAGEMENT FUZHOU,,2026-03-04
01836f7c-7538-78bb-a4f8-b734d170b26f,ism_manager,HPS SHIP MANAGEMENT CO LTD,VIETNAM,2024-07-10
014e46f4-1c40-7926-a4be-70fbe18b0f5e,ism_manager,TANGSHAN DONGFANG SHIPPING,CHINA,2025-05-23
014e4717-09a8-7c07-8092-53a252ad895c,ism_manager,BRUNEI GAS CARRIERS SDN BHD,BRUNEI,2019-10-24
016b452a-cf90-7ef2-997e-268e3baca64e,ism_manager,MEDITERRANEAN SHIPPING CO SRL,ITALY,2019-07-04
01827b44-1660-73f4-8719-bb8f49c451aa,ism_manager,FLEET SHIP MANAGEMENT PTE LTD,SINGAPORE,2022-09-21
0164fbcd-2150-7757-b45d-1211d2bd646e,ism_manager,FAREAST SHIPMANAGEMENT HK LTD,HONG KONG,2025-01-14
016eb0dd-b088-7ffe-ba82-be24b5148f1a,ism_manager,SWIRE SHIPPING PTE LTD,SINGAPORE,2020-01-17
019a2354-9c78-7483-a135-ffb991d37ef9,ism_manager,WALLEM SHIPMANAGEMENT LTD,HONG KONG,
014e7411-a008-7aa0-b882-0bd8ad9a7f83,ism_manager,DALIAN SENYI SHIPPING LTD,CHINA,2022-09-16
018097dd-6e68-79d7-b0b2-d32d62677030,ism_manager,QUYET TAM SHIPPING CO LTD,VIETNAM,2021-06-09
014e47d6-eea8-7401-98b6-8653b320fabb,ism_manager,DRACO BUREN SHIPPING PTE LTD,SINGAPORE,2021-04-21
0191dd12-3a48-786a-bec6-245b3caa44f5,ism_manager,HUBEI CHUDAO WATERWAY TRANS,CHINA,2024-09-08
018a32d1-d130-72fd-8c66-726dc1cfc8af,ism_manager,POS SM CO LTD,REPUBLIC OF KOREA,2023-08-31
014e4daa-0180-7557-9b7b-2c8cadf802ed,ism_manager,BERNHARD SCHULTE-CYP,CYPRUS,2015-08-15
014e46ec-57f8-7d51-a8a7-b4dead8597ea,ism_manager,HONGKONG HAIYAO SHIPPING CO,HONG KONG,2026-01-09
014e46ea-3900-7723-b86b-a96d73381221,ism_manager,YONG HE SHIP MANAGEMENT CO LTD,CHINA,2025-05-26
01808ba3-6d28-7a44-b8e6-a0413b1f5759,ism_manager,HOANG GIA SHIPPING SERVICES,VIETNAM,2022-08-03
014e46ed-d6c8-7a0f-8744-a9cfaa9b1b5f,ism_manager,FUZHOU SHIPPING GROUP CO LTD,HONG KONG,2025-11-14
014e5f19-6668-77da-93ac-8a09c8540d5f,ism_manager,TTP IET JSC,VIETNAM,2024-01-12
0160affd-f7a8-750e-ba22-320878ee96af,ism_manager,SERENITY SHIP MANAGEMENT FZCO,UNITED ARAB EMIRATES,2022-06-21
019653f6-ded0-7c1e-8c19-db2976ce45fe,ism_manager,YANTAI SHENGFA SHIPPING CO LTD,CHINA,2025-04-08
0197f832-fe88-772e-bdf1-e9b37b435bb8,ism_manager,RUN XIANG SHIPPING CO LTD,CHINA,2024-09-21
01808739-6fd0-7369-8b82-d7b30fa65af9,ism_manager,HMM OCEAN SERVICE CO LTD,REPUBLIC OF KOREA,2020-06-26
014e485f-6828-74f0-a8cd-af5e9d1998cd,ism_manager,ZHOUSHAN ENJI SHIPPING DEVELOPMENT CO LTD,CHINA,2024-10-17
014e46ed-7cf0-7a4e-a9ab-4d4ea119410a,ism_manager,HALCOUSSIS Z&G CO,GREECE,2025-11-18
