vessel_id,mmsi,imo,shipname,callsign,flag_code,flag,ship_type_summary,ship_type_detail_name,length_m,width_m,dwt,grt,year_built
014e4765-50b8-7402-b1d2-c57b37ff623f,351849000,9605047.0,PACIFIC HOPE,3FLH6,PA,Panama (Republic of),"Cargo ships, all ships of this type",Bulk Carrier,171.0,27.200001,28200.0,17009.0,2011.0
014e46f2-0518-7aae-ad05-c0edc1b2835b,357362000,9392884.0,DIAMOND CORAL,3EMG5,PA,Panama (Republic of),"Tanker(s), all ships of this type",LPG Tanker,97.690002,20.0,3863.0,3419.0,2007.0
018fa93d-aab0-76e7-b0b5-b589ca0e1a30,574006030,1035090.0,VIET THUAN 095 01,3WYD7,VN,Viet Nam (Socialist Republic of),"Cargo ships, all ships of this type",General Cargo,119.0,17.0,9500.0,5775.0,2024.0
014e46eb-5628-745d-a171-882c035e56cb,574004780,9470727.0,HAIAN VIEW,XVGU7,PA,Panama (Republic of),"Cargo ships, no additional information",Container Ship,171.99001,27.6,21440.0,17280.0,2009.0
018088df-c500-7062-81d6-fb3a7097129f,574005670,9427419.0,NHA BE 11,XVLE7,VN,Viet Nam (Socialist Republic of),Reserved for future use,Oil/Chemical Tanker,109.61,18.0,6717.0,4552.0,2008.0
014e4752-5d28-778d-9d19-29ef5cdd0588,574474000,9054846.0,PHUONG DONG 06,3WQH,VN,Viet Nam (Socialist Republic of),"Cargo ships, no additional information",Bulk Carrier,157.5,25.0,22201.0,13706.0,1993.0
01869d7a-33c8-7b98-84a5-d8d8ea2fb139,413511810,1040655.0,SHENGHANGHUA15,BPEP6,CN,China (People's Republic of),"Tanker(s), carrying DG and/or MHB, HS, or MP, IMO hazard or pollutant category Y",Chemical Tanker,96.0,14.0,3055.0,2794.0,2023.0
014e46ee-f008-79ec-a55d-109042a99940,563257300,9390252.0,KOTA NEKAD,9VDK6,SG,Singapore (Republic of),"Cargo ships, carrying DG and/or MHB, HS, or MP, IMO hazard or pollutant category X",Container Ship,179.67,27.639999,25985.0,20902.0,2009.0
014e4789-18e0-79a8-8cab-9c56ecc3c798,414072000,9579262.0,GUO YUAN 16,BPMS8,CN,China (People's Republic of),"Cargo ships, all ships of this type",Bulk Carrier,224.89999,32.25,75915.0,41830.0,2012.0
015a5927-4c00-7f86-9553-a82ca87d6414,636017742,9792010.0,SOUTHERN QUOKKA,D5MN2,LR,Liberia (Republic of),"Tanker(s), all ships of this type",Oil/Chemical Tanker,157.0,25.0,26077.0,14965.0,2017.0
014e46ea-6010-72c7-9456-6f79640304f6,636020978,9230775.0,MSC TRADER II,5LBQ9,AG,Antigua and Barbuda,"Cargo ships, all ships of this type",Container Ship,184.03999,25.299999,22968.0,16803.0,2001.0
014e54bc-3790-7f00-984a-af4d2e801f00,567359000,9140449.0,SENNA,HSB4262,TH,Thailand,"Tanker(s), all ships of this type",LPG Tanker,105.92,16.200001,3700.0,4002.0,1996.0
014e4ad4-11a8-7ad2-ade3-78f54f72bcab,413380840,9553361.0,CHANG XIONG,BUWI,HK,China (People's Republic of) - Hong Kong (Special Administrative Region of China),"Cargo ships, all ships of this type",General Cargo,117.8,18.0,8394.0,6550.0,2010.0
014e4c1d-1c08-7738-aba6-1b82a7d573aa,477067800,9477907.0,OOCL TAIPEI,VRNR6,HK,China (People's Republic of) - Hong Kong (Special Administrative Region of China),"Cargo ships, all ships of this type",Container Ship,334.94,42.919998,101146.0,91499.0,2015.0
018325b7-72b8-7500-864c-16bbab7cf7fe,477856200,9907134.0,JIN HAI ZHOU,VRUY6,HK,China (People's Republic of) - Hong Kong (Special Administrative Region of China),"Tanker(s), carrying DG and/or MHB, HS, or MP, IMO hazard or pollutant category Y","Tanker(s), carrying DG and/or MHB, HS, or MP, IMO hazard or pollutant category Y",129.0,22.0,13707.0,9681.0,2022.0
01929a3c-0a18-794b-bc4b-6a25c4102b07,538011207,9937543.0,TS MUMBAI,V7A6782,MH,Marshall Islands (Republic of the),"Cargo ships, carrying DG and/or MHB, HS, or MP, IMO hazard or pollutant category X",Container Ship,272.5,43.0,86645.0,73172.0,2024.0
014e4952-28b0-7c11-9eab-3e80bf556786,357025000,9160712.0,FENGYUNHE,3FXG8,PA,Panama (Republic of),"Cargo ships, carrying DG and/or MHB, HS, or MP, IMO hazard or pollutant category X",Container Ship,182.87,27.6,24251.0,16737.0,1998.0
014e479a-6a78-7442-a413-9444bc1dc2db,477272800,9331115.0,SITC HONGKONG,VRYK9,PA,Panama (Republic of),"Cargo ships, carrying DG and/or MHB, HS, or MP, IMO hazard or pollutant category X","Cargo ships, carrying DG and/or MHB, HS, or MP, IMO hazard or pollutant category X",145.12,22.450001,12621.0,9531.0,2007.0
017195c5-8ca0-7503-a725-c826a5fc128d,563259400,9864502.0,YM CELEBRITY,9V9752,LR,Liberia (Republic of),"Cargo ships, carrying DG and/or MHB, HS, or MP, IMO hazard or pollutant category OS",Container Ship,209.75,33.0,37500.0,32600.0,2020.0
014e4746-2c10-728d-9bd1-b2fb8fa20e13,255806105,9450351.0,MSC JUSTICE VIII,CQIY7,LR,Liberia (Republic of),"Cargo ships, carrying DG and/or MHB, HS, or MP, IMO hazard or pollutant category X","Cargo ships, carrying DG and/or MHB, HS, or MP, IMO hazard or pollutant category X",333.0,43.0,108836.0,94419.0,2010.0
014e47a6-ce58-73ed-8c5b-8015969c2d61,533180127,9146065.0,MTT PULAU PINANG,9MVG3,MY,Malaysia,"Cargo ships, all ships of this type",Container Ship,159.53,25.0,17182.0,13448.0,1997.0
0174f99d-caf0-787f-bd05-20458ecaccb9,356517000,9890874.0,EVER CLEAR,3FTB3,PA,Panama (Republic of),"Cargo ships, carrying DG and/or MHB, HS, or MP, IMO hazard or pollutant category X",Container Ship,171.98,28.0,22383.0,18658.0,2020.0
014fa192-1e80-7ce2-a81b-e82042ab1d0e,413204220,8791045.0,YUAN DONG YANG FAN,BPOL9,CN,China (People's Republic of),"Tanker(s), carrying DG and/or MHB, HS, or MP, IMO hazard or pollutant category Y",Chemical Tanker,92.0,14.0,3037.0,2404.0,2015.0
01742f6b-5770-703c-9e9a-07bb05ee511b,413247480,9809215.0,ZHONG GU LIN YI,BOKT5,CN,China (People's Republic of),"Cargo ships, carrying DG and/or MHB, HS, or MP, IMO hazard or pollutant category X","Cargo ships, carrying DG and/or MHB, HS, or MP, IMO hazard or pollutant category X",180.0,32.0,40536.0,28433.0,2018.0
01656896-c908-7518-b1ab-1d4a20402f85,413585030,9635107.0,HONG HAO,BPOO6,HK,China (People's Republic of) - Hong Kong (Special Administrative Region of China),"Tanker(s), carrying DG and/or MHB, HS, or MP, IMO hazard or pollutant category X",LPG Tanker,110.0,17.799999,4369.0,4702.0,2012.0
014e51eb-ba40-75a0-ab63-8c61f88aa9f3,636013348,9403554.0,SERENGETI,A8MI9,LR,Liberia (Republic of),"Tanker(s), all ships of this type",Crude Oil Tanker,228.0,32.240002,74999.0,42331.0,2009.0
018cc253-95f8-7237-8961-f17dfe34cce0,538008755,9450571.0,SYNERGY BUSAN,V7A2725,MH,Marshall Islands (Republic of the),"Cargo ships, carrying DG and/or MHB, HS, or MP, IMO hazard or pollutant category X","Cargo ships, carrying DG and/or MHB, HS, or MP, IMO hazard or pollutant category X",260.0,32.299999,50500.0,40030.0,2009.0
0150e9d9-0b58-7342-a1cc-77d29348175b,636018913,9693410.0,ACRA,D5RZ9,MH,Marshall Islands (Republic of the),"Cargo ships, no additional information",Bulk Carrier,229.0,32.299999,82032.0,44192.0,2016.0
014e46ec-ec68-7d4f-b6d5-1861401a4ff4,416083000,9493250.0,WAN HAI 271,BHLB,SG,Singapore (Republic of),"Cargo ships, carrying DG and/or MHB, HS, or MP, IMO hazard or pollutant category OS",Container Ship,172.10001,27.299999,21650.0,16776.0,2011.0
014e46ed-abd0-790b-bc9c-75eb686334ba,477790100,9702704.0,BBG GRACE,VRNU8,HK,China (People's Republic of) - Hong Kong (Special Administrative Region of China),"Cargo ships, no additional information",Bulk Carrier,228.99001,32.259998,81952.0,43007.0,2015.0
014e4776-a250-7aa1-b5b8-506d0ae81148,413073000,9304784.0,XIN QIN HUANG DAO,BPBD,CN,China (People's Republic of),"Cargo ships, carrying DG and/or MHB, HS, or MP, IMO hazard or pollutant category X",Container Ship,279.89999,40.299999,69308.0,66452.0,2004.0
017d0885-2bc8-7c02-8c75-0cd884fe83f6,413307920,9931745.0,SHENG YOU 251,BOUG6,CN,China (People's Republic of),"Tanker(s), all ships of this type",Oil Products Tanker,130.0,21.0,13180.0,8971.0,2021.0
0166c31b-4fd8-7954-853e-d16ad11cf25e,477232200,9785794.0,COSCO SAKURA,VRSG3,HK,China (People's Republic of) - Hong Kong (Special Administrative Region of China),"Cargo ships, carrying DG and/or MHB, HS, or MP, IMO hazard or pollutant category X",Container Ship,366.0,48.0,,,
01815c01-6420-7eef-8455-605a26b9b696,477833800,9918717.0,SITC SHANGDE,VRUS2,HK,China (People's Republic of) - Hong Kong (Special Administrative Region of China),"Cargo ships, carrying DG and/or MHB, HS, or MP, IMO hazard or pollutant category X",Container Ship,171.89999,28.0,24502.0,18724.0,2022.0
016ecfb5-da80-7a9f-a5c5-f6d1a2eea12b,636019753,9866524.0,ULTRA QUALITY,D5VZ7,SG,Singapore (Republic of),"Cargo ships, all ships of this type",Bulk Carrier,199.98,32.0,63465.0,35832.0,2020.0
015059ad-5458-7c9a-9c8b-9f8a80494b9c,441393000,9730971.0,ASIAN PIONEER,D7WI,MH,Marshall Islands (Republic of the),"Tanker(s), carrying DG and/or MHB, HS, or MP, IMO hazard or pollutant category Y","Tanker(s), carrying DG and/or MHB, HS, or MP, IMO hazard or pollutant category Y",126.5,20.0,12423.0,8294.0,2015.0
016b4973-9118-70c5-a5ce-3696e0654b65,354977000,9786841.0,EVER GLOBE,3FWU2,PA,Panama (Republic of),"Cargo ships, carrying DG and/or MHB, HS, or MP, IMO hazard or pollutant category OS",Container Ship,399.98001,58.959999,198937.0,219775.0,2019.0
014e4764-bc48-7502-b0cb-a0c99f7af9ba,209795000,9450595.0,SYNERGY KEELUNG,5BKF5,HK,China (People's Republic of) - Hong Kong (Special Administrative Region of China),"Cargo ships, all ships of this type",Container Ship,260.0,32.0,50500.0,40030.0,2009.0
014e4765-0a68-7871-97ce-96c7a993f26c,636023157,9259379.0,MSC ANCONA III,5LMH4,LR,Liberia (Republic of),"Cargo ships, all ships of this type",Container Ship,199.92999,32.259998,33216.0,27104.0,2003.0
016e8723-e190-7d1b-ac93-896c0c032561,355537000,9866598.0,EVER CALM,H3OA,PA,Panama (Republic of),"Cargo ships, carrying DG and/or MHB, HS, or MP, IMO hazard or pollutant category OS",Container Ship,171.98,28.0,22217.0,18658.0,2020.0
0194f390-7048-72db-b83a-e07547c3baad,563250400,9950997.0,EVER VIVE,9V7819,SG,Singapore (Republic of),"Cargo ships, carrying DG and/or MHB, HS, or MP, IMO hazard or pollutant category OS","Cargo ships, carrying DG and/or MHB, HS, or MP, IMO hazard or pollutant category OS",209.8,35.0,43729.0,35697.0,2025.0
01741ea7-51a0-7a70-8b02-6edc39daccb3,477996679,9898125.0,GUO HUI,VRS5982,HK,China (People's Republic of) - Hong Kong (Special Administrative Region of China),"Tanker(s), all ships of this type",Oil Products Tanker,68.199997,15.0,1903.0,1591.0,2020.0
014e474b-19c8-7dcb-bd44-d296455903ea,477979600,9659828.0,HC WISDOM,VRWE9,LR,Liberia (Republic of),"Cargo ships, all ships of this type",Bulk Carrier,234.98,38.0,95711.0,50625.0,2013.0
0157f64b-3f08-790e-be6e-e9a8cbb94c3e,412479780,9812638.0,JIN ZHU HU,BYNU,CN,China (People's Republic of),Passenger (cruise) ship,Passenger Ship,40.799999,10.8,35.0,499.0,2016.0
0180873e-3a60-7dee-91ae-c09106db93c2,574003200,9352585.0,PETROLIMEX 20,XVUX9,VN,Viet Nam (Socialist Republic of),"Tanker(s), all ships of this type",Oil/Chemical Tanker,146.60001,23.700001,19925.0,11662.0,2005.0
0197f3d7-1e78-76cf-88f5-3a0b8d58f2d2,413231040,9909895.0,HAO YUAN 102,BOFT2,CN,China (People's Republic of),"Tanker(s), all ships of this type",Oil Products Tanker,130.0,21.0,14050.0,8971.0,2020.0
0195ea7e-3ac0-70b7-8a42-d5b2cacf4683,563261900,9950856.0,EVER WISH,9V7808,SG,Singapore (Republic of),"Cargo ships, carrying DG and/or MHB, HS, or MP, IMO hazard or pollutant category X","Cargo ships, carrying DG and/or MHB, HS, or MP, IMO hazard or pollutant category X",172.0,32.0,27997.0,27145.0,2025.0
01978823-9dc8-7d5d-a1e5-e8f5d6e69397,477997242,1046453.0,NGON SHUEN II,VRS6488,HK,China (People's Republic of) - Hong Kong (Special Administrative Region of China),"Cargo ships, all ships of this type",Container Ship,93.0,21.0,4594.0,4661.0,2025.0
0186949e-f9a0-7a83-b50a-c1b6dbd5b1f4,372280000,9741413.0,ONE HAWK,H3BL,PA,Panama (Republic of),"Cargo ships, carrying DG and/or MHB, HS, or MP, IMO hazard or pollutant category OS",Container Ship,364.0,51.0,138907.0,145407.0,2017.0
017bbeba-5e10-7597-bb5b-7266002e615e,636020600,9897028.0,MSC ALLEGRA,D5ZY5,LR,Liberia (Republic of),"Cargo ships, all ships of this type",Container Ship,399.76999,61.029999,228406.0,228786.0,2021.0
0175773b-dbc8-73cc-af1e-8a73d7ff9bd9,563116500,9871311.0,WAN HAI 283,9V6502,SG,Singapore (Republic of),"Cargo ships, carrying DG and/or MHB, HS, or MP, IMO hazard or pollutant category X",Container Ship,175.05,28.629999,23803.0,20924.0,2020.0
0186086d-d870-7149-ae09-ebc38b6c5e61,235086166,9493365.0,NOBLE ACE,2ELO7,GB,United Kingdom of Great Britain and Northern Ireland,"Cargo ships, no additional information",Vehicles Carrier,199.97,32.26,18946.0,59515.0,2011.0
014e473e-8ed8-7a2c-a0d5-82905b1ba436,477095600,9486506.0,NEW WISDOM,VRJC8,HK,China (People's Republic of) - Hong Kong (Special Administrative Region of China),"Tanker(s), all ships of this type",Crude Oil Tanker,333.0,60.0,317960.0,164680.0,2011.0
014e46ea-a660-71ed-8025-569c8c8002fc,477997031,9037496.0,CHAI WAN,SSD,HK,China (People's Republic of) - Hong Kong (Special Administrative Region of China),"Cargo ships, all ships of this type",Container Ship,69.0,18.0,1848.0,1746.0,1992.0
014e46ff-9d90-789c-a0e3-61329c05950b,564241000,9143465.0,LILA BHUM,S6LX,BS,Bahamas (Commonwealth of the),"Cargo ships, all ships of this type",Container Ship,135.89999,22.0,10901.0,8443.0,1997.0
014e46e9-f698-7565-a193-233459c73e9c,412032000,9494371.0,WU ZHU HAI,BOCM,CN,China (People's Republic of),"Cargo ships, all ships of this type",Bulk Carrier,225.0,32.26,76427.0,40896.0,2008.0
0180b67e-6f48-72ad-a2d5-da5870e9e0cf,563291200,9937335.0,ONE PARANA,9V9481,HK,China (People's Republic of) - Hong Kong (Special Administrative Region of China),"Cargo ships, carrying DG and/or MHB, HS, or MP, IMO hazard or pollutant category X","Cargo ships, carrying DG and/or MHB, HS, or MP, IMO hazard or pollutant category X",330.0,48.34,132236.0,114643.0,2022.0
0187c610-1338-7628-afe5-2b30c342c540,563187500,9554688.0,WAN HAI 361,9V7393,SG,Singapore (Republic of),"Cargo ships, carrying DG and/or MHB, HS, or MP, IMO hazard or pollutant category X",Container Ship,203.5,35.0,36493.0,30519.0,2023.0
014e4c19-5730-78b7-8cb5-50a525647b1b,212714000,9363364.0,VANCOUVER,C4ZL2,CY,Cyprus (Republic of),"Cargo ships, carrying DG and/or MHB, HS, or MP, IMO hazard or pollutant category X",Container Ship,260.04001,32.299999,50632.0,40030.0,2007.0
01851aaf-6b30-78ce-81e3-3dd7e6f390ac,636022523,9919498.0,EVER OMNI,5LJF4,LR,Liberia (Republic of),Other types of ship,Container Ship,194.89999,32.259998,32500.0,27300.0,2023.0
0186fcb3-00b8-78d7-9b36-5d94c1a32e8b,414807000,9938937.0,ZHONG GU CHANG CHUN,BPFN9,CN,China (People's Republic of),"Cargo ships, carrying DG and/or MHB, HS, or MP, IMO hazard or pollutant category X",Container Ship,228.0,40.0,87571.0,54466.0,2023.0
015dab79-2e80-7f02-901b-e754787339b8,351465000,9786932.0,EVER BLISS,H9PP,PA,Panama (Republic of),"Cargo ships, carrying DG and/or MHB, HS, or MP, IMO hazard or pollutant category OS","Cargo ships, carrying DG and/or MHB, HS, or MP, IMO hazard or pollutant category OS",212.0,33.0,37872.0,33266.0,2017.0
014e4a74-b398-7337-b506-1a321806c77f,249235000,9689677.0,ZORBAS,9HA6184,GR,Greece,"Cargo ships, all ships of this type",Bulk Carrier,292.0,45.0,179033.0,93202.0,2014.0
0172bd3f-8460-7e1e-b34a-8af19ba33786,355341000,9869992.0,EVER CHARM,3EFF5,PA,Panama (Republic of),"Cargo ships, all ships of this type",Container Ship,172.07001,25.0,22382.0,17933.0,2020.0
0187c5be-74b0-7011-8aa8-6b709b3ffec2,477890900,9941075.0,SITC HUIMING,VRVE2,HK,China (People's Republic of) - Hong Kong (Special Administrative Region of China),"Cargo ships, carrying DG and/or MHB, HS, or MP, IMO hazard or pollutant category X",Container Ship,186.0,36.0,34000.0,29535.0,2023.0
014e4703-a0e8-750c-9e9e-572ba464c4c4,477248300,9363962.0,HF FORTUNE,VRXV3,AG,Antigua and Barbuda,"Cargo ships, carrying DG and/or MHB, HS, or MP, IMO hazard or pollutant category X","Cargo ships, carrying DG and/or MHB, HS, or MP, IMO hazard or pollutant category X",142.7,22.629999,12782.0,9610.0,2008.0
014e4703-9d00-74c9-a001-e605caa5cca5,441174000,9131852.0,KMTC PUSAN,DSFT8,KR,Korea (Republic of),"Cargo ships, all ships of this type",Container Ship,168.56,26.0,21054.0,16717.0,1997.0
014e46eb-e6b0-78cd-988c-00eeb2cfda5a,352003099,9342798.0,TC MESSENGER,3E5979,BS,Bahamas (Commonwealth of the),"Cargo ships, all ships of this type",Container Ship,145.12,22.4,12597.0,9549.0,2007.0
014e5291-fcc0-702d-b30e-60b90f1c38c3,354252000,9443877.0,GRAND ACE10,3EPV8,PA,Panama (Republic of),"Tanker(s), carrying DG and/or MHB, HS, or MP, IMO hazard or pollutant category Z","Tanker(s), carrying DG and/or MHB, HS, or MP, IMO hazard or pollutant category Z",183.0,32.0,46159.0,30049.0,2008.0
018fe606-9470-733a-af09-07a49bdffead,477979400,9943657.0,SITC MINHE,VRVE9,HK,China (People's Republic of) - Hong Kong (Special Administrative Region of China),"Cargo ships, carrying DG and/or MHB, HS, or MP, IMO hazard or pollutant category X",Container Ship,146.5,24.0,12991.0,9973.0,2024.0
014e61d5-9868-70fd-9697-75ef5e34716d,574947000,9557460.0,HUONG ANH 59,3WAN,VN,Viet Nam (Socialist Republic of),"Cargo ships, all ships of this type",Bulk Carrier,79.199997,12.6,3020.0,1599.0,2009.0
0164a664-a8a0-7585-b005-d50d5bb1557c,372354000,9784130.0,EVER BRAVE,3FEB,PA,Panama (Republic of),"Cargo ships, all ships of this type",Container Ship,211.0,33.0,30000.0,32691.0,2018.0
0180f4e7-9b88-7ab8-ab23-0f4aa7295c14,477811700,9918705.0,SITC LIDE,VRUR6,HK,China (People's Republic of) - Hong Kong (Special Administrative Region of China),"Cargo ships, carrying DG and/or MHB, HS, or MP, IMO hazard or pollutant category X",Container Ship,171.89999,28.450001,22000.0,18848.0,2022.0
018dd685-d2d8-7cbe-8a1f-eaa0d12fd6d1,574006040,9967055.0,HAIAN BETA,XVMQ7,PA,Panama (Republic of),"Cargo ships, all ships of this type",Container Ship,172.0,28.0,24366.0,18852.0,2024.0
014e53df-73f0-75ab-beaf-c39906a01e15,352001126,9332420.0,LS VENUS,3E3406,GB,United Kingdom of Great Britain and Northern Ireland,"Tanker(s), carrying DG and/or MHB, HS, or MP, IMO hazard or pollutant category Y","Tanker(s), carrying DG and/or MHB, HS, or MP, IMO hazard or pollutant category Y",126.0,20.0,12872.0,8455.0,2007.0
0170f5f8-56d0-7528-9287-6acd738aced4,356907000,9869980.0,EVER CHANT,H9QK,PA,Panama (Republic of),"Cargo ships, carrying DG and/or MHB, HS, or MP, IMO hazard or pollutant category OS",Container Ship,172.0,27.43,22390.0,17933.0,2020.0
014e4aac-d2c8-7c4b-8e2f-f7a95db4bf48,538010314,9387750.0,VISHVAKARMAA,V7A5882,SG,Singapore (Republic of),"Tanker(s), all ships of this type",LPG Tanker,225.28,36.599998,58560.0,47266.0,2009.0
014e46eb-5df8-7292-8612-52d2638fd04c,563161800,9360245.0,MAERSK JIANGYIN,9V8106,CY,Cyprus (Republic of),"Cargo ships, carrying DG and/or MHB, HS, or MP, IMO hazard or pollutant category Z",Container Ship,221.75,29.860001,37866.0,28007.0,2007.0
014e46fb-ec40-75ba-a172-0ff73c850ad9,256169000,9705081.0,CMA CGM VOLGA,9HA3846,MT,Malta,"Cargo ships, carrying DG and/or MHB, HS, or MP, IMO hazard or pollutant category X",Container Ship,299.95001,48.200001,116354.0,96704.0,2015.0
018ad9c4-a5d0-7cb4-a700-fd08843aa925,636022342,9983396.0,MATOYA BAY,5LII2,LR,Liberia (Republic of),"Cargo ships, all ships of this type",Container Ship,186.0,35.0,37242.0,29796.0,2023.0
014e46eb-7950-74ef-8987-f9fb0e41d563,219631000,9632155.0,METTE MAERSK,OWRS2,DK,Denmark,"Cargo ships, carrying DG and/or MHB, HS, or MP, IMO hazard or pollutant category X",Container Ship,399.20001,59.0,214733.0,194849.0,2015.0
0183a85e-8bc0-7247-b018-f85148f716a0,636021595,9919486.0,EVER ORIGIN,5LES7,LR,Liberia (Republic of),"Cargo ships, carrying DG and/or MHB, HS, or MP, IMO hazard or pollutant category OS",Container Ship,194.96001,33.0,33541.0,27025.0,2022.0
0187bb13-3190-78a1-9389-0c4f7ad32bb0,477890800,9958597.0,HONG TAI,VRVN4,HK,China (People's Republic of) - Hong Kong (Special Administrative Region of China),"Tanker(s), carrying DG and/or MHB, HS, or MP, IMO hazard or pollutant category OS",LPG/Chemical Tanker,99.949997,17.0,4338.0,4498.0,2023.0
014e46ed-84c0-787d-88b9-3533aad6a811,370680000,9216236.0,HOANH SON SKY,3FJK7,MH,Marshall Islands (Republic of the),"Cargo ships, all ships of this type",Bulk Carrier,224.89,32.299999,74082.0,39973.0,2001.0
014e46f7-8740-784d-a988-f6f202394ad4,210616000,9447184.0,COALMAX,5BVR3,CY,Cyprus (Republic of),"Cargo ships, all ships of this type",Bulk Carrier,299.95001,49.0,203100.0,106804.0,2013.0
014e47b3-0f10-7396-ad8c-f9895b1dc774,636019096,9454565.0,BERGE STANLEY,D5SX6,PA,Panama (Republic of),"Cargo ships, all ships of this type",Bulk Carrier,295.0,46.0,180145.0,94710.0,2011.0
017f96ad-05e0-7acf-9f46-6e743e4e5b47,229416000,9886744.0,CLEAN COPANO,9HA5492,MT,Malta,"Tanker(s), carrying DG and/or MHB, HS, or MP, IMO hazard or pollutant category OS",LNG Tanker,299.0,48.9,107817.0,130200.0,2022.0
01584237-05a0-7bf9-94f2-bb851567d175,413489920,9722754.0,TIAN JIAN,BOAR,CN,China (People's Republic of),"Cargo ships, all ships of this type",Heavy Lift Vessel,189.99001,28.5,37979.0,26770.0,2016.0
014e46eb-17a8-72e8-bf44-12876e7b748e,636018571,9463047.0,MSC EMMA,D5QH6,SG,Singapore (Republic of),"Cargo ships, carrying DG and/or MHB, HS, or MP, IMO hazard or pollutant category X",Container Ship,366.0,48.200001,141406.0,141649.0,2011.0
014e46ec-d8e0-7703-b992-ada4eaa3980d,256937000,9308508.0,BEIJING,9HA4041,GR,Greece,"Cargo ships, all ships of this type",Container Ship,350.54999,42.799999,107504.0,109149.0,2006.0
014e4738-4578-7441-81c8-a65399916b34,565357000,9681235.0,KOTA SEGAR,9V2125,SG,Singapore (Republic of),"Cargo ships, carrying DG and/or MHB, HS, or MP, IMO hazard or pollutant category X",Container Ship,228.0,37.0,51739.0,41653.0,2014.0
018ef4af-f4e0-79e0-bc17-a17654e787cd,413582450,9994917.0,DING HENG 30,BPNZ7,CN,China (People's Republic of),"Tanker(s), carrying DG and/or MHB, HS, or MP, IMO hazard or pollutant category Z",Oil/Chemical Tanker,112.0,18.0,6392.0,4626.0,2024.0
01926a45-3730-7381-9acb-074f84e2e999,563240200,9950973.0,EVER VIVA,9V7817,SG,Singapore (Republic of),"Cargo ships, carrying DG and/or MHB, HS, or MP, IMO hazard or pollutant category OS",Container Ship,209.8,35.0,43719.0,35697.0,2024.0
014e46ea-c1b8-7111-9ffb-6349e70ccbd6,414700000,9523005.0,XIN QIN ZHOU,BPKF,CN,China (People's Republic of),"Cargo ships, carrying DG and/or MHB, HS, or MP, IMO hazard or pollutant category X",Container Ship,255.0,37.0,66903.0,47917.0,2012.0
014e49d4-be60-7294-b185-fd093a7ffbf2,353329000,9176216.0,TRANS FUTURE 1,3FGB8,PA,Panama (Republic of),"Cargo ships, all ships of this type",Vehicles Carrier,172.0,25.0,10347.0,25667.0,1998.0
014e46f0-a1a0-7256-a9cc-9cd3b719985a,477752400,9518359.0,COSCO AQABA,VRMN8,HK,China (People's Republic of) - Hong Kong (Special Administrative Region of China),"Cargo ships, carrying DG and/or MHB, HS, or MP, IMO hazard or pollutant category X",Container Ship,261.10001,32.25,49979.0,40465.0,2013.0
014e46fc-80b0-71a9-9efe-83d63703b7f9,413165000,9337925.0,XIN MEI ZHOU,BPKC,CN,China (People's Republic of),"Cargo ships, carrying DG and/or MHB, HS, or MP, IMO hazard or pollutant category X",Container Ship,335.0,42.799999,102453.0,90757.0,2008.0
014e4764-1450-71f1-855a-dbacee228508,477950900,9425045.0,SC CHONGQING,VRIZ7,HK,China (People's Republic of) - Hong Kong (Special Administrative Region of China),"Tanker(s), carrying DG and/or MHB, HS, or MP, IMO hazard or pollutant category Y","Tanker(s), carrying DG and/or MHB, HS, or MP, IMO hazard or pollutant category Y",115.0,18.6,9167.0,6028.0,2010.0
014e4d9c-f5a8-7b6b-b31f-7baed2b6e205,477225300,9380269.0,WAN HAI 172,VRFF4,HK,China (People's Republic of) - Hong Kong (Special Administrative Region of China),"Tanker(s), carrying DG and/or MHB, HS, or MP, IMO hazard or pollutant category Y",Container Ship,172.10001,27.299999,22177.0,16471.0,2009.0
014e4895-4920-76de-933a-3d9fdee518bc,477811100,9367205.0,OOCL ITALY,VRUQ7,SG,Singapore (Republic of),"Cargo ships, all ships of this type",Container Ship,280.54001,40.0,66940.0,66462.0,2007.0
015f7a09-74e8-7d85-8bc9-025588443da9,374747000,9810977.0,SUN PLUS,3FQO4,PA,Panama (Republic of),"Cargo ships, all ships of this type",Wood Chips Carrier,199.96001,32.240002,49720.0,41267.0,2017.0
014e46f8-2b50-7fa5-837c-4f35983b7791,414742000,9606431.0,YU XIAO FENG,BRPL,CN,China (People's Republic of),"Cargo ships, all ships of this type",Bulk Carrier,225.0,32.259998,75397.0,40913.0,2012.0
014e46ea-2578-78ab-b72f-04e15fa31da8,354244000,9161833.0,ADVANTAGE,H3OU,PA,Panama (Republic of),"Cargo ships, all ships of this type",Cement Carrier,127.02,20.6,10645.0,7816.0,1997.0
0180873c-1b68-70b8-be29-d1cdcd1f2e44,413133000,9304813.0,XIN CHANG SHU,BPBG,CN,China (People's Republic of),"Cargo ships, carrying DG and/or MHB, HS, or MP, IMO hazard or pollutant category X",Container Ship,279.89999,40.299999,69229.0,66452.0,2005.0
014e4702-9360-749a-86f3-a6f94e303949,538004727,9567037.0,JEWEL,V7YT2,MH,Marshall Islands (Republic of the),"Cargo ships, all ships of this type",Bulk Carrier,291.79999,45.0,175784.0,91971.0,2012.0
014e554b-d148-7763-b305-81353409f84e,413303010,9576480.0,HAI YANG SHI YOU 708,BFDL,CN,China (People's Republic of),Other types of ship,Research/Survey Vessel,105.0,25.370001,5139.0,7847.0,2011.0
019aae34-0c70-7ed4-bede-0a84f2fafa3f,574015308,9616670.0,VINACOMIN 030 01,XVOZ7,VN,Viet Nam (Socialist Republic of),"Cargo ships, all ships of this type",General Cargo,78.63,12.62,3109.0,1599.0,2021.0
019279d4-9178-7e44-bf55-e536c1c60c25,563243200,9950820.0,EVER WIZ,9V7802,SG,Singapore (Republic of),"Cargo ships, carrying DG and/or MHB, HS, or MP, IMO hazard or pollutant category OS",Container Ship,172.0,32.0,28011.0,27145.0,2024.0
014e46f8-2f38-7225-8e82-f1ad0c03080a,255799000,9360271.0,MSC CAPE III,CQMP,MH,Marshall Islands (Republic of the),"Cargo ships, all ships of this type",Container Ship,221.75,29.84,37908.0,28007.0,2007.0
014e58b4-77b8-7cf9-ac3d-06ccc8b463a0,215164000,9410727.0,CMA CGM ANDROMEDA,9HA4989,GB,United Kingdom of Great Britain and Northern Ireland,"Cargo ships, carrying DG and/or MHB, HS, or MP, IMO hazard or pollutant category X",Container Ship,363.0,45.599998,131263.0,131332.0,2009.0
014e4704-3940-7bf1-be90-0cc2cc4fa0e9,376212000,9313137.0,ASTERION,J8B6912,JP,Japan,"Tanker(s), all ships of this type",Crude Oil Tanker,333.0,60.0,302488.0,160134.0,2006.0
014e470b-1ee0-7c1e-add7-e9a30b4b9eee,311002417,9512018.0,KARVOUNIS,C6MD4,PA,Panama (Republic of),"Cargo ships, no additional information",Bulk Carrier,245.0,43.0,119454.0,64647.0,2012.0
014e4723-5de8-7d30-841f-038683cc90f5,636015142,9433846.0,FPMC 26,A8YV5,LR,Liberia (Republic of),"Tanker(s), all ships of this type",Oil Products Tanker,183.0,32.0,49998.0,28458.0,2011.0
014e4820-5f70-7b0c-9dba-118f378724b6,357395000,9689847.0,HERCULES OCEAN,3FPP4,SG,Singapore (Republic of),"Cargo ships, all ships of this type",Bulk Carrier,229.0,32.0,81084.0,43291.0,2014.0
0170566d-e6c0-7e33-bf35-f40c6adf3cbf,351753000,9875070.0,EVER CORE,3FHV8,PA,Panama (Republic of),"Cargo ships, carrying DG and/or MHB, HS, or MP, IMO hazard or pollutant category OS",Container Ship,172.0,28.0,22217.0,18658.0,2020.0
014e4c00-e560-7dc0-a27c-b2024c0c0500,636023135,9243813.0,YONG SHENG,5LMD5,HK,China (People's Republic of) - Hong Kong (Special Administrative Region of China),"Cargo ships, all ships of this type",Heavy Lift Vessel,160.0,24.0,19461.0,14357.0,2002.0
014e46eb-b000-7c8c-9234-86e252ee7ec0,256213000,9674567.0,CMA CGM THAMES,9HA3851,MT,Malta,"Cargo ships, carrying DG and/or MHB, HS, or MP, IMO hazard or pollutant category OS",Container Ship,300.0,49.0,117103.0,96253.0,2015.0
014e46f8-2768-7c76-9026-716af6cb7730,538011924,9650793.0,VELOS TANZANITE,V7A3677,LR,Liberia (Republic of),"Cargo ships, all ships of this type",Bulk Carrier,235.0,38.0,95584.0,50626.0,2013.0
0166c28a-46f0-7017-a14a-674c4f8a9a56,477996186,9862126.0,GUO BAO,VRS5456,HK,China (People's Republic of) - Hong Kong (Special Administrative Region of China),"Tanker(s), all ships of this type",Oil Products Tanker,38.0,9.0,439.0,474.0,2018.0
0186e7b8-4678-7c50-ab9f-c0f4416a2815,636023614,9555242.0,LITTLE WARRIOR,5LOO3,LR,Liberia (Republic of),"Cargo ships, carrying DG and/or MHB, HS, or MP, IMO hazard or pollutant category Y",Container Ship,172.0,28.0,,,
014e46f7-d560-7cea-bf0d-a8c769b42771,431868000,9293662.0,FREEDOM ACE,7KCB,PA,Panama (Republic of),"Cargo ships, all ships of this type",Vehicles Carrier,199.99001,32.259998,19093.0,60065.0,2005.0
014e47d6-bfc8-7437-8cc5-18071b1728e5,373579000,9289051.0,MSC GIANNINA II,3FIP4,MH,Marshall Islands (Republic of the),"Cargo ships, carrying DG and/or MHB, HS, or MP, IMO hazard or pollutant category X","Cargo ships, carrying DG and/or MHB, HS, or MP, IMO hazard or pollutant category X",175.0,27.42,23679.0,18334.0,2004.0
017b7707-b518-7c11-9250-5f0e2073d9c5,636019900,9864588.0,YM COOPERATION,D5WR6,LR,Liberia (Republic of),"Cargo ships, carrying DG and/or MHB, HS, or MP, IMO hazard or pollutant category OS",Container Ship,209.75,32.799999,37435.0,32720.0,2021.0
017a45e0-3f10-70e5-bfcc-1535128fa7b2,352254000,9894686.0,MAERSK NORESUND,3FCY9,PA,Panama (Republic of),"Cargo ships, all ships of this type",Container Ship,171.92999,33.0,28697.0,25805.0,2021.0
0188171e-2e90-7f57-ad2d-8e0ea9a7cb8a,352005813,9965095.0,PACIFIC EAGLE,3E9005,MH,Marshall Islands (Republic of the),"Cargo ships, all ships of this type",General Cargo,127.0,20.0,14000.0,9937.0,2023.0
014e511d-fa60-775a-91a8-197d0ddb7272,477733100,9555606.0,ANGEL NO.3,VRGL9,HK,China (People's Republic of) - Hong Kong (Special Administrative Region of China),"Tanker(s), carrying DG and/or MHB, HS, or MP, IMO hazard or pollutant category X",Oil/Chemical Tanker,118.0,17.6,7682.0,5083.0,2010.0
0175684c-95f8-7bee-815a-4897d2879a20,563118300,9871464.0,WAN HAI 323,9V6493,SG,Singapore (Republic of),"Cargo ships, carrying DG and/or MHB, HS, or MP, IMO hazard or pollutant category Y",Container Ship,203.5,34.84,37160.0,30676.0,2020.0
014e57f5-4668-70f7-b53f-0862b7111170,636023420,9252553.0,MSC MAGNITUDE VII,5LNQ4,DE,Germany (Federal Republic of),"Cargo ships, carrying DG and/or MHB, HS, or MP, IMO hazard or pollutant category X",Container Ship,299.98999,40.0,85810.0,75590.0,2003.0
018f382c-1c30-7933-817c-137aabcdc4b0,441669000,9978652.0,PEGASUS DREAM,DSAJ3,KR,Korea (Republic of),"Cargo ships, all ships of this type",Container Ship,146.5,24.0,13101.0,9924.0,2024.0
014e48e1-1b48-78af-890e-a12b4fc0629a,636013121,9334014.0,YM IMPROVEMENT,A8KS9,LR,Liberia (Republic of),"Cargo ships, carrying DG and/or MHB, HS, or MP, IMO hazard or pollutant category OS","Cargo ships, carrying DG and/or MHB, HS, or MP, IMO hazard or pollutant category OS",171.89999,27.299999,21700.0,16472.0,2007.0
014e46f9-f070-79cf-a08a-9a8c3eea17c5,477167100,9595711.0,GREAT RICH,VRIN5,HK,China (People's Republic of) - Hong Kong (Special Administrative Region of China),"Cargo ships, all ships of this type",Bulk Carrier,225.0,32.259998,75523.0,40913.0,2012.0
014e47ca-dcd0-7fb9-b3b9-88a7b5e6fb36,636017245,9139086.0,MSC POLO II,D5JY7,SG,Singapore (Republic of),"Cargo ships, all ships of this type",Container Ship,184.06,25.299999,22967.0,16661.0,2002.0
014e4712-27a8-7760-a69e-c9c066ae2b67,636021991,9315886.0,MSC NIMISHA III,5LGR4,MH,Marshall Islands (Republic of the),"Cargo ships, all ships of this type","Cargo ships, all ships of this type",222.17,30.030001,39200.0,28927.0,2005.0
014e4879-2dd0-7787-8333-072d18618487,563886000,9182033.0,KOTA AZAM,S6BL,SG,Singapore (Republic of),"Cargo ships, all ships of this type",Container Ship,182.83,28.0,23840.0,17652.0,1999.0
0164161b-43f8-7e25-af1b-a750c429f7ac,370700000,9787015.0,EVER BOOMY,HOGZ,AW,Netherlands (Kingdom of the) - Aruba,"Cargo ships, carrying DG and/or MHB, HS, or MP, IMO hazard or pollutant category OS",Container Ship,211.89999,33.0,37301.0,33266.0,2018.0
015c4781-6b78-78d4-920f-e14be60c7360,351385000,9805130.0,GOLDEN LEADER,3FGL9,PA,Panama (Republic of),"Tanker(s), carrying DG and/or MHB, HS, or MP, IMO hazard or pollutant category Y",Oil/Chemical Tanker,124.0,20.0,12495.0,7243.0,2017.0
014e48d5-8a58-7efd-b1dd-efc63cd0bcaf,477694500,9409493.0,DIAMOND EXPRESS,VRNJ5,HK,China (People's Republic of) - Hong Kong (Special Administrative Region of China),"Tanker(s), no additional information",Oil Products Tanker,179.8,32.200001,45634.0,27976.0,2009.0
019b1cd9-03d8-7ba5-81f3-24820cb4af2e,477997306,1046465.0,LAI WAN II,VRS6531,HK,China (People's Republic of) - Hong Kong (Special Administrative Region of China),"Cargo ships, all ships of this type",Container Ship,92.0,21.0,4050.0,4661.0,2026.0
01521b61-71c8-7019-88f3-f1bc754af977,636022586,9408085.0,SHIBUMI,5LJN3,MT,Malta,"Cargo ships, all ships of this type",Bulk Carrier,292.0,45.0,177899.0,91740.0,2010.0
014e4822-3fe8-7cb9-b9e2-7b03ef2e8e60,477712800,9695133.0,CSCL PACIFIC OCEAN,VRNV5,HK,China (People's Republic of) - Hong Kong (Special Administrative Region of China),"Cargo ships, carrying DG and/or MHB, HS, or MP, IMO hazard or pollutant category X",Container Ship,399.67001,58.73,184320.0,188638.0,2014.0
014e47ca-9298-7f00-9930-33caae3beeb3,352003257,9303883.0,VIET THUAN 56 02,3E7428,MH,Marshall Islands (Republic of the),"Cargo ships, all ships of this type",Bulk Carrier,189.99001,32.0,55709.0,30681.0,2006.0
017313d7-97b8-7435-8351-abf2f2744171,563109200,9858711.0,MAERSK DAVAO,9V6016,SG,Singapore (Republic of),"Cargo ships, carrying DG and/or MHB, HS, or MP, IMO hazard or pollutant category OS",Container Ship,185.99001,36.0,37511.0,32965.0,2020.0
014e46ed-4a28-719e-bf1d-e1b5f0dfa3d2,538006349,9723617.0,ALPHA ETHOS,V7ME7,MH,Marshall Islands (Republic of the),"Cargo ships, all ships of this type",Bulk Carrier,229.0,32.299999,81277.0,44069.0,2017.0
014e46f3-0eb8-733a-90bf-5306a5a76195,477847300,9600516.0,WHAMPOA,SSD,HK,China (People's Republic of) - Hong Kong (Special Administrative Region of China),Tugs,Tugs,30.25,12.0,262.0,481.0,2011.0
016bc1bb-19e8-70bb-8148-7e82c3937fd1,563088700,9836658.0,CNC NEPTUNE,9V6193,SG,Singapore (Republic of),"Cargo ships, all ships of this type",Container Ship,172.0,28.0,22081.0,18652.0,2019.0
014e46ea-b9e8-7e24-8513-b2480a400a4e,477195500,9682564.0,SHENYANG,VRLS7,HK,China (People's Republic of) - Hong Kong (Special Administrative Region of China),Not available,Tugs,32.5,10.5,,397.0,2013.0
016bc093-5ee0-7663-a1dc-ae66d07acdca,533131021,9813852.0,MTT SAISUNEE,9MRO9,MY,Malaysia,"Cargo ships, all ships of this type",Container Ship,159.92999,24.82,16000.0,13059.0,2019.0
014e46f7-4ca8-71d8-b8c3-6bcedb3c1f85,352006121,9585584.0,GALAXY SKY,3E8575,PA,Panama (Republic of),"Cargo ships, all ships of this type",General Cargo,110.0,19.0,8969.0,7141.0,2010.0
0192e06a-ca60-766d-a222-d76e2ee4de83,477231400,9834674.0,GUILIN,VRRV7,HK,China (People's Republic of) - Hong Kong (Special Administrative Region of China),Other types of ship,Tugs,27.0,11.0,,334.0,2018.0
014e46f2-a928-70ec-9c30-f36197e0efb7,565004000,9294874.0,PORT KELANG EXPRESS,S6AV3,SG,Singapore (Republic of),"Cargo ships, carrying DG and/or MHB, HS, or MP, IMO hazard or pollutant category Y",Container Ship,268.79999,32.200001,52146.0,42894.0,2005.0
01591a98-1e70-766a-b801-c6bba6ceae44,636017768,9772230.0,KMTC LAEM CHABANG,D5MP9,LR,Liberia (Republic of),"Cargo ships, carrying DG and/or MHB, HS, or MP, IMO hazard or pollutant category X",Container Ship,172.2,27.5,21682.0,18318.0,2017.0
014e46f5-06a0-7b4f-8f8c-5957084ee84e,477995233,9637985.0,CARHING,VRJR9,HK,China (People's Republic of) - Hong Kong (Special Administrative Region of China),"Tanker(s), no additional information",Oil Products Tanker,70.0,20.0,,,
014e46ea-e4e0-7df8-a473-524471254f95,255806449,9362449.0,MSC BERN V,CQEP6,LR,Liberia (Republic of),"Cargo ships, carrying DG and/or MHB, HS, or MP, IMO hazard or pollutant category X",Container Ship,260.89001,32.310001,55301.0,40807.0,2008.0
014e4bc8-7040-7968-aece-df1c38d8957a,413268570,9672569.0,JIN HAI LAN,BPSB,CN,China (People's Republic of),"Tanker(s), carrying DG and/or MHB, HS, or MP, IMO hazard or pollutant category Y",Oil/Chemical Tanker,121.82,17.52,7900.0,5738.0,2013.0
01906daf-4b38-7f54-802f-f27cb9e2696b,413595480,1026154.0,SHENG HANG HUA 16,BPPX9,CN,China (People's Republic of),"Tanker(s), carrying DG and/or MHB, HS, or MP, IMO hazard or pollutant category Y","Tanker(s), carrying DG and/or MHB, HS, or MP, IMO hazard or pollutant category Y",120.0,18.0,7500.0,5937.0,2024.0
014e47c5-bc50-78b2-9259-ed0651cba72e,636023060,9260457.0,GSL ALEXANDRA,5LLT3,DK,Denmark,"Cargo ships, carrying DG and/or MHB, HS, or MP, IMO hazard or pollutant category OS",Container Ship,352.0,43.0,109000.0,93496.0,2004.0
017b9f11-a190-792f-90ae-37347728cfbd,563138600,9871361.0,WAN HAI 289,9V6508,SG,Singapore (Republic of),"Cargo ships, carrying DG and/or MHB, HS, or MP, IMO hazard or pollutant category Y",Container Ship,175.0,29.0,23802.0,20899.0,2021.0
0197cf08-0dc8-7c25-bee6-e975b7393b1c,477997241,1046403.0,MO SING LENG II,VRS6487,HK,China (People's Republic of) - Hong Kong (Special Administrative Region of China),"Cargo ships, all ships of this type",Container Ship,65.0,24.0,2500.0,4338.0,2025.0
01681c64-a340-7466-9789-47def0867a91,574012693,9649500.0,TUNG LINH 08,3WEC9,VN,Viet Nam (Socialist Republic of),"Tanker(s), all ships of this type",Oil Products Tanker,79.800003,12.82,3100.0,1598.0,2011.0
014e4edd-c2a8-72ea-abb6-d3a823a7ec9e,477160200,9301354.0,DERYOUNG SPRING,VRZR2,HK,China (People's Republic of) - Hong Kong (Special Administrative Region of China),"Cargo ships, all ships of this type",General Cargo,100.49,19.6,8301.0,6278.0,2004.0
01798203-0e88-7529-8df7-4f6de7f7f4e5,477238500,9911874.0,STRAITS CITY,VRXR9,PA,Panama (Republic of),"Cargo ships, carrying DG and/or MHB, HS, or MP, IMO hazard or pollutant category X","Cargo ships, carrying DG and/or MHB, HS, or MP, IMO hazard or pollutant category X",141.92999,23.0,11780.0,9587.0,2021.0
014e4723-d318-78aa-93ae-af64a121e297,311043200,9451915.0,CMA CGM AFRICA ONE,C6YR8,BS,Bahamas (Commonwealth of the),"Cargo ships, all ships of this type",Container Ship,228.0,37.299999,51623.0,40827.0,2010.0
014e473a-aea8-7119-93ec-0546caaece51,636022729,9416070.0,DING HENG 39,5LKE5,PA,Panama (Republic of),"Tanker(s), carrying DG and/or MHB, HS, or MP, IMO hazard or pollutant category Y","Tanker(s), carrying DG and/or MHB, HS, or MP, IMO hazard or pollutant category Y",144.09,24.200001,19994.0,11722.0,2008.0
01808739-5478-7059-a81e-d5f26a9e6269,574005640,9445007.0,HAIAN DELL,XVKK7,VN,Viet Nam (Socialist Republic of),"Cargo ships, carrying DG and/or MHB, HS, or MP, IMO hazard or pollutant category Y","Cargo ships, carrying DG and/or MHB, HS, or MP, IMO hazard or pollutant category Y",172.0,27.0,21458.0,17280.0,2008.0
01690a3c-12d8-7d39-9474-0a6e55e3ab59,352089000,9357913.0,BAO DAT THANH 89,3EHB,PA,Panama (Republic of),"Cargo ships, all ships of this type",Wood Chips Carrier,199.89999,32.200001,49602.0,39904.0,2007.0
018089c4-e928-769b-ad5e-6cc36cf18456,574003530,9321641.0,GT VICTORY,3WHR7,VN,Viet Nam (Socialist Republic of),"Tanker(s), carrying DG and/or MHB, HS, or MP, IMO hazard or pollutant category OS",Oil/Chemical Tanker,127.0,18.0,12973.0,8450.0,2006.0
01668b3c-f198-78d3-88b3-0ddc3e5c2323,563068900,9786827.0,EVER GIFTED,9V5825,SG,Singapore (Republic of),"Cargo ships, carrying DG and/or MHB, HS, or MP, IMO hazard or pollutant category OS",Container Ship,399.98001,59.0,198886.0,219352.0,2018.0
01826914-7a70-7515-a188-27e0b0dd1a24,352002105,9982304.0,XIN LIN HAI 16,3E3786,CN,China (People's Republic of),"Cargo ships, all ships of this type",General Cargo,127.98,20.0,12438.0,7880.0,2022.0
0165aef3-cd10-7903-bcaf-d9395868edf8,413496590,9840556.0,ZHONG SHAN 6,BQMZ,NO,Norway,"Passenger ships, all ships of this type",Passenger Ship,42.799999,11.0,42.0,533.0,2018.0
014e46f1-8c00-70fc-aae1-0b4d2609e684,538011521,9567776.0,IMARI,V7A3079,PA,Panama (Republic of),"Cargo ships, all ships of this type",General Cargo,145.2,25.0,20360.0,14122.0,2012.0
017f76b0-6ca0-7ba7-a071-3a034c36f1b5,413317130,9918963.0,YUAN DONG DE JUN,BOWA4,CN,China (People's Republic of),"Tanker(s), carrying DG and/or MHB, HS, or MP, IMO hazard or pollutant category Y",Oil/Chemical Tanker,119.88,18.0,7499.0,5868.0,2022.0
0197f3fa-cb48-7fae-9a4e-e3a952bd4ebd,412054780,1096161.0,SHENG HANG FA XIAN,BQGX4,CN,China (People's Republic of),"Tanker(s), carrying DG and/or MHB, HS, or MP, IMO hazard or pollutant category Y",Oil/Chemical Tanker,112.0,18.0,6760.0,4948.0,2025.0
014e481d-90b0-7b25-89fa-efde8755eb9a,477193400,9698381.0,TVL KEELUNG,VRNX4,HK,China (People's Republic of) - Hong Kong (Special Administrative Region of China),"Cargo ships, carrying DG and/or MHB, HS, or MP, IMO hazard or pollutant category Z",Container Ship,141.03,22.5,11775.0,9563.0,2015.0
0171c4c2-ec28-7ba1-8fb7-4a481a85bc35,636019893,9864514.0,YM CONTINENT,D5WQ7,LR,Liberia (Republic of),"Cargo ships, carrying DG and/or MHB, HS, or MP, IMO hazard or pollutant category X",Container Ship,209.75,32.799999,37435.0,32720.0,2020.0
014e5233-46a8-7e9c-9ed9-ef1f33cd0b7d,416427000,9299329.0,YM HARMONY,BLIG,TW,China (People's Republic of) - Taiwan (Province of China),"Cargo ships, carrying DG and/or MHB, HS, or MP, IMO hazard or pollutant category OS",Container Ship,168.8,27.299999,19104.0,15167.0,2005.0
018808dc-66d0-748d-9014-2fb195da4ec7,538010654,9947689.0,TS INCHEON,V7A7209,MH,Marshall Islands (Republic of the),"Cargo ships, carrying DG and/or MHB, HS, or MP, IMO hazard or pollutant category Y",Container Ship,147.89999,23.0,13300.0,9998.0,2023.0
018a313e-92b8-7177-9ad8-e18245d43e23,477997042,9277905.0,LAMMA,SSD,HK,China (People's Republic of) - Hong Kong (Special Administrative Region of China),Tugs,Tugs,25.4,9.1199999,102.0,231.0,2003.0
014e5dd9-4548-72e4-ad11-419135092418,574396000,9511985.0,STAR 56,3WYX,VN,Viet Nam (Socialist Republic of),"Cargo ships, all ships of this type",General Cargo,79.57,12.62,2959.0,1599.0,2008.0
01808762-f0d0-70b4-8aa0-7a3dc0e7520e,574000520,9588548.0,STAR 66,XVNI,VN,Viet Nam (Socialist Republic of),"Cargo ships, all ships of this type",Bulk Carrier,79.800003,12.62,3102.0,1599.0,2010.0
018d25e7-21e8-7de1-9a68-1248f984a255,563219300,9966128.0,MAERSK KEELUNG,9V8604,SG,Singapore (Republic of),"Cargo ships, carrying DG and/or MHB, HS, or MP, IMO hazard or pollutant category X",Container Ship,186.0,36.0,38703.0,32416.0,2024.0
014e4766-3b18-7875-b6d8-f7f3863de71e,356688000,9738777.0,DENEB LEADER,3EKQ,PA,Panama (Republic of),"Cargo ships, all ships of this type",Vehicles Carrier,199.99001,34.799999,21155.0,70048.0,2015.0
014e4d75-5520-7e86-8957-21210dc9da64,356217000,9149823.0,PHOENIX D,H8BF,PA,Panama (Republic of),"Cargo ships, carrying DG and/or MHB, HS, or MP, IMO hazard or pollutant category Y",Container Ship,182.0,30.200001,25915.0,21611.0,1997.0
0173c22d-9128-71ed-a5c3-b36891211d96,477996613,9912787.0,PACIFIC HARMONY,VRS5914,HK,China (People's Republic of) - Hong Kong (Special Administrative Region of China),"Tanker(s), all ships of this type",Oil Products Tanker,50.0,16.0,,,
014e46ee-0990-795f-98d5-b31815fb8b1e,477990500,9323730.0,SHA TIN,VRAP2,HK,China (People's Republic of) - Hong Kong (Special Administrative Region of China),Tugs,Tugs,29.07,11.12,178.0,297.0,2005.0
014e4a96-a318-7178-8b60-7b4c12e232ea,574005830,9421283.0,AULAC MISSION,XVWW7,SG,Singapore (Republic of),"Tanker(s), all ships of this type",Oil/Chemical Tanker,144.0,22.6,17532.0,11261.0,2009.0
014e4802-d8d8-7d60-8f5b-401f18fe0192,636021689,9414046.0,DING HENG 26,5LFF4,KR,Korea (Republic of),"Tanker(s), all ships of this type",Oil/Chemical Tanker,124.0,20.030001,12489.0,7206.0,2007.0
018354c2-f370-70ea-b61b-a6937ee2e94c,538012002,9945485.0,ZIM CANADA,V7A3801,HK,China (People's Republic of) - Hong Kong (Special Administrative Region of China),"Cargo ships, carrying DG and/or MHB, HS, or MP, IMO hazard or pollutant category X",Container Ship,329.8,48.0,132069.0,114643.0,2022.0
0190159e-72c0-772b-b022-366cc6a69e03,563230700,9954503.0,WAN HAI 376,9V7867,SG,Singapore (Republic of),"Cargo ships, carrying DG and/or MHB, HS, or MP, IMO hazard or pollutant category X",Container Ship,203.5,35.0,37160.0,30676.0,2024.0
0191dee3-ed08-74bc-a89e-8e6ca4261823,477085200,1017268.0,SITC RUIDE,VRWA6,HK,China (People's Republic of) - Hong Kong (Special Administrative Region of China),"Cargo ships, carrying DG and/or MHB, HS, or MP, IMO hazard or pollutant category X",Container Ship,172.0,29.0,24300.0,18819.0,2024.0
014e46ef-70f0-70ee-94eb-2e50e66933c9,477655800,9461790.0,OOCL CHARLESTON,VRFX2,HK,China (People's Republic of) - Hong Kong (Special Administrative Region of China),"Cargo ships, carrying DG and/or MHB, HS, or MP, IMO hazard or pollutant category X",Container Ship,260.04999,32.25,50518.0,40168.0,2010.0
0155f7ff-0bd8-7fcd-b4e4-5116b015ef2f,533130433,9763057.0,NAUTICA PUTERI XXIX,9MVP9,MY,Malaysia,Tugs,Tugs,32.0,11.3,272.0,472.0,2016.0
014e4d99-4070-703c-ad99-e85813dd73a2,370962000,9363699.0,GLORIOUS SAKURA,3FOG5,PA,Panama (Republic of),"Cargo ships, all ships of this type",Wood Chips Carrier,210.0,36.5,60500.0,49294.0,2008.0
014e4765-3560-7f44-8802-7df809a1039c,636025100,9550383.0,SMOOTH WIND,5LVU6,PA,Panama (Republic of),"Cargo ships, all ships of this type",Container Ship,171.99001,27.6,21925.0,17211.0,2009.0
01716c4b-62a0-7793-a518-84a97d3ff383,413224850,9887047.0,RUI GAO ZHUO YUE,BOEC2,CN,China (People's Republic of),"Tanker(s), carrying DG and/or MHB, HS, or MP, IMO hazard or pollutant category Y",Oil/Chemical Tanker,112.88,17.0,6510.0,4768.0,2020.0
014e46ee-1160-7277-9436-2417d294aa70,351361000,9399026.0,MSC KALINA,3ETW2,PA,Panama (Republic of),"Cargo ships, carrying DG and/or MHB, HS, or MP, IMO hazard or pollutant category X",Container Ship,366.07001,51.240002,162867.0,151559.0,2009.0
018c3813-8e98-73d4-81d7-723f6a75f8fd,538010970,9938640.0,HL TRUST,V7A6386,AD,Andorra (Principality of),"Cargo ships, all ships of this type",Bulk Carrier,299.0,50.0,210115.0,113112.0,2024.0
01909542-4678-74b0-81d4-5c5caa09c6b1,548951000,9973793.0,ASIAN MARVELOUS,DUIS,PA,Panama (Republic of),"Cargo ships, all ships of this type",General Cargo,120.0,21.0,13564.0,9943.0,2024.0
01742d64-b9d0-71f0-bb35-075c0dbbd55a,413506750,9600073.0,DONG GUI 12,BMKP,CN,China (People's Republic of),"Tanker(s), carrying DG and/or MHB, HS, or MP, IMO hazard or pollutant category Y","Tanker(s), carrying DG and/or MHB, HS, or MP, IMO hazard or pollutant category Y",96.599998,15.0,4124.0,2994.0,2011.0
015cf6ce-b180-721d-8e5d-9cbf672d545c,538007518,9784233.0,TS BANGKOK,V7AZ4,MH,Marshall Islands (Republic of the),"Cargo ships, carrying DG and/or MHB, HS, or MP, IMO hazard or pollutant category X",Container Ship,171.99001,27.5,21361.0,17449.0,2017.0
018ff08f-6340-7306-9c8c-984c8f53dd2c,636022037,9971018.0,STEPHANIA K,5LGW6,LR,Liberia (Republic of),"Cargo ships, all ships of this type",Container Ship,172.0,27.440001,22563.0,17801.0,2024.0
014e46f1-41c8-7492-a374-c310539bbdd3,413131000,9310020.0,XIN YANG SHAN,BPBL,CN,China (People's Republic of),"Cargo ships, all ships of this type",Container Ship,263.23001,32.200001,52242.0,41482.0,2005.0
01891a4d-4190-7a25-b98a-fc9eae5131b0,563197800,9954462.0,WAN HAI 367,9V7852,SG,Singapore (Republic of),"Cargo ships, carrying DG and/or MHB, HS, or MP, IMO hazard or pollutant category OS",Container Ship,203.5,35.0,37200.0,30700.0,2023.0
014e4712-ac78-7cb1-a0e9-63525ff1b143,636014909,9447574.0,FPMC C LORD,A8XJ5,LR,Liberia (Republic of),"Tanker(s), all ships of this type",Crude Oil Tanker,333.0,60.040001,301861.0,159869.0,2011.0
014e47c3-dbd8-7850-8dec-4774f16e3f39,477282300,9332195.0,OOCL ZHOUSHAN,VRCB4,HK,China (People's Republic of) - Hong Kong (Special Administrative Region of China),"Cargo ships, carrying DG and/or MHB, HS, or MP, IMO hazard or pollutant category OS",Container Ship,263.23001,32.200001,52214.0,41479.0,2006.0
014f731c-2708-7481-bb99-cd6f56a73a4c,564264000,9681285.0,KOTA SETIA,9V2130,SG,Singapore (Republic of),"Cargo ships, all ships of this type",Container Ship,228.0,37.380001,51755.0,41567.0,2015.0
014e46f5-c9f0-7c94-aa1d-2634fa057c1f,572402220,8716538.0,YOSHIN,T2PX5,JP,Japan,"Cargo ships, all ships of this type",Cement Carrier,135.0,20.0,11266.0,7521.0,1988.0
017e474d-4f60-7c86-ac60-8a323b839817,229752000,9882528.0,CMA CGM ADONIS,9HA5583,MT,Malta,"Cargo ships, carrying DG and/or MHB, HS, or MP, IMO hazard or pollutant category X",Container Ship,366.0,51.0,156500.0,154839.0,2022.0
014e4990-e730-766a-8989-c902c4e4876c,353921000,9561629.0,TAIKLI,3EYR5,PA,Panama (Republic of),"Cargo ships, all ships of this type",Vehicles Carrier,124.55,20.5,13139.0,9984.0,2011.0
014e48b7-d4e0-7b67-8bf0-53e4d9b3dd8b,574449000,9425485.0,PHUC HOANG 26,3WP0,VN,Viet Nam (Socialist Republic of),"Cargo ships, all ships of this type",General Cargo,79.9,12.8,3017.0,1598.0,2007.0
01924a9c-d488-7b40-a7d7-1d7764223d1c,636023775,9981116.0,STARSHIP VENUS,5LPI8,LR,Liberia (Republic of),"Cargo ships, carrying DG and/or MHB, HS, or MP, IMO hazard or pollutant category X",Container Ship,197.0,32.0,37103.0,27997.0,2024.0
01732d87-fe50-7080-bd75-99b0839c1053,477594900,9861718.0,SITC NANSHA,VRTD2,HK,China (People's Republic of) - Hong Kong (Special Administrative Region of China),"Cargo ships, carrying DG and/or MHB, HS, or MP, IMO hazard or pollutant category X",Container Ship,188.8,32.0,35316.0,26872.0,2020.0
014e47af-f230-76b0-96fe-f184819b7ba4,564031000,9691797.0,CHANYA NAREE,9V2252,SG,Singapore (Republic of),"Cargo ships, all ships of this type",Cement Carrier,157.0,25.5,21114.0,15198.0,2014.0
014e46ff-95c0-747c-bc6e-f5d60e33f03f,413848249,9686687.0,DONG GUI 11,BMKL,CN,China (People's Republic of),"Tanker(s), carrying DG and/or MHB, HS, or MP, IMO hazard or pollutant category Y","Tanker(s), carrying DG and/or MHB, HS, or MP, IMO hazard or pollutant category Y",83.400002,15.9,3473.0,2339.0,2013.0
018804ce-9338-70a5-9743-2145387e80b5,538010385,9957593.0,THEMIS PETRAKIS,V7A5971,MH,Marshall Islands (Republic of the),"Cargo ships, all ships of this type",Bulk Carrier,229.0,32.0,82427.0,44579.0,2023.0
0197f704-dae0-70d3-b417-7b61d759d736,457648000,1124798.0,YZ18,JVVK8,MN,Mongolia,"Cargo ships, all ships of this type",Aggregates Carrier,,,,,
014e46eb-bbb8-7993-b31b-4fb500457a16,477702000,9252008.0,OOCL HAMBURG,VRZK9,HK,China (People's Republic of) - Hong Kong (Special Administrative Region of China),"Cargo ships, carrying DG and/or MHB, HS, or MP, IMO hazard or pollutant category OS",Container Ship,322.97,42.799999,105444.0,89097.0,2004.0
016ef936-7108-7be5-bc1d-539eafd1b6f2,538008811,9833371.0,INCRES,V7A2788,MT,Malta,"Cargo ships, carrying DG and/or MHB, HS, or MP, IMO hazard or pollutant category X",Container Ship,172.0,28.469999,23432.0,19035.0,2020.0
014e4749-3950-7741-b408-107a034aa030,371697000,9294367.0,GUANGZHOU HIGHWAY,3EDQ6,PA,Panama (Republic of),"Cargo ships, all ships of this type",Vehicles Carrier,179.99001,32.200001,15301.0,48927.0,2006.0
014e46f6-0c58-733c-8b95-f7dbc1cb1b82,477616000,9169419.0,OOCL BELGIUM,VRVQ9,HK,China (People's Republic of) - Hong Kong (Special Administrative Region of China),"Cargo ships, carrying DG and/or MHB, HS, or MP, IMO hazard or pollutant category X",Container Ship,245.0,32.279999,40972.0,39174.0,1998.0
014e4cf4-f5d8-768f-ae30-47bedbe9005f,372512000,9312793.0,NYK VENUS,3EJG5,PA,Panama (Republic of),"Cargo ships, no additional information",Container Ship,338.17001,45.599998,103207.0,97825.0,2007.0
014e47fb-b8a0-7bc6-a07a-1c789f2c35c5,353640000,9719795.0,SKY ORION,H8KJ,PA,Panama (Republic of),"Cargo ships, all ships of this type",Container Ship,172.13,27.0,21844.0,20738.0,2015.0
014e4acc-5d00-7c44-b22d-c72b6ac772eb,477521800,9404510.0,CUL HAIPHONG,VRTE8,PA,Panama (Republic of),"Cargo ships, carrying DG and/or MHB, HS, or MP, IMO hazard or pollutant category OS",Container Ship,139.72,23.0,11936.0,9280.0,2007.0
014e4820-1920-7043-9e64-380d7d80b1f5,416497000,9629093.0,EVER LUNAR,BKKF,TW,China (People's Republic of) - Taiwan (Province of China),"Cargo ships, carrying DG and/or MHB, HS, or MP, IMO hazard or pollutant category OS",Container Ship,335.0,46.0,103891.0,101063.0,2015.0
016db3ab-4100-73e5-aa4b-7bba72b224a3,563095400,9840738.0,MAERSK MONGLA,9V6009,SG,Singapore (Republic of),"Cargo ships, carrying DG and/or MHB, HS, or MP, IMO hazard or pollutant category OS",Container Ship,185.99001,36.0,37249.0,32828.0,2019.0
01742ffc-8380-7976-b69f-ea98387beee8,441421000,9882205.0,KMTC SEOUL,D7XC,LR,Liberia (Republic of),"Cargo ships, carrying DG and/or MHB, HS, or MP, IMO hazard or pollutant category X",Container Ship,196.16,32.540001,37200.0,27997.0,2020.0
014e481a-2998-7a67-b544-8e833607ced2,636026531,9275361.0,ATHENA I,A8YJ6,PA,Panama (Republic of),"Cargo ships, carrying DG and/or MHB, HS, or MP, IMO hazard or pollutant category Z",Container Ship,234.62,32.200001,49659.0,34610.0,2003.0
014e4c27-d238-79c3-bae7-8144f3320bbf,477947200,9617014.0,YAM O,VRJW8,HK,China (People's Republic of) - Hong Kong (Special Administrative Region of China),Tugs,Tugs,29.98,11.86,295.0,481.0,2012.0
014e46ec-f820-7ef1-8ef4-06b5829960dd,440493000,9217412.0,KMTC SINGAPORE,DSOA9,KR,Korea (Republic of),"Cargo ships, all ships of this type",Container Ship,171.67,27.200001,20530.0,16659.0,2001.0
014e473a-ba60-76a8-ba0a-229427be2f9b,636020769,9222974.0,GSL DOROTHEA,5LAQ2,LR,Liberia (Republic of),"Cargo ships, no additional information","Cargo ships, no additional information",277.22,40.0,68196.0,66058.0,2001.0
014e5668-7478-7c87-b394-888d6b716f25,477335800,9669732.0,HAI AN,VRLE8,HK,China (People's Republic of) - Hong Kong (Special Administrative Region of China),Tugs,Tugs,36.799999,10.0,182.0,415.0,2012.0
014e46fe-16f0-7648-a8a3-d2ff1c537511,477423200,9628867.0,DERYOUNG SUCCESS,VRJK9,HK,China (People's Republic of) - Hong Kong (Special Administrative Region of China),"Cargo ships, all ships of this type","Cargo ships, all ships of this type",127.63,19.6,11493.0,8963.0,2012.0
014e4721-8540-7124-868e-227ca5604c1e,416443000,9567623.0,TAIPOWER PROSPERITY8,BDAY,TW,China (People's Republic of) - Taiwan (Province of China),"Cargo ships, all ships of this type",Bulk Carrier,234.8,38.0,93773.0,50236.0,2011.0
01571494-97a8-7164-9885-870c063d674e,412211990,8791057.0,YUAN DONG QI HANG,BPMF5,CN,China (People's Republic of),"Tanker(s), carrying DG and/or MHB, HS, or MP, IMO hazard or pollutant category Y",Chemical Tanker,91.0,14.0,3037.0,2404.0,2016.0
017c4f89-1f58-7872-a880-c93e521978dc,352980843,9909584.0,CAPILANO SUN,3E3566,NO,Norway,"Tanker(s), carrying DG and/or MHB, HS, or MP, IMO hazard or pollutant category Y",Oil/Chemical Tanker,186.0,32.0,49999.0,30873.0,2021.0
015d4233-d740-70f8-800a-09fc05445914,477995827,9820594.0,GUO SI,VRQN9,HK,China (People's Republic of) - Hong Kong (Special Administrative Region of China),"Tanker(s), all ships of this type",Oil Products Tanker,65.0,15.2,2528.0,1596.0,2017.0
014e47c3-9588-7914-9a71-4af09b458f02,563152500,9616802.0,KOTA GAYA,9V7466,SG,Singapore (Republic of),"Cargo ships, all ships of this type",Container Ship,222.0,30.0,39598.0,29015.0,2012.0
0174aed2-be68-7561-ba05-65475d20b9c1,563234700,9864540.0,YM CAPACITY,9V9753,LR,Liberia (Republic of),"Cargo ships, carrying DG and/or MHB, HS, or MP, IMO hazard or pollutant category OS",Container Ship,209.75,32.799999,37435.0,32720.0,2020.0
01808741-10f0-7fe8-8e2a-7d0df334a7d6,574001750,9389722.0,AULAC DIAMOND,3WJH9,VN,Viet Nam (Socialist Republic of),"Tanker(s), all ships of this type",Oil/Chemical Tanker,127.2,20.0,12475.0,8614.0,2008.0
014e5109-ab28-7370-a41f-f35fc08e556e,636092974,9357793.0,HANSA LANKA,A8OY2,LR,Liberia (Republic of),"Cargo ships, no additional information","Cargo ships, no additional information",182.45,25.25,24090.0,17964.0,2008.0
015e84fe-b2b0-7c22-8131-16a86c4adea4,413703960,9339014.0,JI LI,BQVU,CN,China (People's Republic of),"Cargo ships, all ships of this type",Container Ship,129.58,20.6,8241.0,7545.0,2006.0
0162e0b1-7120-76a2-ab71-24d15ab691c3,431986000,9784788.0,ONE STORK,7KCR,JP,Japan,"Cargo ships, all ships of this type",Container Ship,364.0,51.0,139335.0,145251.0,2018.0
0168930a-7678-79d2-b2ab-4dd8389fa023,311000730,9827396.0,STAR AMBER,C6DN9,BS,Bahamas (Commonwealth of the),"Cargo ships, all ships of this type",Bulk Carrier,229.0,32.259998,82023.0,44114.0,2019.0
014e46ea-cd70-7431-8760-73049cc13c2e,574447000,9359624.0,PETROLIMEX 09,3WPG,VN,Viet Nam (Socialist Republic of),"Tanker(s), all ships of this type",Oil/Chemical Tanker,175.97,31.030001,40019.0,25413.0,2007.0
014e4879-2600-7f82-ac09-bc14b5dd53ec,353160000,9404663.0,MSC SONIA,3EUP7,PA,Panama (Republic of),"Cargo ships, carrying DG and/or MHB, HS, or MP, IMO hazard or pollutant category X",Container Ship,366.0,52.0,165691.0,153092.0,2010.0
014e95d4-8de0-775f-ad6c-8a007250765f,574946000,9565285.0,PHUC THUAN 69,3WHB,VN,Viet Nam (Socialist Republic of),"Cargo ships, carrying DG and/or MHB, HS, or MP, IMO hazard or pollutant category X",General Cargo,92.0,15.0,5088.0,2989.0,2009.0
0180874e-a198-7e2a-b1b8-a3684b382ff9,373319000,9875068.0,EVER COPE,3FOT3,PA,Panama (Republic of),"Cargo ships, carrying DG and/or MHB, HS, or MP, IMO hazard or pollutant category X",Container Ship,171.98,28.0,22217.0,18658.0,2020.0
017c1419-1e78-713c-a068-b1152c89eb29,538009593,9920679.0,ACE ETERNITY,V7A4930,MH,Marshall Islands (Republic of the),"Cargo ships, all ships of this type",Bulk Carrier,292.0,45.0,182098.0,93297.0,2021.0
014e46eb-9c78-7871-b59d-4bf0982d4780,235009240,9300386.0,EVER SHINE,MJKZ4,GB,United Kingdom of Great Britain and Northern Ireland,"Cargo ships, carrying DG and/or MHB, HS, or MP, IMO hazard or pollutant category OS",Container Ship,300.0,43.0,78693.0,76185.0,2005.0
0175f799-df90-786c-a0db-face2f2014c5,374731000,9890915.0,PAN OPTIMUM,3ETS8,PA,Panama (Republic of),"Cargo ships, all ships of this type",Bulk Carrier,179.97,29.0,37704.0,23238.0,2020.0
01929d83-5190-702b-a986-9ae2c074399a,477997187,1062550.0,ZHONG RAN 23,VRS6429,HK,China (People's Republic of) - Hong Kong (Special Administrative Region of China),"Tanker(s), all ships of this type",Oil Products Tanker,61.0,15.0,2200.0,1473.0,2024.0
017d7cf4-aa88-7a90-9cab-b5d94cfb8b26,413313180,9937921.0,FENG YI 3,BOUU8,CN,China (People's Republic of),"Tanker(s), all ships of this type",LPG/Chemical Tanker,99.989998,18.0,5114.0,4963.0,2022.0
014e4703-cbe0-7dec-a53e-c0f8816b035f,477995334,9695822.0,TAIMIN 2,VRMJ3,HK,China (People's Republic of) - Hong Kong (Special Administrative Region of China),"Tanker(s), all ships of this type",Oil Products Tanker,48.0,13.8,1876.0,1165.0,2013.0
016f24fa-7398-7248-81f0-fc0afeb006b0,636019509,9860960.0,MOUNT ALBERTA,D5UV5,LR,Liberia (Republic of),"Cargo ships, all ships of this type",Bulk Carrier,299.98999,50.099998,209191.0,107720.0,2020.0
016be433-6570-725e-a8a3-27d39ab7a583,636018725,9831713.0,FPMC 33,D5RC6,LR,Liberia (Republic of),"Tanker(s), carrying DG and/or MHB, HS, or MP, IMO hazard or pollutant category X",Oil Products Tanker,182.8,32.029999,48000.0,29245.0,2019.0
01846955-a7a0-7658-a511-563f3b62e93a,477859600,9940203.0,SITC XIANDE,VRUZ2,KW,Kuwait (State of),"Cargo ships, carrying DG and/or MHB, HS, or MP, IMO hazard or pollutant category X",Container Ship,171.89999,28.0,22000.0,18900.0,2022.0
0167fccb-c540-7914-aab1-ba9b627d8663,414076000,9627643.0,RUI NING 10,BFAI6,CN,China (People's Republic of),"Cargo ships, all ships of this type",Bulk Carrier,190.0,32.259998,53156.0,32493.0,2012.0
014e46ea-0250-7978-9aa3-787ad6b05f49,477519200,9683178.0,GUANGZHOU,VRMM7,HK,China (People's Republic of) - Hong Kong (Special Administrative Region of China),Other types of ship,Tugs,31.0,9.5,214.0,278.0,2013.0
014e479b-9f10-7d44-849a-dec0f41c99de,636026997,9110975.0,MSC JAPAN III,D5EB3,PA,Panama (Republic of),"Cargo ships, all ships of this type","Cargo ships, all ships of this type",242.8,32.26,42938.0,37518.0,1996.0
018b8370-b6a0-74d3-95db-709ced7d5134,636022182,9961453.0,AVIOS,5LHO2,LR,Liberia (Republic of),"Cargo ships, carrying DG and/or MHB, HS, or MP, IMO hazard or pollutant category X","Cargo ships, carrying DG and/or MHB, HS, or MP, IMO hazard or pollutant category X",172.0,27.0,22750.0,17785.0,2024.0
014e46ed-2ae8-71ca-a902-d9152e62b25a,574004460,9388429.0,DA NANG GAS,XVXR7,MH,Marshall Islands (Republic of the),"Tanker(s), carrying DG and/or MHB, HS, or MP, IMO hazard or pollutant category Z",LPG/Chemical Tanker,99.900002,17.0,4771.0,4306.0,2006.0
014e46ec-1978-7f00-bce0-9486d48992a7,352003828,9328675.0,VIET THUAN 56 05,3E5910,LR,Liberia (Republic of),"Cargo ships, all ships of this type",Bulk Carrier,190.0,32.0,56024.0,31242.0,2004.0
014e47bd-f420-7905-bba5-3c61da4b1f82,574642000,9143130.0,SAI GON GAS,XVOV,VN,Viet Nam (Socialist Republic of),"Tanker(s), all ships of this type",LPG Tanker,95.5,16.639999,2999.0,3556.0,1996.0
014e4c1e-0a50-718c-a692-51f1204f0872,574006250,9609419.0,HAIAN IRIS,XVOR7,BS,Bahamas (Commonwealth of the),"Cargo ships, all ships of this type",Container Ship,146.03,22.5,12490.0,9963.0,2011.0
015730be-7250-7ddf-9b18-fbbe987cd4a9,373660000,9781748.0,SAZANKA,3FPF4,PA,Panama (Republic of),"Cargo ships, all ships of this type",Cement Carrier,110.0,18.0,5474.0,5392.0,2016.0
018abca9-1828-7b91-87aa-8e39a47851e3,636018854,9820702.0,JULIA,D5RR7,LR,Liberia (Republic of),"Cargo ships, all ships of this type",Bulk Carrier,179.99,30.0,37449.0,22359.0,2018.0
014e4b47-de30-7934-bc85-87729beada63,563110800,9400825.0,INTERASIA MOMENTUM,9V5398,PA,Panama (Republic of),"Cargo ships, all ships of this type",Container Ship,199.92999,32.200001,33613.0,27104.0,2008.0
0180873a-7970-7b90-8543-5342f773d7eb,477719000,9102291.0,OOCL AMERICA,VRWE8,HK,China (People's Republic of) - Hong Kong (Special Administrative Region of China),"Cargo ships, carrying DG and/or MHB, HS, or MP, IMO hazard or pollutant category X",Container Ship,276.0,40.0,67100.0,66046.0,1995.0
014e46fb-05c8-7292-9f98-f6f12ce2e56b,574005100,9363144.0,HAIAN EAST,XVIV7,LR,Liberia (Republic of),Other types of ship,Other types of ship,182.46001,25.24,23840.0,18102.0,2008.0
014e46ea-b218-7cce-b92d-5c1a86c58f8a,574005610,9444950.0,ANBIEN BAY,XVKM7,PA,Panama (Republic of),"Cargo ships, all ships of this type",Container Ship,171.99001,27.6,21908.0,17515.0,2008.0
01775a9a-1b68-7a08-8c43-fcb84ca626fc,563124300,9871490.0,WAN HAI 327,9V6498,SG,Singapore (Republic of),"Cargo ships, carrying DG and/or MHB, HS, or MP, IMO hazard or pollutant category OS",Container Ship,203.5,35.0,37160.0,30531.0,2021.0
017e785b-7a00-7e1b-9f2c-cc851cb026b0,413313910,9920978.0,HUA NAN 5,BOVQ2,CN,China (People's Republic of),"Tanker(s), all ships of this type",LPG Tanker,110.8,18.0,4545.0,4802.0,2022.0
0180873b-dce8-786f-abd5-75ac584feb15,563169900,9771652.0,INTERASIA ENHANCE,9V8378,MT,Malta,"Cargo ships, carrying DG and/or MHB, HS, or MP, IMO hazard or pollutant category Z",Container Ship,185.99001,34.869999,37000.0,31370.0,2017.0
014e4a95-2830-7920-8d1e-5937d3b365c6,352003608,9236080.0,BREEZE 1,3E5239,CY,Cyprus (Republic of),"Cargo ships, all ships of this type",Bulk Carrier,171.65,27.0,31773.0,19746.0,2001.0
01533f94-d1d8-718e-a296-d4d62493e460,477997030,9037501.0,NIM WAN,VRS6315,HK,China (People's Republic of) - Hong Kong (Special Administrative Region of China),"Cargo ships, all ships of this type",Container Ship,69.0,18.0,1848.0,1746.0,1992.0
018c19f2-7bb8-7228-b008-178658031f10,352003279,9960124.0,CAPE PLEASURE,3E7450,PA,Panama (Republic of),"Cargo ships, all ships of this type",Bulk Carrier,291.95001,45.0,181400.0,93972.0,2024.0
01808beb-3bf8-7111-8a16-5c65496752ed,574115000,9488994.0,MINH TUAN 28,3WUU,VN,Viet Nam (Socialist Republic of),"Cargo ships, all ships of this type",General Cargo,79.940002,12.62,3016.0,1599.0,2008.0
017f5414-6890-7c81-a0d7-6d52a7f30e61,477793300,9911240.0,SHANDONG DEVELOPMENT,VRUO4,HK,China (People's Republic of) - Hong Kong (Special Administrative Region of China),"Cargo ships, all ships of this type",Bulk Carrier,300.0,50.0,207995.0,109391.0,2022.0
01925b92-a470-7047-a246-7308666a7a51,563239900,9935284.0,EVER MILD,9V7647,SG,Singapore (Republic of),"Cargo ships, carrying DG and/or MHB, HS, or MP, IMO hazard or pollutant category OS",Container Ship,366.0,51.0,156245.0,165350.0,2024.0
01771463-c5b8-7910-8ad1-a6592b1b677a,563161700,9833010.0,WAN HAI 278,9V8084,MT,Malta,"Cargo ships, carrying DG and/or MHB, HS, or MP, IMO hazard or pollutant category X",Container Ship,172.05,28.469999,23380.0,19035.0,2021.0
018bc61c-5b08-731f-b845-145111916a8d,477928500,9958614.0,HONG RUI,VRVW5,HK,China (People's Republic of) - Hong Kong (Special Administrative Region of China),"Tanker(s), all ships of this type",LPG/Chemical Tanker,99.949997,17.0,4338.0,4498.0,2023.0
01577955-87d8-705e-877e-7dee3871c9f5,538007157,9760304.0,INSPIRE,V7VU3,MH,Marshall Islands (Republic of the),"Cargo ships, all ships of this type",Container Ship,172.2,27.0,21788.0,17791.0,2016.0
014e4a7c-c600-7683-9fc6-fcae26221f8c,565132000,9248708.0,WAN HAI 313,S6AS9,SG,Singapore (Republic of),"Cargo ships, carrying DG and/or MHB, HS, or MP, IMO hazard or pollutant category X","Cargo ships, carrying DG and/or MHB, HS, or MP, IMO hazard or pollutant category X",213.0,32.200001,32893.0,27800.0,2006.0
01876e75-ddd8-7f33-9bd5-a9df3063982d,477887800,9908138.0,OOCL TURKIYE,VRVL3,HK,China (People's Republic of) - Hong Kong (Special Administrative Region of China),"Cargo ships, carrying DG and/or MHB, HS, or MP, IMO hazard or pollutant category OS",Container Ship,399.98999,61.0,215000.0,237000.0,2023.0
014e46f0-0d30-752e-87c9-8ef8faa4678f,352980780,9273959.0,SPIL NINGSIH,3E3528,MH,Marshall Islands (Republic of the),"Cargo ships, carrying DG and/or MHB, HS, or MP, IMO hazard or pollutant category OS","Cargo ships, carrying DG and/or MHB, HS, or MP, IMO hazard or pollutant category OS",208.0,30.0,33836.0,25709.0,2003.0
01502a70-4808-7460-80b4-6cbe30b2c562,211886810,9708849.0,AL NASRIYAH,DFGA2,MH,Marshall Islands (Republic of the),"Cargo ships, carrying DG and/or MHB, HS, or MP, IMO hazard or pollutant category X",Container Ship,368.0,51.0,149360.0,153148.0,2015.0
014e6d4b-b150-7207-9992-23f91c1b1bd4,563127500,9656137.0,X PRESS ODYSSEY,9V7017,PT,Portugal - Madeira,"Cargo ships, carrying DG and/or MHB, HS, or MP, IMO hazard or pollutant category X",Container Ship,255.36,37.389999,58252.0,48338.0,2014.0
018f04ca-d9d0-7f28-8077-3bed17309e67,636022036,9971006.0,MONICA,5LGW5,LR,Liberia (Republic of),"Cargo ships, all ships of this type",Container Ship,172.0,27.0,22563.0,17801.0,2024.0
01884d68-b218-756e-9284-2cd7ea4834f1,477891900,9957074.0,SHENG LI JI,VRVP6,HK,China (People's Republic of) - Hong Kong (Special Administrative Region of China),"Cargo ships, carrying DG and/or MHB, HS, or MP, IMO hazard or pollutant category X",Container Ship,171.95,27.0,24327.0,18219.0,2023.0
014e486d-a4b0-70d8-8f6e-2f9aca54a308,565688000,9390240.0,KOTA NAZIM,9VEY4,SG,Singapore (Republic of),"Cargo ships, all ships of this type",Container Ship,179.66,27.639999,25985.0,20902.0,2008.0
01740a5e-47a8-7c8e-a729-132a99959a09,636026657,9884215.0,HAI PENG,A8KY4,HK,China (People's Republic of) - Hong Kong (Special Administrative Region of China),Tugs,Tugs,32.0,13.0,228.0,492.0,2020.0
014e479c-df60-7ed4-aa69-4c305679072c,636026309,9351579.0,MSC TAMARA IV,A8RB3,PA,Panama (Republic of),"Other types of ships, carrying DG and/or MHB, HS, or MP, IMO hazard or pollutant category Z",Container Ship,264.96,32.35,53335.0,41225.0,2008.0
014e46ea-92d8-731c-a9e8-e43486383aab,414713000,9523017.0,XIN HANG ZHOU,BPKG,CN,China (People's Republic of),"Cargo ships, carrying DG and/or MHB, HS, or MP, IMO hazard or pollutant category X",Container Ship,255.10001,37.299999,67039.0,47917.0,2012.0
014e5199-1dd0-7193-a707-9c9b235b41e1,566919000,9670171.0,GLORY EXPLORER,9V7284,SG,Singapore (Republic of),"Cargo ships, all ships of this type",General Cargo,116.94,20.0,12346.0,8696.0,2013.0
01920e31-9740-7016-9c99-9c4e00851fa3,219677000,9948803.0,A.P. MOLLER,OZTM2,DK,Denmark,"Cargo ships, all ships of this type",Container Ship,349.2,53.5,174009.0,172093.0,2024.0
014e47ab-a0b8-747b-bf0b-25a9c1710d33,636093270,9399753.0,AS CASPRIA,A8OU5,LR,Liberia (Republic of),"Cargo ships, no additional information",Container Ship,225.2,31.29,35534.0,32901.0,2008.0
01808747-3340-71ed-b998-5210d4143664,566510000,9455296.0,WAN HAI 511,9V7577,SG,Singapore (Republic of),"Cargo ships, all ships of this type",Container Ship,259.0,38.200001,57830.0,46854.0,2012.0
014e481f-de88-7177-8203-1c3b98cdecfd,416481000,9595527.0,EVER LIVEN,BKIE,TW,China (People's Republic of) - Taiwan (Province of China),"Cargo ships, carrying DG and/or MHB, HS, or MP, IMO hazard or pollutant category OS",Container Ship,334.79999,46.0,104409.0,98882.0,2013.0
0159c555-4d38-78fb-9cd9-9170c8d096bc,636017867,9762340.0,MSC TINA,D5NB7,LR,Liberia (Republic of),"Cargo ships, carrying DG and/or MHB, HS, or MP, IMO hazard or pollutant category X",Container Ship,398.39999,59.080002,200148.0,194308.0,2017.0
0183a5f5-3898-70ad-a160-5ce725850a7c,563174100,9930387.0,WAN HAI 357,9V7389,SG,Singapore (Republic of),"Cargo ships, all ships of this type",Container Ship,203.5,35.099998,36776.0,30776.0,2022.0
0166c81e-4d28-7f76-b476-9a62719afce6,413496790,9840568.0,ZHONG SHAN 20,BRAM,NO,Norway,"Passenger ships, all ships of this type",Passenger Ship,42.799999,11.0,42.0,533.0,2018.0
0195ace4-0ac8-75bd-bbd3-123bec996a1b,636023211,9997945.0,GREEN SEPETIBA,5LMP2,LR,Liberia (Republic of),"Cargo ships, all ships of this type",Container Ship,225.0,32.0,64999.0,49122.0,2025.0
0158188f-0540-7869-8ed5-e88d31ba5951,477995140,9396983.0,GOLDEN DRAGON 338,VRBW9,HK,China (People's Republic of) - Hong Kong (Special Administrative Region of China),"Tanker(s), all ships of this type",Oil Products Tanker,49.98,25.0,1600.0,1225.0,2006.0
014e46f1-45b0-78fa-8f6a-88f2504cf80f,249159000,9588615.0,KYDONIA,9HA6134,GR,Greece,"Cargo ships, all ships of this type",Bulk Carrier,229.2,38.0,92828.0,51496.0,2012.0
01797d3d-e940-71f0-bfd3-abd7aa7df6ab,563132500,9871347.0,WAN HAI 287,9V6506,MP,United States of America - Northern Mariana Islands (Commonwealth of the),"Cargo ships, carrying DG and/or MHB, HS, or MP, IMO hazard or pollutant category OS",Container Ship,175.03,28.65,23798.0,20924.0,2021.0
01808738-8188-7290-a397-75b94e826cb3,374775000,9747065.0,PLUMERIA CORAL,3EKS5,PA,Panama (Republic of),"Tanker(s), carrying DG and/or MHB, HS, or MP, IMO hazard or pollutant category Z",LPG/Chemical Tanker,93.0,17.200001,5016.0,4289.0,2016.0
01881e27-f090-77cc-b2a1-ef403414f11c,563192600,9936989.0,TIGER CHENNAI,9V8713,SG,Singapore (Republic of),"Cargo ships, carrying DG and/or MHB, HS, or MP, IMO hazard or pollutant category X",Container Ship,199.98,35.0,41740.0,34529.0,2023.0
014e46f2-4b68-72d9-85f4-7e4c094d0ed7,416475000,9595486.0,EVER LIBRA,BKIC,TW,China (People's Republic of) - Taiwan (Province of China),"Cargo ships, carrying DG and/or MHB, HS, or MP, IMO hazard or pollutant category OS",Container Ship,334.79999,46.0,104472.0,99995.0,2012.0
015ddf27-3538-7e6d-b765-b5a781b45bc1,636018068,9756729.0,MSC AVNI,D5OA3,LR,Liberia (Republic of),"Cargo ships, carrying DG and/or MHB, HS, or MP, IMO hazard or pollutant category X",Container Ship,314.31,48.84,120500.0,102492.0,2017.0
01961a03-e4e8-7007-8c4b-4d90c3d85e34,413610790,1069259.0,DONG FANG 102,BPZR8,CN,China (People's Republic of),"Cargo ships, all ships of this type",Reefer,146.0,20.0,10478.0,9567.0,2025.0
01934cb8-d1a8-7cf0-b931-ba8cc45fc17a,563242900,1018145.0,INTERASIA TENACITY,9V9131,SG,Singapore (Republic of),"Cargo ships, carrying DG and/or MHB, HS, or MP, IMO hazard or pollutant category X",Container Ship,204.0,35.0,37160.0,30676.0,2024.0
018dd856-58d0-74a8-b8c9-cc4eb053c14c,414850000,9933872.0,ZHONG GU GUI YANG,BPLY3,CN,China (People's Republic of),"Cargo ships, carrying DG and/or MHB, HS, or MP, IMO hazard or pollutant category OS",Container Ship,228.0,40.0,87698.0,54384.0,2024.0
014e4ab6-ae38-7f9d-b014-6d1b19f9b432,413378920,9342059.0,WEN ZHU,BPLQ6,CN,China (People's Republic of),"Tanker(s), carrying DG and/or MHB, HS, or MP, IMO hazard or pollutant category X","Tanker(s), carrying DG and/or MHB, HS, or MP, IMO hazard or pollutant category X",95.68,15.0,3800.0,2635.0,2007.0
015c3877-d748-7bed-a3b4-efef4d7c0546,414305000,9786035.0,GUANG XIN,BRWM,CN,China (People's Republic of),"Cargo ships, all ships of this type",Bulk Carrier,225.0,32.259998,76377.0,42121.0,2017.0
0162a7ef-a820-7083-aac9-a19d773afb8e,477172200,9800776.0,DING HENG 40,VRRV3,PA,Panama (Republic of),"Tanker(s), carrying DG and/or MHB, HS, or MP, IMO hazard or pollutant category Y",Chemical Tanker,124.03,19.629999,12259.0,8006.0,2018.0
014e46fa-afd8-7630-bf9c-bf747bece762,477608200,9688271.0,HAI HOI,VRMB2,HK,China (People's Republic of) - Hong Kong (Special Administrative Region of China),Tugs,Tugs,38.0,12.0,235.0,499.0,2013.0
01870bd1-e9d8-7c3a-87b7-fd4edae1a052,477890600,9949546.0,SCT SHEKOU,VRVN6,VC,Saint Vincent and the Grenadines,Tugs,Tugs,32.0,12.0,265.0,496.0,2023.0
01851185-f998-7314-a95c-a26bf55395f9,477859800,9947380.0,SHENG AN,VRUN9,HK,China (People's Republic of) - Hong Kong (Special Administrative Region of China),"Cargo ships, all ships of this type",Container Ship,171.89999,29.0,24500.0,18724.0,2023.0
014e46ef-bf10-7546-af3e-64b9a2702183,533170822,9365166.0,HARBOUR ZIRCON,9WVU9,KR,Korea (Republic of),"Cargo ships, all ships of this type",Container Ship,142.71001,22.6,13002.0,9522.0,2007.0
017e6a57-fb90-7688-82db-8feefc9ac14f,352001068,9913858.0,EVER OATH,3E2105,PA,Panama (Republic of),"Cargo ships, all ships of this type",Container Ship,194.96001,33.0,33541.0,27025.0,2022.0
014e53f1-59f8-7acb-b3c3-8b2196a38071,413476340,9233674.0,ZHAOSHANGYI,BRSR,CN,China (People's Republic of),"Tanker(s), all ships of this type",LPG Tanker,94.599998,15.6,1630.0,2994.0,2000.0
0171779d-6d10-722d-b4df-cd9cecf275d1,440017000,9879375.0,SAWASDEE ATLANTIC,D7HE,MH,Marshall Islands (Republic of the),"Cargo ships, all ships of this type",Container Ship,172.07001,27.440001,22344.0,18051.0,2020.0
018a3b4a-6188-7f97-84d5-f98323f9fbbf,636021536,9953119.0,LAKE HERMAN,5LEK5,LR,Liberia (Republic of),"Cargo ships, all ships of this type",Vehicles Carrier,199.0,38.02,19138.0,71706.0,2023.0
01808738-d778-73df-8c53-c5db699ffecf,413479290,9780823.0,HENG YU 93,BPXF2,CN,China (People's Republic of),"Tanker(s), all ships of this type",Oil Products Tanker,126.0,21.0,11816.0,7811.0,2014.0
014e47c4-fce8-7b3a-855e-8c3416ebc1e8,563281300,9403011.0,SEASPAN YINGKOU,9VMY8,HK,China (People's Republic of) - Hong Kong (Special Administrative Region of China),"Cargo ships, all ships of this type","Cargo ships, all ships of this type",231.0,32.0,42141.0,35988.0,2007.0
014e48b3-25a8-758f-bbf3-b75cbbfcb024,416428000,9301263.0,YM HORIZON,BLIH,TW,China (People's Republic of) - Taiwan (Province of China),"Cargo ships, carrying DG and/or MHB, HS, or MP, IMO hazard or pollutant category OS","Cargo ships, carrying DG and/or MHB, HS, or MP, IMO hazard or pollutant category OS",168.8,27.299999,19104.0,15167.0,2005.0
0160e3c6-1de0-764f-bad2-e93c1a3427a2,352005810,9827164.0,PACIFIC BEAM,3E9002,MH,Marshall Islands (Republic of the),"Cargo ships, all ships of this type",General Cargo,127.0,19.0,14277.0,9967.0,2018.0
017520b6-2790-7dbd-9e6b-7834a19b98f1,636020220,9893589.0,KMTC XIAMEN,D5YE7,LR,Liberia (Republic of),"Cargo ships, carrying DG and/or MHB, HS, or MP, IMO hazard or pollutant category X",Container Ship,196.16,32.540001,37200.0,27997.0,2020.0
019511cf-09c0-7237-82c4-3b47723e3e9c,211115140,9943891.0,ROTTERDAM EXPRESS,DDOJ2,DE,Germany (Federal Republic of),"Cargo ships, carrying DG and/or MHB, HS, or MP, IMO hazard or pollutant category X",Container Ship,400.0,61.0,229348.0,229376.0,2025.0
016256bd-a948-7334-8d54-0700eba1484a,352409000,9788851.0,TRANS HARMONY 2,3ECJ7,PA,Panama (Republic of),"Cargo ships, all ships of this type","Cargo ships, all ships of this type",199.0,32.0,12993.0,50305.0,2018.0
014e4701-d7e0-74d3-98d7-aa3867e8ebb1,563206600,9314765.0,STOLT RINDO,9V8789,PA,Panama (Republic of),"Tanker(s), all ships of this type","Tanker(s), all ships of this type",122.0,20.0,11519.0,6944.0,2005.0
014e48c8-b918-7a89-90fc-e501618109d4,352002648,9374583.0,MERATUS TOMINI,3E4971,PA,Panama (Republic of),"Cargo ships, carrying DG and/or MHB, HS, or MP, IMO hazard or pollutant category X",Container Ship,216.0,30.0,,,
014e5338-c7f8-7dc6-a307-9592a6368114,574002930,9334105.0,TAN CANG GLORY,XVFA9,LR,Liberia (Republic of),"Cargo ships, all ships of this type",Container Ship,133.60001,20.0,8494.0,6474.0,2005.0
014e46f8-df00-75af-afa6-dd4fb981da6a,352005639,9507740.0,PHOENIX GAS,3E8865,LR,Liberia (Republic of),"Tanker(s), carrying DG and/or MHB, HS, or MP, IMO hazard or pollutant category X",LPG Tanker,99.9,17.6,5002.0,4312.0,2011.0
014e46ea-c5a0-7f7f-9f0a-49cf25953202,574005160,9357860.0,HAIAN WEST,XVJB7,LR,Liberia (Republic of),"Cargo ships, all ships of this type",Container Ship,175.0,27.0,23396.0,18327.0,2007.0
016d7199-8ad8-70c4-849d-6b9889bdd4ca,441983000,9570591.0,SUN FREESIA,D7FR,KR,Korea (Republic of),"Tanker(s), carrying DG and/or MHB, HS, or MP, IMO hazard or pollutant category Y",Oil/Chemical Tanker,102.5,16.0,4998.0,3595.0,2019.0
017bde1f-37a8-7957-9982-6202791d7fa2,636021136,9903255.0,EVER CERTAIN,5LCM3,LR,Liberia (Republic of),"Cargo ships, carrying DG and/or MHB, HS, or MP, IMO hazard or pollutant category X",Container Ship,171.98,28.459999,22383.0,18658.0,2021.0
016ab4e7-3f18-7635-87f6-af4414098645,477308500,9843431.0,SUNG KONG,VRSG7,HK,China (People's Republic of) - Hong Kong (Special Administrative Region of China),Tugs,Tugs,32.0,13.0,233.0,492.0,2019.0
0161034f-b1d0-751f-bbe0-3fc8683aecb1,477154500,9815680.0,JOSCO REAL,VRRM8,HK,China (People's Republic of) - Hong Kong (Special Administrative Region of China),"Cargo ships, all ships of this type",Container Ship,171.99001,28.0,24560.0,18885.0,2018.0
017d8e34-6450-7457-a147-3f9937bddecb,413298170,9921879.0,HONG MAO,BOTQ6,CN,China (People's Republic of),"Tanker(s), carrying DG and/or MHB, HS, or MP, IMO hazard or pollutant category OS",LPG Tanker,99.959999,15.0,2872.0,3187.0,2021.0
014e4ee3-aa60-7770-9bc2-a14bd3bb195c,574001880,9142136.0,OCEANUS 9,3WKB9,VN,Viet Nam (Socialist Republic of),"Tanker(s), all ships of this type",LPG Tanker,99.900002,19.0,5054.0,4518.0,1996.0
014e4adb-b6b0-725c-af12-d8365486decc,477612200,9445514.0,OOCL NEW ZEALAND,VRFS2,HK,China (People's Republic of) - Hong Kong (Special Administrative Region of China),"Cargo ships, carrying DG and/or MHB, HS, or MP, IMO hazard or pollutant category OS",Container Ship,260.04999,32.25,50554.0,40168.0,2009.0
014eb048-dcd0-7fc2-830b-32afed977f65,210601000,9571301.0,MSC NEW JERSEY 3,5BNY6,MH,Marshall Islands (Republic of the),"Cargo ship, landing craft",Container Ship,212.50999,32.23,41636.0,35708.0,2011.0
017e72f8-2c70-79ca-a73d-f5da03a1d0dd,477745800,9926104.0,SITC YUNCHENG,VRUL4,HK,China (People's Republic of) - Hong Kong (Special Administrative Region of China),"Cargo ships, carrying DG and/or MHB, HS, or MP, IMO hazard or pollutant category X",Container Ship,188.87,32.290001,35360.0,26771.0,2022.0
0160c3d6-55e0-7428-b1a4-967c1c704531,538007820,9810111.0,TS OSAKA,V7DC5,MH,Marshall Islands (Republic of the),"Cargo ships, carrying DG and/or MHB, HS, or MP, IMO hazard or pollutant category OS",Container Ship,171.99001,28.0,21361.0,17449.0,2018.0
014e46ea-ecb0-70d3-a7ad-ab9095c38082,477997043,9298210.0,HUNG HOM,VRS6328,HK,China (People's Republic of) - Hong Kong (Special Administrative Region of China),Tugs,Tugs,19.0,14.0,102.0,231.0,2004.0
0153d629-4818-769f-b0de-802e6b90179e,538006699,9730361.0,SEAWAYS TRINITY,V7QJ3,MH,Marshall Islands (Republic of the),"Tanker(s), all ships of this type",Crude Oil Tanker,274.17,48.36,158734.0,81360.0,2016.0
01893651-1da8-7df8-908f-660f8c522664,538010758,9948865.0,TS LIANYUNGANG,V7A7385,CN,China (People's Republic of),"Cargo ships, carrying DG and/or MHB, HS, or MP, IMO hazard or pollutant category X",Container Ship,147.89999,23.0,13300.0,9998.0,2023.0
014e46e9-db40-7f4b-84b4-f0d533ddec2e,636016710,9274317.0,STOLT VIRTUE,D5HJ9,LR,Liberia (Republic of),"Tanker(s), carrying DG and/or MHB, HS, or MP, IMO hazard or pollutant category Y",Oil/Chemical Tanker,158.83,25.5,25230.0,15715.0,2004.0
014e4820-1538-7864-b920-ebcecddf62c7,636020483,9280811.0,STAMATIS B,D5XF8,MH,Marshall Islands (Republic of the),"Cargo ships, all ships of this type",Container Ship,260.87,32.299999,55497.0,40952.0,2004.0
014e46fb-30c0-7e40-9e20-0a9b995cd35b,636024729,9116589.0,MSC UNITE VI,5LTZ7,SG,Singapore (Republic of),"Cargo ships, no additional information",Container Ship,285.0,40.0,63309.0,69218.0,1996.0
015b26eb-fe60-7222-bbae-2f07bac18e01,374316000,9781097.0,SUN TRITON,3FKM,PA,Panama (Republic of),"Tanker(s), carrying DG and/or MHB, HS, or MP, IMO hazard or pollutant category Y",Oil/Chemical Tanker,127.02,20.4,12670.0,7287.0,2017.0
018fc9b5-86a0-70eb-b3c6-fd7e2b15e3b3,636022792,9987586.0,CA GUANGZHOU,5LKM3,LR,Liberia (Republic of),"Cargo ships, all ships of this type",Container Ship,166.94,27.629999,24422.0,17871.0,2024.0
014e5787-88a8-7baa-9092-1859787b31d0,477300900,9675925.0,YU YI,VRNF4,HK,China (People's Republic of) - Hong Kong (Special Administrative Region of China),"Tanker(s), all ships of this type",Oil Products Tanker,150.59,22.6,17974.0,11553.0,2013.0
019706c8-4a58-782f-9663-3e45bb10d00a,352006269,1115565.0,WAN HANG HENG YUAN,3E7869,CN,China (People's Republic of),"Cargo ships, carrying DG and/or MHB, HS, or MP, IMO hazard or pollutant category X",Container Ship,197.0,35.0,60900.0,39212.0,2025.0
014e4819-9cf8-7f5d-88e3-72da3ecd1329,538010029,9290127.0,EMMANUEL P,V7A5488,HK,China (People's Republic of) - Hong Kong (Special Administrative Region of China),"Cargo ships, carrying DG and/or MHB, HS, or MP, IMO hazard or pollutant category OS",Container Ship,260.10001,32.299999,50500.0,39941.0,2005.0
016cc205-9ee0-78ba-aed2-45011f85f600,563091100,9840726.0,MAERSK SONGKHLA,9V6006,SG,Singapore (Republic of),"Cargo ships, carrying DG and/or MHB, HS, or MP, IMO hazard or pollutant category X",Container Ship,186.0,36.0,37397.0,33128.0,2019.0
014e4724-b1c0-7b2d-8f9c-c56a75e51420,636019770,9224958.0,MANET,D5WB7,CY,Cyprus (Republic of),"Cargo ships, carrying DG and/or MHB, HS, or MP, IMO hazard or pollutant category Y","Cargo ships, carrying DG and/or MHB, HS, or MP, IMO hazard or pollutant category Y",195.60001,30.200001,30650.0,26050.0,2001.0
014e50ef-ddb0-749d-8e22-58c49afa383f,477770200,9352042.0,MAERSK STOCKHOLM,VRGW3,HK,China (People's Republic of) - Hong Kong (Special Administrative Region of China),"Cargo ships, carrying DG and/or MHB, HS, or MP, IMO hazard or pollutant category Z",Container Ship,334.0,42.799999,107978.0,92293.0,2008.0
014e4878-dfb0-7cd4-b913-730bf8b86214,311000923,9454436.0,CMA CGM MARCO POLO,C6EK8,GB,United Kingdom of Great Britain and Northern Ireland,"Cargo ships, carrying DG and/or MHB, HS, or MP, IMO hazard or pollutant category X",Container Ship,396.0,53.599998,186488.0,176546.0,2012.0
016684dd-0040-7554-9d8b-620e1ab51fec,353800000,9784154.0,EVER BREED,H3BV,PA,Panama (Republic of),"Cargo ships, carrying DG and/or MHB, HS, or MP, IMO hazard or pollutant category OS",Container Ship,211.0,33.0,30000.0,32691.0,2018.0
014e47ba-3b00-7f8b-98a3-edfcd0b80261,416465000,9462720.0,YM UPSURGENCE,BLHJ,TW,China (People's Republic of) - Taiwan (Province of China),"Cargo ships, all ships of this type","Cargo ships, all ships of this type",333.20001,42.799999,103235.0,91586.0,2012.0
014e483d-6cf0-7653-bac1-81dcf78150d2,241311000,9484924.0,EXPRESS BERLIN,SVBY4,GR,Greece,"Cargo ships, carrying DG and/or MHB, HS, or MP, IMO hazard or pollutant category X",Container Ship,349.0,45.599998,129760.0,113973.0,2011.0
01932ea0-c748-7c86-80a5-a89d58efa090,563247600,9950832.0,EVER WILL,9V7806,VU,Vanuatu (Republic of),"Cargo ships, all ships of this type","Cargo ships, all ships of this type",172.0,32.0,27958.0,27145.0,2024.0
014e46ea-2190-7e78-92da-a5c903911a68,636013118,9331086.0,YM INSTRUCTION,A8KS6,LR,Liberia (Republic of),"Cargo ships, carrying DG and/or MHB, HS, or MP, IMO hazard or pollutant category Z",Container Ship,172.7,27.299999,22033.0,16488.0,2007.0
014e573d-19f8-75b8-9349-634b43334196,256075000,9250971.0,SAVANNAH,9HA3804,PA,Panama (Republic of),"Cargo ships, carrying DG and/or MHB, HS, or MP, IMO hazard or pollutant category X",Container Ship,293.87,40.0,74453.0,74071.0,2002.0
014e46ed-1b48-7eab-b04b-c49bd09c9b22,636017802,9509140.0,GSL ELEFTHERIA,D5DW8,LR,Liberia (Republic of),"Cargo ships, no additional information",Container Ship,228.13,32.209999,46150.0,39905.0,2013.0
01882332-1200-7efc-9851-338a36c24442,567624000,9937775.0,NATTHA BHUM,HSB9074,SG,Singapore (Republic of),"Cargo ships, all ships of this type",Container Ship,172.0,28.0,24400.0,18526.0,2023.0
014e4b48-5b30-7bf1-a95a-0ac172657cb7,370343000,9448061.0,ASIAN EXPLORER,3ECL8,PA,Panama (Republic of),"Cargo ships, all ships of this type",Vehicles Carrier,180.0,30.0,15154.0,43810.0,2009.0
014e4bd9-a298-7028-9b0b-ec6010be6cae,413540250,9537680.0,SHENG HANG 003,BPHT5,CN,China (People's Republic of),"Tanker(s), carrying DG and/or MHB, HS, or MP, IMO hazard or pollutant category Y",Oil/Chemical Tanker,120.11,18.0,8092.0,5614.0,2009.0
01808739-7b88-7028-beda-024906088ebe,574003500,9248942.0,HAIAN BELL,3WIH7,VN,Viet Nam (Socialist Republic of),"Cargo ships, all ships of this type",Container Ship,154.5,25.0,16435.0,14308.0,2003.0
014e46f8-7d58-749a-822f-998a05a64ef8,352167000,9325362.0,SATURN,H9GC,PA,Panama (Republic of),"Cargo ships, all ships of this type",General Cargo,124.55,20.5,13324.0,9983.0,2005.0
014e46fa-ee58-7aa8-ab87-fc1c3f6bf552,636022620,9330343.0,LONDON STAR,A8KN4,LR,Liberia (Republic of),"Tanker(s), all ships of this type",Crude Oil Tanker,229.0,32.299999,73869.0,41966.0,2006.0
01902163-8e38-70d8-a867-5c3d688892d6,312000074,1068061.0,TONGYUN12,V3TX,PA,Panama (Republic of),"Cargo ships, all ships of this type",General Cargo,127.0,20.0,11607.0,7520.0,2011.0
01903c43-3988-7bf7-80ed-26f406f33899,538007312,9792503.0,STARSHIP AQUILA,V7IQ5,MH,Marshall Islands (Republic of the),"Cargo ships, carrying DG and/or MHB, HS, or MP, IMO hazard or pollutant category X",Container Ship,172.12,27.43,23541.0,18064.0,2017.0
01993772-2eb0-7deb-a945-3f0525d2577c,563295100,9950870.0,EVER WARM,9V7810,SG,Singapore (Republic of),"Cargo ships, carrying DG and/or MHB, HS, or MP, IMO hazard or pollutant category OS",Container Ship,172.0,32.0,,,
014e46f7-c1d8-7b57-9145-85292ff77e12,574003150,9310252.0,PETROLIMEX 18,XVWI9,SE,Sweden,"Tanker(s), carrying DG and/or MHB, HS, or MP, IMO hazard or pollutant category X",Oil/Chemical Tanker,175.97,31.030001,40092.0,25429.0,2007.0
014e4709-3698-79a4-b58d-22eafb7cb72d,477046500,9485071.0,HAI TONG,VRDR7,HK,China (People's Republic of) - Hong Kong (Special Administrative Region of China),Towing,Tugs,36.799999,10.0,,432.0,2008.0
0156ba5c-ff00-71ef-ad7f-718c2cc07825,636020122,9757022.0,AQUAPISCES,D5XT9,MT,Malta,"Cargo ships, all ships of this type",Bulk Carrier,198.0,32.26,60238.0,34323.0,2016.0
014e46f7-4ca8-750c-ac1b-c6d5d79b38f4,636022118,9243306.0,ULSAN,5LHG7,HK,China (People's Republic of) - Hong Kong (Special Administrative Region of China),"Cargo ships, carrying DG and/or MHB, HS, or MP, IMO hazard or pollutant category X","Cargo ships, carrying DG and/or MHB, HS, or MP, IMO hazard or pollutant category X",257.87,32.25,52785.0,40108.0,2002.0
0168853b-b020-7f7d-98d1-af71741655b2,564559000,9167435.0,KOTA RATU,S6ST,SG,Singapore (Republic of),"Cargo ships, all ships of this type",Container Ship,144.0,22.6,13064.0,9422.0,1998.0
014e46f4-00e8-795f-807b-85d9d87b0c6b,355129000,9008574.0,MSC TASMANIA III,HPCF,PA,Panama (Republic of),"Cargo ships, carrying DG and/or MHB, HS, or MP, IMO hazard or pollutant category Y",Container Ship,216.05,32.2,45670.0,34231.0,1993.0
0161e52f-41d8-70f0-9d3a-150ee87483b9,219406000,9786140.0,MAERSK CAPRI,OZCN2,SG,Singapore (Republic of),"Tanker(s), all ships of this type",Oil/Chemical Tanker,183.15,32.23,49919.0,29816.0,2018.0
014e479b-a6e0-75ab-a181-0d10e04f25b5,356575000,9495040.0,DP WORLD KOCHI,3FOE7,PA,Panama (Republic of),"Cargo ships, carrying DG and/or MHB, HS, or MP, IMO hazard or pollutant category OS",Container Ship,316.0,45.599998,90087.0,87697.0,2010.0
017b2f6d-c828-7017-bfcb-219d1feb750d,219027758,9885166.0,NIMTOFTE MAERSK,OYLF2,DK,Denmark,"Cargo ships, carrying DG and/or MHB, HS, or MP, IMO hazard or pollutant category X",Container Ship,172.0,32.0,27550.0,26255.0,2021.0
014e9ab1-7918-7183-a1fd-732306bfbdb2,477478300,9771303.0,SUZHOU,VROJ2,HK,China (People's Republic of) - Hong Kong (Special Administrative Region of China),Other types of ship,Tugs,33.5,10.0,231.0,393.0,2015.0
014e4c54-6460-739e-ae00-c81f2c5753c3,413054000,9270452.0,XIN QING DAO,BPAR,CN,China (People's Republic of),"Cargo ships, carrying DG and/or MHB, HS, or MP, IMO hazard or pollutant category X",Container Ship,279.89999,40.299999,69423.0,66433.0,2003.0
018831ea-78f0-7755-b716-b6f17cd644e8,636022176,9951161.0,AMOUREUX,5LHN4,LR,Liberia (Republic of),"Cargo ships, all ships of this type",Container Ship,172.07001,27.0,22750.0,17785.0,2023.0
014e4cc0-dde8-72dc-85d5-0ed7abe43752,477024800,9639634.0,SITC LIANYUNGANG,VRKS6,HK,China (People's Republic of) - Hong Kong (Special Administrative Region of China),"Cargo ships, carrying DG and/or MHB, HS, or MP, IMO hazard or pollutant category X","Cargo ships, carrying DG and/or MHB, HS, or MP, IMO hazard or pollutant category X",143.0,23.0,,,
014e46f3-0eb8-7753-acb0-05e25a0c49ec,477002300,9781188.0,KMTC TAIPEIS,VRQQ3,HK,China (People's Republic of) - Hong Kong (Special Administrative Region of China),"Cargo ships, carrying DG and/or MHB, HS, or MP, IMO hazard or pollutant category X",Container Ship,172.2,27.5,21741.0,18370.0,2017.0
014e491c-cc88-7abb-9468-967a22feec68,352003953,9705445.0,SKY CHALLENGE,3E5352,KR,Korea (Republic of),"Cargo ships, carrying DG and/or MHB, HS, or MP, IMO hazard or pollutant category OS",Container Ship,172.13,27.0,21860.0,20738.0,2014.0
0183d4c5-3ad8-7c8d-83bb-fd3adcb4f530,563176800,9554078.0,WAN HAI 356,9V7385,SG,Singapore (Republic of),"Cargo ships, carrying DG and/or MHB, HS, or MP, IMO hazard or pollutant category Z",Container Ship,203.5,34.84,36776.0,30519.0,2022.0
014e46ee-f7d8-70c5-9b17-305e385d6ba1,636011023,9175925.0,WORLD SPIRIT,ELWG7,LR,Liberia (Republic of),"Cargo ships, all ships of this type",Vehicles Carrier,174.98,29.200001,14101.0,37949.0,1998.0
0153bbde-acf0-76e1-924a-c14b81eb1ce8,566645000,9726437.0,SAVITA NAREE,9V5030,SG,Singapore (Republic of),"Cargo ships, all ships of this type",Bulk Carrier,199.9,32.26,62971.0,36416.0,2016.0
017ac8b1-f258-7e05-b2ff-f91f85d94919,413284510,9651747.0,HONG QING,BORJ2,CN,China (People's Republic of),"Tanker(s), all ships of this type",LPG Tanker,99.959999,15.0,2836.0,3187.0,2021.0
014e4878-6a80-7f2a-910f-96a10d3de4ec,354625000,9404651.0,MSC CAMILLE,3FQT9,PA,Panama (Republic of),"Cargo ships, carrying DG and/or MHB, HS, or MP, IMO hazard or pollutant category X",Container Ship,365.51999,51.299999,165644.0,153092.0,2009.0
01808744-1660-77db-87a8-3ced7171b3d3,370442000,9353266.0,SPIL KARTINI,3FNG5,PA,Panama (Republic of),"Cargo ships, all ships of this type","Cargo ships, all ships of this type",268.79999,32.200001,51870.0,42741.0,2008.0
014e46ff-6eb0-75f8-8583-29d25796a516,441702000,9235593.0,KMTC QINGDAO,DSQT9,KR,Korea (Republic of),"Cargo ships, carrying DG and/or MHB, HS, or MP, IMO hazard or pollutant category X",Container Ship,222.16,30.0,39382.0,27799.0,2003.0
0196cd59-da20-7353-8aa8-92099e003eff,563263100,1018171.0,INTERASIA TACTIC,9V9142,SG,Singapore (Republic of),"Cargo ships, carrying DG and/or MHB, HS, or MP, IMO hazard or pollutant category X",Container Ship,204.0,35.0,37160.0,30676.0,2025.0
014e46ee-d0c8-7ccd-8d6d-db08140151c3,538003920,9411006.0,RINI,V7UA8,MH,Marshall Islands (Republic of the),"Cargo ships, all ships of this type",Bulk Carrier,290.0,45.0,177899.0,91373.0,2010.0
014e4729-e5c8-7992-962e-13555e86b6f9,477995263,9662849.0,FEOSO MASTER,VRLU3,HK,China (People's Republic of) - Hong Kong (Special Administrative Region of China),"Tanker(s), all ships of this type",Oil Products Tanker,51.5,16.0,2036.0,1418.0,2013.0
014e5611-9248-7316-9ac0-554324526b13,441540000,9341342.0,SUPER INFINITY,D8SF,PA,Panama (Republic of),"Tanker(s), all ships of this type",Oil/Chemical Tanker,149.60001,22.0,14999.0,10549.0,2009.0
014e489a-dae8-7a2a-bddd-def5a4fe4f19,413468760,9618422.0,SHENG HANG HUA 13,BPCW7,CN,China (People's Republic of),"Tanker(s), carrying DG and/or MHB, HS, or MP, IMO hazard or pollutant category Y",Oil/Chemical Tanker,112.68,17.0,6531.0,4522.0,2011.0
017ed7d6-9f50-7bf3-a2fe-cb3d7edddaf0,229779000,9867839.0,CMA CGM SYMI,9HA5600,MT,Malta,"Cargo ships, all ships of this type",Container Ship,366.0,51.0,154700.0,150844.0,2022.0
014e46e9-eae0-7d9e-a003-a7ecad58f53f,477995371,9719783.0,GUO LI,VRMX5,HK,China (People's Republic of) - Hong Kong (Special Administrative Region of China),"Tanker(s), all ships of this type",Oil Products Tanker,49.5,14.3,1328.0,1021.0,2014.0
0190252a-ac40-7f56-b58a-ddba78a59d95,636023757,9946893.0,MSC JULIETTE,5LPG5,LR,Liberia (Republic of),"Cargo ships, carrying DG and/or MHB, HS, or MP, IMO hazard or pollutant category X",Container Ship,366.0,51.0,170588.0,155492.0,2024.0
0192d664-fab8-76fc-9169-4f4f2f4fe4c1,636023028,9967316.0,MANZANILLO BRIDGE,5LLP3,LR,Liberia (Republic of),"Cargo ships, all ships of this type",Container Ship,272.0,43.0,88158.0,75154.0,2024.0
01961918-38e0-770a-b683-427b84c7906a,219700000,9961831.0,AXEL MAERSK,OZKT2,DK,Denmark,"Cargo ships, carrying DG and/or MHB, HS, or MP, IMO hazard or pollutant category X",Container Ship,351.0,54.0,174009.0,172093.0,2025.0
014e478a-68d0-7890-b37b-890b6dd400cb,352828000,9606663.0,SKYHIGH SW,3FAT8,PA,Panama (Republic of),"Cargo ships, all ships of this type",General Cargo,127.67,19.6,14260.0,9963.0,2011.0
014e4731-11b8-7fc5-ba2f-93d308e2f3af,477997162,9678056.0,TAIMIN 1,VRS6417,HK,China (People's Republic of) - Hong Kong (Special Administrative Region of China),"Tanker(s), all ships of this type",Oil Products Tanker,48.0,14.0,,,
0150e93e-3a88-7978-82be-de4c3e362923,352366000,9737503.0,TEXAS TRIUMPH,3FMG7,PA,Panama (Republic of),"Cargo ships, carrying DG and/or MHB, HS, or MP, IMO hazard or pollutant category X",Container Ship,365.94,51.34,146722.0,153014.0,2017.0
014e4880-9840-7e71-b360-cf6bd8ed0622,352002649,9213117.0,MERATUS JAYAGIRI,3E4972,LR,Liberia (Republic of),"Cargo ships, all ships of this type",Container Ship,199.96001,29.799999,33917.0,25535.0,2000.0
01715613-7158-7b0a-b3fc-ba6817dac9b2,413214660,9883156.0,NAN LIAN 18,BOAK5,CN,China (People's Republic of),"Tanker(s), carrying DG and/or MHB, HS, or MP, IMO hazard or pollutant category Y",Oil/Chemical Tanker,107.88,16.0,5487.0,4475.0,2019.0
014e46f1-7c60-787b-b255-dcc7b622f811,477738900,9404871.0,OOCL SAVANNAH,VRGO8,HK,China (People's Republic of) - Hong Kong (Special Administrative Region of China),"Cargo ships, carrying DG and/or MHB, HS, or MP, IMO hazard or pollutant category X",Container Ship,260.04999,32.25,50489.0,40284.0,2010.0
014e46f3-3d98-7a3f-a242-0468b28a43a9,248455000,9248112.0,CMA CGM EIFFEL,9HA4658,BS,Bahamas (Commonwealth of the),"Cargo ships, all ships of this type",Container Ship,282.0,32.0,58381.0,49855.0,2002.0
014e46ef-3e28-76ae-8124-a9ea954206b5,413295960,9214513.0,QING YUN HE,BOMW,CN,China (People's Republic of),"Cargo ships, carrying DG and/or MHB, HS, or MP, IMO hazard or pollutant category X","Cargo ships, carrying DG and/or MHB, HS, or MP, IMO hazard or pollutant category X",180.0,28.0,,,
0180938e-0d90-7f4a-adb2-b9d2116c8bb3,374703000,9181845.0,DK SUNRISE,3FMY6,PA,Panama (Republic of),"Cargo ships, all ships of this type",General Cargo,100.64,18.799999,8523.0,6181.0,1998.0
01615a10-dcb0-75d3-babc-2d319b130641,248703000,9729128.0,CMA CGM JEAN GABRIEL,9HA4767,MT,Malta,"Cargo ships, carrying DG and/or MHB, HS, or MP, IMO hazard or pollutant category X",Container Ship,299.87,48.200001,109255.0,96223.0,2018.0
014e46eb-61e0-7690-a4f0-542b8c054b36,574206000,9276212.0,VIEN DONG 09,XVFL,VN,Viet Nam (Socialist Republic of),"Cargo ships, all ships of this type",General Cargo,102.79,17.0,6665.0,4089.0,2002.0
014e592c-c0b0-7cf9-9a16-fe36149f66eb,574003890,9364227.0,PVT HERA,XVCB7,PA,Panama (Republic of),"Tanker(s), all ships of this type",Crude Oil Tanker,228.60001,42.040001,105387.0,55898.0,2008.0
014e4710-c430-7113-888c-84b4d8bf440d,477770800,9585364.0,SHANGHAI,VRGH2,HK,China (People's Republic of) - Hong Kong (Special Administrative Region of China),Towing and length of the tow exceeds 200 m or breadth exceeds 25 m,Tugs,31.0,9.5,172.0,286.0,2010.0
01738f5f-e408-7785-84ba-b9ac833ef800,636019895,9864538.0,YM CENTENNIAL,D5WQ9,LR,Liberia (Republic of),"Cargo ships, all ships of this type","Cargo ships, all ships of this type",209.75,32.799999,37435.0,32720.0,2020.0
014e4744-c898-7dc2-ac4d-ec33fe5f6556,563299000,9675030.0,GLORY FORWARDER,9V2000,SG,Singapore (Republic of),"Cargo ships, all ships of this type",General Cargo,116.94,19.6,12342.0,8696.0,2013.0
019360dc-42a0-774c-9560-d48fbb143b13,563246800,9950985.0,EVER VERT,9V7818,SG,Singapore (Republic of),"Cargo ships, carrying DG and/or MHB, HS, or MP, IMO hazard or pollutant category OS",Container Ship,209.8,35.0,43718.0,35697.0,2024.0
014e473e-b9d0-7847-bc2b-ba94b2aa925a,352456000,9228772.0,MIYUNHE,H3YW,PA,Panama (Republic of),"Cargo ships, carrying DG and/or MHB, HS, or MP, IMO hazard or pollutant category X",Container Ship,182.87,27.6,24259.0,16738.0,2001.0
01850e7b-74d0-7beb-8da4-e8a78aa23163,636024446,9555230.0,CAT LAI EXPRESS,5LSQ6,SG,Singapore (Republic of),"Cargo ships, all ships of this type",Container Ship,171.89999,28.450001,24477.0,18848.0,2023.0
014e481f-3690-732b-9de1-e6f2ff9a8fc2,566881000,9631979.0,APL RAFFLES,9V5388,SG,Singapore (Republic of),"Cargo ships, carrying DG and/or MHB, HS, or MP, IMO hazard or pollutant category X",Container Ship,397.56,51.0,176727.0,169423.0,2013.0
01874625-ff20-7bbf-b4f1-fddea3f5e25e,477887900,9940227.0,SITC HENGDE,VRVG3,HK,China (People's Republic of) - Hong Kong (Special Administrative Region of China),"Cargo ships, carrying DG and/or MHB, HS, or MP, IMO hazard or pollutant category X",Container Ship,171.89999,28.0,24469.0,18820.0,2023.0
014e4a26-d9e8-713a-8ea8-e44d56fb0551,351026000,9553488.0,OCEANUS LEADER,3FDF7,PA,Panama (Republic of),"Cargo ships, all ships of this type",Vehicles Carrier,199.94,32.259998,21351.0,62838.0,2013.0
0177ec3d-95b8-725f-9013-fa953cbb19f4,370170000,9902524.0,SUN SIRIUS,3FNA8,PA,Panama (Republic of),"Tanker(s), carrying DG and/or MHB, HS, or MP, IMO hazard or pollutant category X","Tanker(s), carrying DG and/or MHB, HS, or MP, IMO hazard or pollutant category X",114.0,19.0,9118.0,5758.0,2021.0
014e46eb-5240-76b2-9d63-11229f2d1a9a,352004357,9657507.0,LS MERCURY,3E6673,CN,China (People's Republic of),"Tanker(s), all ships of this type",Oil Products Tanker,131.60001,20.0,12793.0,8344.0,2013.0
014e46f0-c8b0-7a7b-9c7b-ad07c39caa5d,235093619,9595462.0,EVER LEADING,2FRK8,GB,United Kingdom of Great Britain and Northern Ireland,"Cargo ships, carrying DG and/or MHB, HS, or MP, IMO hazard or pollutant category OS",Container Ship,334.79999,46.0,104441.0,99995.0,2012.0
018dbffb-1e10-7f1c-a848-4270d460f858,563253400,9937517.0,TS SHANGHAI,9VDA8,MH,Marshall Islands (Republic of the),"Cargo ships, carrying DG and/or MHB, HS, or MP, IMO hazard or pollutant category OS",Container Ship,272.5,43.0,86622.0,73172.0,2024.0
01569af4-6860-7790-957e-55351fe67149,533130498,9762120.0,NAUTICA TG PUTERI 27,9MVP7,MY,Malaysia,Sailing vessel,Tugs,37.0,11.3,276.0,466.0,2016.0
014e4747-35b0-7c5b-9e16-8ef96f7f7f2a,477793400,9367190.0,OOCL OAKLAND,VRUO2,PA,Panama (Republic of),"Cargo ships, no additional information",Container Ship,280.54001,40.0,66940.0,66462.0,2007.0
0189c395-25d8-7c4c-916f-c69a2680547e,563199600,9935210.0,EVER MACH,9V7626,LR,Liberia (Republic of),"Cargo ships, carrying DG and/or MHB, HS, or MP, IMO hazard or pollutant category OS",Container Ship,366.0,51.0,160000.0,165350.0,2023.0
014e4896-7db8-702c-9a73-0e3ab7fcbf79,440764000,9375305.0,KMTC JEBEL ALI,D7SH,PA,Panama (Republic of),"Cargo ships, carrying DG and/or MHB, HS, or MP, IMO hazard or pollutant category Z",Container Ship,261.39999,32.509998,51648.0,40898.0,2008.0
018b26d9-ae10-7890-b575-ec497cb04da7,636024987,9958523.0,LITTLE CONCERT,5LVG6,SG,Singapore (Republic of),"Cargo ships, carrying DG and/or MHB, HS, or MP, IMO hazard or pollutant category X",Container Ship,188.89999,32.0,35300.0,26749.0,2023.0
01906d5c-7048-7b18-909d-f686df6a7e01,563232900,9950806.0,EVER WIN,9V7800,SG,Singapore (Republic of),"Cargo ships, carrying DG and/or MHB, HS, or MP, IMO hazard or pollutant category OS",Container Ship,172.0,32.0,27929.0,27145.0,2024.0
0170a893-c348-71d1-bb88-35f97a0dd97e,477997049,9298208.0,KAU LUNG,SSD,HK,China (People's Republic of) - Hong Kong (Special Administrative Region of China),Tugs,Tugs,25.4,9.1199999,102.0,231.0,2004.0
014e473d-5e28-7670-a779-ea7004c20251,563160800,9536985.0,WAN HAI 308,9V8080,PA,Panama (Republic of),"Cargo ships, carrying DG and/or MHB, HS, or MP, IMO hazard or pollutant category X",Container Ship,199.92999,32.0,33407.0,27061.0,2011.0
01909532-b230-70e5-a554-61a4276c0459,249082000,9961336.0,CMA CGM ALHAMBRA,9HA6101,MT,Malta,"Cargo ships, carrying DG and/or MHB, HS, or MP, IMO hazard or pollutant category X",Container Ship,204.0,30.0,31064.0,32245.0,2024.0
014e46ea-f480-73ba-a762-153ddecc3b8b,477608100,9688283.0,HAI BA,VRMB3,HK,China (People's Republic of) - Hong Kong (Special Administrative Region of China),Tugs,Tugs,36.700001,11.0,240.0,499.0,2013.0
014e46ea-5840-79f9-9af4-2326d173061a,636015233,9275397.0,MSC MANYA,A8ZK7,LR,Liberia (Republic of),"Cargo ships, carrying DG and/or MHB, HS, or MP, IMO hazard or pollutant category Z","Cargo ships, carrying DG and/or MHB, HS, or MP, IMO hazard or pollutant category Z",234.62,32.2,43093.0,34610.0,2003.0
014e46ea-fc50-75fe-8951-906430f4b31a,636020509,9374832.0,BERGE BROAD PEAK,D5ZN4,HK,China (People's Republic of) - Hong Kong (Special Administrative Region of China),"Cargo ships, all ships of this type",Bulk Carrier,292.0,45.0,177876.0,91384.0,2007.0
01975d1e-5370-7169-a32d-8d2d75cb63e6,352005758,1034400.0,SKY PEACE,3E8959,PA,Panama (Republic of),"Cargo ships, all ships of this type",Container Ship,189.0,33.0,35276.0,27154.0,2025.0
014e46e9-cf88-75c5-998d-38cafd95b350,563250800,9319143.0,YM INCREMENT,9V9750,LR,Liberia (Republic of),"Cargo ships, carrying DG and/or MHB, HS, or MP, IMO hazard or pollutant category X","Cargo ships, carrying DG and/or MHB, HS, or MP, IMO hazard or pollutant category X",172.10001,27.35,22027.0,16488.0,2006.0
015b8bf2-c190-7542-aa86-72cc81d0a4e6,414788000,9790787.0,BEI HAI KAI TUO,BPCB,CN,China (People's Republic of),"Tanker(s), all ships of this type",Crude Oil Tanker,224.5,35.0,63022.0,39796.0,2017.0
014e46ee-0d78-7ff2-af2e-8cb6145f025e,533170829,9240469.0,HARBOUR ICONIC,9WVZ9,SG,Singapore (Republic of),"Cargo ships, carrying DG and/or MHB, HS, or MP, IMO hazard or pollutant category Z",Container Ship,137.0,25.0,11655.0,9661.0,2002.0
014e4c56-6030-7001-81b7-8d99b454dbc3,414734000,9611668.0,XIU CHI,BPGG,CN,China (People's Republic of),"Tanker(s), all ships of this type",Oil Products Tanker,185.0,32.0,48781.0,30325.0,2012.0
014e479c-ef00-714e-8834-f01cf5c923ef,414310000,9300324.0,TIAN CHANG HE,BOAB,PA,Panama (Republic of),"Cargo ships, carrying DG and/or MHB, HS, or MP, IMO hazard or pollutant category OS",Container Ship,278.94,40.0,67209.0,66380.0,2005.0
014e46f1-5938-7fec-99d6-4c421318f4d1,477765400,9617002.0,TAI O,VRJW7,HK,China (People's Republic of) - Hong Kong (Special Administrative Region of China),Tugs,Tugs,30.25,8.0,198.0,481.0,2012.0
014e46ea-b218-7d06-85bc-dcc22dfada4a,477046400,9485083.0,HAI YOU,VRDR6,HK,China (People's Republic of) - Hong Kong (Special Administrative Region of China),Towing,Tugs,36.799999,10.0,212.0,432.0,2008.0
014e46eb-b7d0-7563-bc6a-0fffd6d0a98e,353290000,9515606.0,MILLENNIUM BRIGHT,3FCN3,PA,Panama (Republic of),"Cargo ships, no additional information","Cargo ships, no additional information",171.99001,27.6,21933.0,17211.0,2009.0
0198313e-9610-7aff-8f63-a6621de0bf9b,563268700,9935428.0,EVER META,9V7676,SG,Singapore (Republic of),"Cargo ships, carrying DG and/or MHB, HS, or MP, IMO hazard or pollutant category OS",Container Ship,366.0,51.0,155972.0,165350.0,2025.0
014e46f3-6c78-7a48-aa63-ae0a595277cc,477067900,9486087.0,OOCL UTAH,VRNR5,HK,China (People's Republic of) - Hong Kong (Special Administrative Region of China),"Cargo ships, all ships of this type",Container Ship,334.92999,42.91,101279.0,91499.0,2015.0
014e47a6-3218-7d48-8021-ea415f461c26,636015475,9445215.0,FPMC B KINGDOM,D5AZ4,LR,Liberia (Republic of),"Cargo ships, all ships of this type",Bulk Carrier,299.70001,50.0,206500.0,106385.0,2013.0
0156fdfd-ffe8-7fdc-b53f-daa2aa9f4c3d,538010962,9752383.0,MYRTO C,V7A6375,PA,Panama (Republic of),"Cargo ships, all ships of this type",Bulk Carrier,229.0,32.3,81011.0,44029.0,2017.0
018a732a-ee60-7c92-82c8-4b282be0e15a,538010792,9955430.0,TS JOHOR,V7A7436,MH,Marshall Islands (Republic of the),"Cargo ships, carrying DG and/or MHB, HS, or MP, IMO hazard or pollutant category X",Container Ship,147.89999,23.0,13300.0,9981.0,2023.0
014e46f7-7f70-7304-8332-94deb5a719ae,477950200,9595709.0,GREAT WEALTH,VRIN6,HK,China (People's Republic of) - Hong Kong (Special Administrative Region of China),"Cargo ships, all ships of this type",Bulk Carrier,225.0,32.0,75569.0,40913.0,2011.0
014e46eb-8120-7d4e-a319-738c373c8ec7,255806137,9314935.0,AS CAROLINA,CQAC7,HK,China (People's Republic of) - Hong Kong (Special Administrative Region of China),"Cargo ships, no additional information",Container Ship,222.15,30.07,39155.0,28927.0,2006.0
014e4711-c9e8-7f48-9917-19fec529e334,354506000,9217670.0,HOANH SON SUN,3FIY4,JP,Japan,"Cargo ships, all ships of this type",Bulk Carrier,229.92999,38.0,88222.0,48029.0,2000.0
0163a825-8bd8-748a-90c3-5f4becb3c512,351291000,9775206.0,WINDS 3,HPKA,PA,Panama (Republic of),"Cargo ships, all ships of this type",General Cargo,120.93,19.6,11759.0,7341.0,2016.0
0159b56a-9068-7585-ab5e-a92faa78d915,440716000,9802011.0,DONGJIN VOYAGER,D7SB,KR,Korea (Republic of),"Cargo ships, carrying DG and/or MHB, HS, or MP, IMO hazard or pollutant category OS",Container Ship,172.2,27.5,21742.0,18559.0,2017.0
014e47a3-a1d8-7fe9-bedf-4730b96a77f8,370338000,9363091.0,SHEARWATER,3ESK5,PA,Panama (Republic of),"Cargo ships, all ships of this type",Wood Chips Carrier,209.99001,37.0,64425.0,49854.0,2008.0
016a053e-30f8-774d-ae1e-d7e6a5eea9d4,477308600,9843429.0,MAI PO,VRSG6,HK,China (People's Republic of) - Hong Kong (Special Administrative Region of China),Tugs,Tugs,32.0,12.0,,,
01961eb2-9818-763a-9745-791524fc655a,477128800,9949730.0,OOCL DAFFODIL,VRWP5,HK,China (People's Republic of) - Hong Kong (Special Administrative Region of China),"Cargo ships, carrying DG and/or MHB, HS, or MP, IMO hazard or pollutant category OS",Container Ship,367.0,51.0,,,
01872aac-a028-72ad-913d-d3eed3c62efa,538012751,9339844.0,GOLD ESTRELLA,V7B3275,PA,Panama (Republic of),"Cargo ships, all ships of this type",Ro-Ro Cargo,199.89999,32.259998,18090.0,59217.0,2008.0
014e49aa-85c8-7f2e-b6b6-63edac111124,357979000,9202182.0,UNI PERFECT,3FZE9,PA,Panama (Republic of),"Cargo ships, carrying DG and/or MHB, HS, or MP, IMO hazard or pollutant category OS",Container Ship,181.75999,28.0,19309.0,17887.0,2000.0
0185a5c2-7a00-7c51-aa7d-438f1365adf7,538010433,9947653.0,TS MAWEI,V7A6031,MH,Marshall Islands (Republic of the),"Cargo ships, carrying DG and/or MHB, HS, or MP, IMO hazard or pollutant category X",Container Ship,147.89999,23.0,13319.0,9981.0,2023.0
01808744-3d70-7e12-9d75-b0f271fda452,412501720,9519690.0,HONG YUE,BOWT5,CN,China (People's Republic of),"Tanker(s), carrying DG and/or MHB, HS, or MP, IMO hazard or pollutant category X","Tanker(s), carrying DG and/or MHB, HS, or MP, IMO hazard or pollutant category X",100.0,15.0,,,
014e479a-7630-7f7c-a485-9b1803e80d74,255983000,9311737.0,MSC CAPETOWN III,CRYB,SG,Singapore (Republic of),"Cargo ships, carrying DG and/or MHB, HS, or MP, IMO hazard or pollutant category X",Container Ship,222.16,30.07,39228.0,28911.0,2006.0
014e484a-5988-7b74-96a0-d9d9c837004e,351563000,9138161.0,AEGEAN EXPRESS,3FVV7,PA,Panama (Republic of),"Cargo ships, carrying DG and/or MHB, HS, or MP, IMO hazard or pollutant category OS",Container Ship,168.8,27.299999,18581.0,15095.0,1997.0
014e46ef-2e88-7247-b7ac-c18958c000f4,533170729,9242613.0,HARBOUR HORIZON,9WUY7,AG,Antigua and Barbuda,"Cargo ships, all ships of this type",Container Ship,133.0,18.700001,7960.0,6277.0,2002.0
017592a5-c1d0-79b2-b91b-6eb77db2215a,636020254,9882229.0,KMTC DALIAN,D5YI9,LR,Liberia (Republic of),"Cargo ships, carrying DG and/or MHB, HS, or MP, IMO hazard or pollutant category X",Container Ship,196.16,32.540001,37200.0,27997.0,2020.0
0183e9f6-d010-798d-96c6-1cd587153f23,563174800,9919187.0,GAS MAGNOLIA,9V7705,SG,Singapore (Republic of),"Tanker(s), all ships of this type",LPG Tanker,230.0,36.0,60048.0,56081.0,2022.0
017d7f44-bcd8-740f-af4b-9acfb9a43e59,477745300,9913559.0,TIGER MAANSHAN,VRUK2,HK,China (People's Republic of) - Hong Kong (Special Administrative Region of China),"Cargo ships, all ships of this type",Deck Cargo Ship,192.0,37.0,26176.0,23040.0,2022.0
014e4708-7730-7554-8280-593cc37a1f8d,419002072,9401697.0,MAERSK VIGO,ATFJ2,SG,Singapore (Republic of),"Cargo ships, carrying DG and/or MHB, HS, or MP, IMO hazard or pollutant category X",Container Ship,175.47,27.71,23328.0,18326.0,2010.0
014e556c-2a88-70fa-88b2-2af4724e2acc,373302000,9246293.0,SUNNINE 3,3FIR6,SG,Singapore (Republic of),"Cargo ships, all ships of this type",Bulk Carrier,174.0,27.0,31949.0,19707.0,2002.0
01892944-4f90-7fcb-82f4-89ca7ea40a00,563195600,9951367.0,WAN HAI 332,9V8495,SG,Singapore (Republic of),"Cargo ships, carrying DG and/or MHB, HS, or MP, IMO hazard or pollutant category OS",Container Ship,209.75,33.0,36835.0,32730.0,2023.0
0190a02b-80e0-7f7a-9ea7-62a1464776f4,228468900,9966764.0,CMA CGM FORT JAMES,FNAC,FR,France,"Cargo ships, no additional information",Container Ship,268.0,44.0,85234.0,73133.0,2024.0
018454a3-c9b8-787e-84f8-7ba948b7d6c8,563180800,9554080.0,WAN HAI 358,9V7390,SG,Singapore (Republic of),"Cargo ships, carrying DG and/or MHB, HS, or MP, IMO hazard or pollutant category OS",Container Ship,203.5,34.84,36776.0,30519.0,2023.0
014e484d-2460-7eb2-8a0a-6b120c9fe29b,566410000,9462029.0,APL SALALAH,9V9400,SG,Singapore (Republic of),"Cargo ships, carrying DG and/or MHB, HS, or MP, IMO hazard or pollutant category X","Cargo ships, carrying DG and/or MHB, HS, or MP, IMO hazard or pollutant category X",347.03,45.0,131476.0,128929.0,2012.0
0172c080-d868-791f-9264-947611a7a328,352866000,9870006.0,EVER CHEER,3ETC7,PA,Panama (Republic of),"Cargo ships, carrying DG and/or MHB, HS, or MP, IMO hazard or pollutant category OS",Container Ship,172.07001,27.43,22405.0,17933.0,2020.0
018ac9ab-0130-737d-a57b-3e826e1f8dbb,563205700,9954474.0,WAN HAI 368,9V7853,SG,Singapore (Republic of),"Cargo ships, carrying DG and/or MHB, HS, or MP, IMO hazard or pollutant category OS",Container Ship,203.5,35.0,37160.0,30468.0,2023.0
014e46f0-b528-7f25-8b62-290cfd5663a5,636022043,9276274.0,NXT GENESIS,5LGX4,JP,Japan,"Cargo ships, all ships of this type",Vehicles Carrier,167.72,24.0,6566.0,9813.0,2002.0
01867a25-1cd0-7b65-b3bb-4cb04b3f1dc1,567614000,9936525.0,ZIM BANGKOK,HSB8544,TH,Thailand,"Cargo ships, carrying DG and/or MHB, HS, or MP, IMO hazard or pollutant category X",Container Ship,333.0,48.0,133400.0,120200.0,2023.0
014e4797-70c0-7e10-97ba-4566d0c1b699,477832300,9484390.0,COCSO VALENCIA,VRLY7,HK,China (People's Republic of) - Hong Kong (Special Administrative Region of China),"Cargo ships, carrying DG and/or MHB, HS, or MP, IMO hazard or pollutant category X",Container Ship,261.10001,32.25,49984.0,40465.0,2013.0
014e46f1-8fe8-7156-a9e7-fb665a74897c,636014899,9453535.0,SARONIC TRADER,A8XI3,LR,Liberia (Republic of),"Cargo ships, all ships of this type",Bulk Carrier,230.0,38.049999,93112.0,51208.0,2011.0
018bfedf-e540-77fe-9213-080690f84fb8,563211100,9951381.0,WAN HAI 335,9V8501,SG,Singapore (Republic of),"Cargo ships, carrying DG and/or MHB, HS, or MP, IMO hazard or pollutant category Y",Container Ship,209.75,33.0,36835.0,32120.0,2023.0
014e4b95-cf50-79a8-b784-1c6cbadf15b0,574197187,9143142.0,CUU LONG GAS,3WDW,VN,Viet Nam (Socialist Republic of),"Tanker(s), all ships of this type",LPG Tanker,95.5,16.6,2999.0,3556.0,1996.0
01928e45-9da0-7fab-b96d-b98e369dae5b,249237000,9961374.0,CMA CGM ESCURIAL,9HA6186,MT,Malta,"Cargo ships, no additional information",Container Ship,204.0,30.0,30873.0,32245.0,2024.0
019b910f-6580-7db5-be06-db41791bdacc,563320600,9965320.0,WAN HAI 711,9VCZ7,SG,Singapore (Republic of),"Cargo ships, all ships of this type",Container Ship,272.5,43.0,65600.0,72900.0,2026.0
0177cdd7-1d38-745a-904e-ae206e752f8d,636019899,9864576.0,YM CONSTANCY,D5WR5,LR,Liberia (Republic of),"Cargo ships, carrying DG and/or MHB, HS, or MP, IMO hazard or pollutant category OS",Container Ship,209.75,32.799999,37435.0,32720.0,2021.0
0162fb84-1c50-767e-83b1-8b1bcf2926cf,413304740,9559523.0,YUAN DONG DE HUI,BPNZ9,CN,China (People's Republic of),"Tanker(s), carrying DG and/or MHB, HS, or MP, IMO hazard or pollutant category Y",Oil/Chemical Tanker,113.4,18.0,7308.0,4975.0,2009.0
014e46eb-b7d0-785f-a213-214f11dd5019,477855200,9245043.0,SITC PYEONGTAEK,VROJ9,HK,China (People's Republic of) - Hong Kong (Special Administrative Region of China),"Cargo ships, all ships of this type",Container Ship,161.85001,25.6,18077.0,13267.0,2001.0
014e48a4-0a78-7403-a2ca-9651c008560f,636022293,9465253.0,MSC BENEDETTA XIII,D5OY6,LU,Luxembourg,"Cargo ships, carrying DG and/or MHB, HS, or MP, IMO hazard or pollutant category X",Container Ship,366.45999,48.259998,140991.0,141635.0,2011.0
017520f2-32a8-774f-af52-f4fe139140fd,477629900,9848780.0,RABAUL CHIEF,VRSL5,HK,China (People's Republic of) - Hong Kong (Special Administrative Region of China),"Cargo ships, carrying DG and/or MHB, HS, or MP, IMO hazard or pollutant category OS",Container Ship,186.0,32.0,30430.0,27000.0,2020.0
014e46ea-c988-7105-9216-17ecade86523,574005850,9421271.0,AULAC SIRIUS,XVWE9,LR,Liberia (Republic of),"Tanker(s), all ships of this type",Oil/Chemical Tanker,144.0,22.6,17526.0,11261.0,2009.0
014e46ea-d158-71da-b1ed-e8e4a269e99f,477991600,9323742.0,TING KAU,VRAP3,HK,China (People's Republic of) - Hong Kong (Special Administrative Region of China),Tugs,Tugs,29.07,11.12,178.0,297.0,2005.0
014e4c0e-0c90-799b-960c-802763ee716b,477995381,9680865.0,FEOSO PIONEER,VRMS9,HK,China (People's Republic of) - Hong Kong (Special Administrative Region of China),"Tanker(s), all ships of this type",Oil Products Tanker,51.5,16.0,1926.0,1478.0,2014.0
0189fe2d-9720-71e2-96b4-2aadd648c805,508100005,,5081 5 82,,BN,Brunei Darussalam,Not available,Unspecified,30.0,3.0,,,
01808739-8f10-74ed-bf4f-3b082aa57370,413840966,,GAO LAN 811,,CN,China (People's Republic of),"Cargo ships, all ships of this type",Cargo,68.0,16.0,,,
01808da9-85f8-7e98-93fa-1713a4a3858f,574005800,9444962.0,HAIAN ROSE,XVKU7,PA,Panama (Republic of),"Cargo ships, all ships of this type",Container Ship,171.99001,27.6,21937.0,17515.0,2008.0
015d6269-81e0-758c-8a4c-e403363ca279,431808000,9769300.0,ONE TRADITION,7KML,MH,Marshall Islands (Republic of the),"Cargo ships, carrying DG and/or MHB, HS, or MP, IMO hazard or pollutant category Y","Cargo ships, carrying DG and/or MHB, HS, or MP, IMO hazard or pollutant category Y",400.0,58.799999,196126.0,213633.0,2017.0
014e471d-62a8-76d1-9719-07cc53c762e1,538004438,9575448.0,SEA BEIJING,V7XB3,MH,Marshall Islands (Republic of the),"Cargo ships, all ships of this type",Ore Carrier,361.0,65.639999,404389.0,199959.0,2011.0
0180873b-2168-717c-bb21-851e3a3ef294,574114000,9428504.0,VIET THUAN 235 01,3WTO,VN,Viet Nam (Socialist Republic of),"Cargo ships, all ships of this type",Bulk Carrier,165.45,25.059999,23377.0,14639.0,2008.0
0173f0f2-7b90-770a-a34b-7b6240cfe33f,440251000,9886079.0,SAWASDEE SUNRISE,D7HY,MH,Marshall Islands (Republic of the),"Cargo ships, all ships of this type",Container Ship,172.07001,27.440001,22344.0,18051.0,2020.0
014e4734-7cb8-73a1-82a4-d2384489f330,412522250,9255866.0,YUEHAITIE1HAO,BPEC3,CN,China (People's Republic of),"Passenger ships, all ships of this type",Rail/Vehicles Carrier,165.39999,22.6,5689.0,14381.0,2002.0
0193aee3-fbc8-70c8-ae0c-83dc0cb641bd,636024083,9975533.0,PUTERI SARAWAK,5LQX2,LR,Liberia (Republic of),"Tanker(s), all ships of this type",LNG Tanker,290.0,46.0,94409.0,110511.0,2025.0
014e4712-9508-7d10-bb1c-0a899d44cf5b,538003278,9352418.0,NAVIOS DESTINY,V7PS5,MH,Marshall Islands (Republic of the),"Cargo ships, carrying DG and/or MHB, HS, or MP, IMO hazard or pollutant category OS",Container Ship,260.70001,32.279999,50648.0,39906.0,2009.0
014e46ec-82f0-7e8f-92f8-782c5a51dcb7,414736000,9523043.0,XIN WEN ZHOU,BPKJ,CN,China (People's Republic of),"Cargo ships, all ships of this type",Container Ship,255.0,37.0,67052.0,47917.0,2013.0
014e46f4-7de8-7bda-9f8d-034c43faee43,477238800,9412799.0,SITC RIZHAO,VRXV5,PA,Panama (Republic of),"Cargo ships, all ships of this type",Container Ship,161.85,25.6,17815.0,13596.0,2007.0
014e46eb-65c8-76eb-8cfd-05a56a368a1a,314197000,9582491.0,BLUE LOUISE,8PVR,PA,Panama (Republic of),"Cargo ships, no additional information","Cargo ships, no additional information",228.99001,32.259998,82030.0,43268.0,2012.0
016c947b-14f0-769c-a886-7322fae78094,413220120,9842334.0,ZHONG GU HUANG HAI,BOCL7,CY,Cyprus (Republic of),"Cargo ships, all ships of this type",Container Ship,171.95,27.540001,24123.0,18490.0,2019.0
014e46eb-6d98-74ad-bbcf-e8f05d5e568d,477698400,9666869.0,MILD WALTZ,VRNL7,HK,China (People's Republic of) - Hong Kong (Special Administrative Region of China),"Cargo ships, carrying DG and/or MHB, HS, or MP, IMO hazard or pollutant category X",Container Ship,147.89999,23.25,13272.0,9994.0,2014.0
0173223e-ecc0-7a1b-9915-8e12a99ddf8d,538009167,9833008.0,INDURO,V7A4404,MT,Malta,"Cargo ships, carrying DG and/or MHB, HS, or MP, IMO hazard or pollutant category X",Container Ship,172.0,28.450001,23417.0,19035.0,2020.0
014e4748-5aa8-7f9b-9413-26e93ad9ec10,414342000,9302580.0,FAN YA GUANG ZHOU,BOAD,MH,Marshall Islands (Republic of the),"Cargo ships, carrying DG and/or MHB, HS, or MP, IMO hazard or pollutant category OS","Cargo ships, carrying DG and/or MHB, HS, or MP, IMO hazard or pollutant category OS",294.04999,32.200001,68134.0,54214.0,2006.0
014e46ea-6010-766a-a572-e98c0fee4f48,416426000,9301275.0,YM HEIGHTS,BLII,TW,China (People's Republic of) - Taiwan (Province of China),"Cargo ships, carrying DG and/or MHB, HS, or MP, IMO hazard or pollutant category OS",Container Ship,168.8,27.299999,19104.0,15167.0,2005.0
014e47ca-7740-7def-83e4-b0a285d1b475,566886000,9457658.0,WAN HAI 516,9V7582,SG,Singapore (Republic of),"Cargo ships, carrying DG and/or MHB, HS, or MP, IMO hazard or pollutant category Y","Cargo ships, carrying DG and/or MHB, HS, or MP, IMO hazard or pollutant category Y",259.0,37.3,57830.0,47250.0,2013.0
016b59b8-8f60-7297-9dd4-ac5b48118066,538012924,9731200.0,PASAY,V7B3500,PA,Panama (Republic of),"Cargo ships, all ships of this type",Bulk Carrier,240.0,39.0,100535.0,54946.0,2019.0
014e4745-8fd0-7f0e-a1cf-2b47267f8458,441266000,9347449.0,KMTC MUNDRA,D7UW,PA,Panama (Republic of),"Cargo ships, carrying DG and/or MHB, HS, or MP, IMO hazard or pollutant category X",Container Ship,304.07001,40.0,80855.0,75488.0,2008.0
018088d6-e778-732e-b3d8-06bd99743a25,412670000,9191979.0,DE JIN,BSFR,CN,China (People's Republic of),Tugs,Tug/Supply Vessel,95.300003,15.6,2190.0,2895.0,1999.0
01742e02-da48-7b8f-836c-993dac77e74c,563113200,9871452.0,WAN HAI 322,9V6492,SG,Singapore (Republic of),"Cargo ships, carrying DG and/or MHB, HS, or MP, IMO hazard or pollutant category X",Container Ship,203.5,34.84,37160.0,30676.0,2020.0
019bea1d-d3f0-7844-893b-65a471e7e57d,636093421,1114092.0,HONG RUN XIANG HE,A8RB2,CN,China (People's Republic of),"Tanker(s), all ships of this type",Oil/Chemical Tanker,136.0,20.0,11000.0,9184.0,2026.0
01808747-3b10-7457-b685-80ffe8c9c483,533130716,9154141.0,PUSAKA PRIMA,9MWY9,MY,Malaysia,"Tanker(s), all ships of this type",Asphalt/Bitumen Tanker,106.18,18.200001,4147.0,4268.0,1996.0
018f2755-d680-7335-b970-563f7dd31e81,352003913,1014199.0,WIND CORE,3E5323,PA,Panama (Republic of),"Cargo ships, all ships of this type",General Cargo,121.0,20.0,11722.0,7355.0,2024.0
014e4773-00a0-72a0-a0f1-c83fc40f33ff,525125025,9511820.0,MBS BRATAN,YDFH2,MH,Marshall Islands (Republic of the),"Cargo ships, all ships of this type",Bulk Carrier,189.99001,32.259998,53430.0,31117.0,2009.0
0196f8e3-9e88-7ea8-8394-1ad70c8dc47a,413609820,1024912.0,YUAN DONG LI YU,BPXP4,CN,China (People's Republic of),"Tanker(s), carrying DG and/or MHB, HS, or MP, IMO hazard or pollutant category Y",Oil/Chemical Tanker,100.0,16.0,4499.0,3991.0,2025.0
01a06daa-2f9e-7bd2-83ab-43fe2b6493da,413463105,,017,YYYY,CN,China (People's Republic of),"Cargo ships, carrying DG and/or MHB, HS, or MP, IMO hazard or pollutant category X","Cargo ships, carrying DG and/or MHB, HS, or MP, IMO hazard or pollutant category X",48.0,15.0,,,
018573a0-f330-77bc-9cf3-c76304e5f30e,412529475,,ZHUXIANG1868,,CN,China (People's Republic of),Fishing vessel,Unspecified,34.0,8.0,,,
01856db2-22c8-7c5c-8db6-4a35e5220161,412444913,,MINLONGYU64088,64088,CN,China (People's Republic of),Fishing vessel,Fishing,30.0,7.0,,,
014ee358-de68-71bd-a132-9de2eea9ff7a,413850324,,FULI368,,CN,China (People's Republic of),"Cargo ships, all ships of this type",Cargo,60.0,16.0,,,
019e042e-e250-713e-b502-a17130f6bc7e,412366888,,58888,XIPU,CN,China (People's Republic of),Fishing vessel,Fishing,46.0,64.0,,,
01894482-18a0-74ae-aaae-8f874ec5d78d,538010559,9947665.0,TS HAKATA,V7A6216,MH,Marshall Islands (Republic of the),"Cargo ships, carrying DG and/or MHB, HS, or MP, IMO hazard or pollutant category Z",Container Ship,148.0,23.0,13300.0,9998.0,2023.0
01899bd4-5050-7ac6-9df9-0dc00042c17d,574014926,9963671.0,HAI AU 04,XVIP4,VC,Saint Vincent and the Grenadines,Tugs,Tugs,28.57,10.8,,299.0,2023.0
014e47f8-af48-7ea9-9cca-9eda68a483af,574453000,9167514.0,VIMC PIONEER,3WPJ,VN,Viet Nam (Socialist Republic of),Reserved for future use,Container Ship,120.84,20.0,9088.0,6875.0,1998.0
014e46fc-80b0-7c9a-88b7-0163a57240ab,352830000,9412804.0,ORIENTAL BRIGHT,3EME9,PA,Panama (Republic of),"Cargo ships, carrying DG and/or MHB, HS, or MP, IMO hazard or pollutant category X",Container Ship,161.85001,25.6,17765.0,13596.0,2007.0
0174061a-9ae8-7317-b512-719d377bc891,412476310,9584528.0,HUA NAN 2,BRRA,CN,China (People's Republic of),"Tanker(s), all ships of this type",LPG/Chemical Tanker,99.989998,15.2,3221.0,3313.0,2011.0
0197f444-f790-7af2-9dd9-2a6d9423981e,574988589,,LR589 A30 7089L 94,,VN,Viet Nam (Socialist Republic of),Not available,Unspecified,10.0,10.0,,,
014e46f6-4ad8-78dd-96e7-02ad880fc326,440190000,9402512.0,KHARIS HERITAGE,D8BG,PA,Panama (Republic of),"Cargo ships, all ships of this type",Container Ship,147.0,25.0,15222.0,12545.0,2007.0
019801fb-53e8-7132-bd2f-6bb0ac793f11,636024886,9987354.0,MSC LINZIE,5LUT7,LR,Liberia (Republic of),"Cargo ships, carrying DG and/or MHB, HS, or MP, IMO hazard or pollutant category X",Container Ship,366.0,51.0,169169.0,155104.0,2025.0
01519ee0-ee80-72e9-a85e-00f158bc1acd,374298000,9708966.0,MEDI AERO,3FSE7,PA,Panama (Republic of),"Cargo ships, all ships of this type",Bulk Carrier,190.0,32.0,57517.0,32540.0,2016.0
017becd3-b698-737b-a206-c14992c9032a,563139600,9871373.0,WAN HAI 290,9V6509,SG,Singapore (Republic of),"Cargo ships, carrying DG and/or MHB, HS, or MP, IMO hazard or pollutant category OS",Container Ship,175.0,29.0,23802.0,20899.0,2021.0
01898a7b-8490-7f39-8999-47bed3552332,441491000,9946659.0,SAWASDEE DENEB,D8OV,MH,Marshall Islands (Republic of the),"Cargo ships, carrying DG and/or MHB, HS, or MP, IMO hazard or pollutant category Y",Container Ship,172.0,27.4,22200.0,17500.0,2023.0
014e46eb-5240-7c9e-b467-46d245d08aaa,256944000,9363053.0,SIDARI,9HGG9,MT,Malta,"Cargo ships, all ships of this type",Bulk Carrier,225.0,32.259998,75204.0,40327.0,2007.0
01822507-fa00-736e-b575-8717b43f6f11,563166100,9893993.0,EVER ATOP,9V7624,SG,Singapore (Republic of),"Cargo ships, carrying DG and/or MHB, HS, or MP, IMO hazard or pollutant category OS",Container Ship,399.0,62.0,241000.0,236228.0,2022.0
014e47a7-7268-7801-b33f-3d875e11b589,567543000,9401403.0,ALINYA,HSB5982,PA,Panama (Republic of),"Tanker(s), all ships of this type",Chemical Tanker,128.72,20.0,12999.0,7745.0,2009.0
0186acb1-86e8-71ce-ae9c-dbc3cf763a30,412068000,9364746.0,DE MING HAI,BQBO,CN,China (People's Republic of),"Cargo ships, all ships of this type",Bulk Carrier,225.0,32.26,76431.0,40892.0,2008.0
014e47f5-3890-78bd-910e-657e57774769,567304000,9293246.0,VIRA BHUM,HSGG2,TH,Thailand,"Cargo ships, all ships of this type",Container Ship,194.5,32.310001,31300.0,24955.0,2005.0
019882af-e3f0-7507-bcb5-4d308629f161,219100000,9622239.0,SAN AUGUSTIN MAERSK,OXUN2,DK,Denmark,"Cargo ships, carrying DG and/or MHB, HS, or MP, IMO hazard or pollutant category OS",Container Ship,333.20001,48.32,128653.0,118938.0,2013.0
014e4705-1018-7efd-8a87-b7547c67ff20,477614900,9423956.0,OCEAN EMPEROR,VRFU7,HK,China (People's Republic of) - Hong Kong (Special Administrative Region of China),"Cargo ships, all ships of this type",Bulk Carrier,295.0,46.0,182142.0,94921.0,2010.0
019e3a08-dd40-78af-add3-7b23ffdfc878,412485544,,YUEPOYU20809,,CN,China (People's Republic of),Fishing vessel,Fishing,7.0,3.0,,,
014f87b5-0a68-7c8d-ba35-c92793d4409a,636024610,9689706.0,MARIGO P,5LTK9,GR,Greece,"Cargo ships, all ships of this type",Bulk Carrier,292.0,45.0,179218.0,94009.0,2016.0
014e9f18-4220-7a43-bf5c-d4f4c5765122,235111639,9719496.0,BW LIBRA,2IPF6,GB,United Kingdom of Great Britain and Northern Ireland,"Tanker(s), all ships of this type",LPG Tanker,225.17,36.630001,54561.0,47922.0,2015.0
0180879b-5268-7af0-9c1c-c06982a61c7f,412520212,,QIONGSANSHAYU00225,0,CN,China (People's Republic of),Fishing vessel,Fishing,59.0,9.0,,,
014e4764-04b0-79ee-ae73-60cd18a29d3d,636015476,9445227.0,FPMC B LUCK,D5AZ5,LR,Liberia (Republic of),"Cargo ships, all ships of this type",Bulk Carrier,299.7,50.0,206391.0,106385.0,2013.0
0180a684-8f78-798b-b075-abc5dd62f17f,412478672,,YUEZHUYUTUO41030,,CN,China (People's Republic of),Fishing vessel,Fishing,17.0,6.0,,,
014e46f1-5d20-73cb-8454-a5ab9d425a6d,477995207,9622875.0,GOLDEN DRAGON 328,VRIQ9,HK,China (People's Republic of) - Hong Kong (Special Administrative Region of China),"Tanker(s), all ships of this type",Oil Products Tanker,50.0,25.0,1120.0,1073.0,2011.0
0197f414-db28-7860-beca-a4011598acc5,574091468,,TRAN NGOC HUNG D36,P,VN,Viet Nam (Socialist Republic of),Fishing vessel,Fishing,24.0,10.0,,,
0197fdcf-c308-76b4-bf2f-56154f3b5d23,225250103,,22525 3 87,,ES,Spain,Not available,Unspecified,30.0,3.0,,,
014e46fa-b7a8-7475-91b6-3e5bd9965d68,563001200,9308637.0,MAERSK SOFIA,9V5247,LU,Luxembourg,"Cargo ships, carrying DG and/or MHB, HS, or MP, IMO hazard or pollutant category OS",Container Ship,335.42999,43.169998,102681.0,93511.0,2007.0
0180874a-dcc0-7deb-b01d-14eef6079fd2,477995139,9504009.0,GOLDEN DRAGON 288,VRDT4,HK,China (People's Republic of) - Hong Kong (Special Administrative Region of China),"Tanker(s), all ships of this type",Bunkering Tanker,49.900002,15.0,1977.0,1223.0,2008.0
01872719-f000-74de-99e8-d8c033f626e8,440442000,9946647.0,SAWASDEE SPICA,D8HO,PA,Panama (Republic of),"Cargo ships, all ships of this type",Container Ship,172.0,27.0,22200.0,17500.0,2023.0
014e46ed-80d8-771a-a0e3-a1415a88a9b7,413382250,9484314.0,YIN GUI,BPXS8,CN,China (People's Republic of),"Tanker(s), carrying DG and/or MHB, HS, or MP, IMO hazard or pollutant category Y",Oil/Chemical Tanker,134.85001,22.0,12490.0,8551.0,2008.0
014e46ea-0a20-7d28-8aba-41510b11d7a9,636014630,9469625.0,DANAOS,A8VM6,LR,Liberia (Republic of),"Cargo ships, all ships of this type",Bulk Carrier,292.0,45.0,176461.0,91412.0,2011.0
014e4711-fcb0-7f69-9b9e-718367bff3e8,477947600,9484297.0,COSCO DURBAN,VRKR5,HK,China (People's Republic of) - Hong Kong (Special Administrative Region of China),"Cargo ships, carrying DG and/or MHB, HS, or MP, IMO hazard or pollutant category X",Container Ship,261.04001,32.299999,50006.0,40447.0,2012.0
01758c58-4af0-795c-bcfb-1b4f0a6d1170,477630300,9887683.0,HUI ZHI HAI,VRTQ5,HK,China (People's Republic of) - Hong Kong (Special Administrative Region of China),"Cargo ships, all ships of this type",Bulk Carrier,299.95001,50.040001,210918.0,108847.0,2020.0
01887f9d-5b58-792e-8073-b25a1cbec059,538010690,9951721.0,TS VANCOUVER,V7A7269,MH,Marshall Islands (Republic of the),"Cargo ships, carrying DG and/or MHB, HS, or MP, IMO hazard or pollutant category OS",Container Ship,185.89999,35.0,37412.0,29658.0,2023.0
01774777-41f0-745b-8ef9-07c28c0b4880,219027748,9885130.0,NAKSKOV MAERSK,OYLZ2,DK,Denmark,"Cargo ships, carrying DG and/or MHB, HS, or MP, IMO hazard or pollutant category Y",Container Ship,172.0,32.0,27639.0,26255.0,2021.0
0171ed31-f758-793e-b0e3-2f45fad89e19,574004490,9844019.0,PTSC 10,3WBZ7,VN,Viet Nam (Socialist Republic of),Tugs,Tugs,35.0,12.0,217.0,484.0,2019.0
018087a6-cfd0-7766-ad15-875c182d0628,413608520,9545338.0,HAIYANGSHIYOU 609,BPXJ6,CN,China (People's Republic of),Other types of ship,Multi Purpose Offshore Vessel,69.599998,14.8,1913.0,1916.0,2008.0
0177ecb4-6f80-7c55-83f2-ce5870c1ccaa,477206100,9854569.0,CL BAISE,VRXG6,LR,Liberia (Republic of),"Cargo ships, all ships of this type",Bulk Carrier,299.95,50.0,208000.0,108000.0,2021.0
014e4799-5908-7825-82ff-e8a8521bd797,413521610,9633111.0,YUE HAI TIE 3 HAO,BPEC9,CN,China (People's Republic of),"Passenger ships, all ships of this type",Rail/Vehicles Carrier,188.0,26.0,6557.0,23217.0,2011.0
019342c8-2bf8-70bb-84b5-ffe2334766da,352004766,9989089.0,SOUTHERN RESPECT,3E7013,PA,Panama (Republic of),"Tanker(s), all ships of this type",Crude Oil Tanker,243.8,44.0,115000.0,60177.0,2025.0
014e46ea-0e08-798a-8db8-57e3c5253313,565661000,9342504.0,MAERSK ANTARES,9VHK7,SG,Singapore (Republic of),"Cargo ships, carrying DG and/or MHB, HS, or MP, IMO hazard or pollutant category X",Container Ship,337.60001,45.599998,122405.0,109534.0,2007.0
014e4704-6438-7b91-aafe-0e4ea47c6659,354203000,9250220.0,MEDITERRANEANHIGHWAY,H9WT,PA,Panama (Republic of),"Cargo ships, all ships of this type",Vehicles Carrier,200.0,32.0,17228.0,55493.0,2002.0
014e47c3-0118-78a0-8ef4-885ca22b72d9,636090967,9314961.0,MONACO,A8IF2,LR,Liberia (Republic of),"Cargo ships, no additional information","Cargo ships, no additional information",222.17,30.040001,39200.0,28927.0,2006.0
014e46ec-a618-7a22-8038-90230147cbcd,414381000,9233521.0,ZHUN XING 7,BTJE3,CY,Cyprus (Republic of),"Cargo ships, all ships of this type",Bulk Carrier,225.0,32.23,74255.0,38841.0,2001.0
019134eb-7d70-7e62-8052-9170d6f00068,413600690,1064986.0,AN JI HAI YANG,BPVP6,CN,China (People's Republic of),Other types of ship,Research/Survey Vessel,73.0,14.0,80.0,2089.0,2024.0
014e46eb-1b90-76f1-91ed-a9f620b05467,636021760,9317925.0,MSC TAMPA V,5LFN8,LR,Liberia (Republic of),"Cargo ships, carrying DG and/or MHB, HS, or MP, IMO hazard or pollutant category X","Cargo ships, carrying DG and/or MHB, HS, or MP, IMO hazard or pollutant category X",294.12,33.16,53880.0,53481.0,2006.0
014e4d27-f870-7eda-bf3a-72f98cc77820,212505000,9579030.0,STENA SUPERIOR,5BRM6,BM,United Kingdom of Great Britain and Northern Ireland - Bermuda,"Tanker(s), all ships of this type",Crude Oil Tanker,274.0,48.0,159000.0,81232.0,2011.0
019ac8e2-eb90-7986-a39d-cb7dd715891b,352005692,1014058.0,GAS KING,HOA4612,PA,Panama (Republic of),"Tanker(s), all ships of this type",LPG Tanker,227.0,37.0,57447.0,51899.0,2026.0
0197fa7a-ac68-71d6-a4bb-8ed4e9ed3b98,574128284,,DK1 2,,VN,Viet Nam (Socialist Republic of),Not available,Unspecified,0.0,0.0,,,
01856b22-82f0-7102-aa5d-faa6489d1fb6,412536624,,SHENNAN1899,0001899,CN,China (People's Republic of),Fishing vessel,Fishing,39.0,9.0,,,
019fdcc8-5f78-78d7-81b5-19b13e5977a5,574560246,,RX LOC SON 4 F40,1234567,VN,Viet Nam (Socialist Republic of),Fishing vessel,Fishing vessel,,12.0,,,
01808738-46f0-7645-b478-2c183ac27b24,413880000,9398943.0,YUAN YANG HU,BQCH,CN,China (People's Republic of),"Tanker(s), all ships of this type",Crude Oil Tanker,330.0,60.0,297305.0,153305.0,2010.0
015667fa-ec68-77ac-af8c-b1f661e93d79,414784000,9747364.0,TIAN HONG ZUO,BPFH,CN,China (People's Republic of),"Tanker(s), all ships of this type",Crude Oil Tanker,220.0,32.0,64985.0,40779.0,2016.0
018379ee-54f0-7cf3-b9de-edc27a17702a,574014811,9949376.0,HAI AU 03,XVCT4,VC,Saint Vincent and the Grenadines,Tugs,Tugs,28.57,10.8,100.0,299.0,2022.0
0197f6b1-b1d0-791d-8673-a0078b3e75a9,636024369,1029481.0,JIN YUAN MEN,5LSG6,CN,China (People's Republic of),"Cargo ships, all ships of this type",Bulk Carrier,199.0,32.0,63550.0,35639.0,2025.0
014e47b5-5130-78f5-a5ee-a25f8bd1bd9c,431557000,9207754.0,PROCYON LEADER,7KAX,PA,Panama (Republic of),"Cargo ships, all ships of this type",Vehicles Carrier,179.89999,32.200001,16898.0,53645.0,2000.0
014e4852-f4a8-76d6-9447-6d0318c7b6c3,355368000,9242687.0,TRUONG LONG 02,HOLZ,PA,Panama (Republic of),"Cargo ships, all ships of this type",Wood Chips Carrier,228.92999,35.400002,62806.0,48191.0,2002.0
014e47ed-e590-7768-8e76-bea7eef2c493,477995357,9677014.0,PACIFIC TRUST,VRS4723,HK,China (People's Republic of) - Hong Kong (Special Administrative Region of China),"Tanker(s), all ships of this type",Oil Products Tanker,48.040001,14.0,1393.0,1187.0,2013.0
014e4704-1230-7973-a46d-126e4d2011b7,566358000,9704087.0,CAPE EXCELSIOR,9V2903,SG,Singapore (Republic of),"Cargo ships, all ships of this type",Bulk Carrier,299.88,47.5,187888.0,99212.0,2015.0
0186598d-5118-78b4-bc17-a99ee7170408,256381000,9936197.0,CNC CHEETAH,9HA5817,MT,Malta,"Cargo ships, all ships of this type","Cargo ships, all ships of this type",185.99001,36.0,37565.0,33300.0,2023.0
0197f3d5-49b8-7bfa-8ec7-679af073386d,412520179,,QIONGSANSHAYU00212,0,CN,China (People's Republic of),Fishing vessel,Fishing,59.0,9.0,,,
014e4b1e-5d30-78eb-925f-cd872881cfea,249346000,9400289.0,NAVARINO,9HA4024,GR,Greece,"Cargo ships, carrying DG and/or MHB, HS, or MP, IMO hazard or pollutant category Z",Container Ship,335.0,43.0,102302.0,91354.0,2010.0
014e503e-e8e8-7a56-9de0-506a156e781b,413203280,9571179.0,YUAN DONG RU YI,BPOB7,CN,China (People's Republic of),"Tanker(s), carrying DG and/or MHB, HS, or MP, IMO hazard or pollutant category Y",Chemical Tanker,96.599998,15.0,3885.0,3139.0,2012.0
0180874c-8e58-782e-b9b1-68478c4fc791,574480000,9167851.0,PACIPIC EXPRESS,3WQO,VN,Viet Nam (Socialist Republic of),"Cargo ships, all ships of this type",Container Ship,128.5,22.4,11117.0,8333.0,1997.0
018c5669-7cb8-76f5-a046-dc3fa36098ad,477997080,1017608.0,HU SHAN,VRS6362,HK,China (People's Republic of) - Hong Kong (Special Administrative Region of China),"Tanker(s), all ships of this type",Oil Products Tanker,69.900002,15.0,2812.0,1772.0,2023.0
01656a40-42e8-712a-9ab9-c2e70e147614,372932000,9823730.0,MCC CEBU,3EZV,PA,Panama (Republic of),"Cargo ships, carrying DG and/or MHB, HS, or MP, IMO hazard or pollutant category X",Container Ship,185.99001,36.0,37621.0,32828.0,2018.0
014e46eb-1b90-738d-8638-69d6025c755e,574005970,9493951.0,VIET THUAN 56 03,XVLR7,GB,United Kingdom of Great Britain and Northern Ireland,"Cargo ships, all ships of this type",Bulk Carrier,189.99001,32.259998,58089.0,32287.0,2009.0
0193999a-8930-711f-9544-62b14e9e2d4e,413388820,9654189.0,YIN RUI,BPOK,CN,China (People's Republic of),"Cargo ships, all ships of this type",Bulk Carrier,189.98,32.259998,44945.0,29644.0,2012.0
014e46ef-22d0-721b-b7b2-10ef619b99b5,352003996,9189081.0,TIAN HAO 18,3E5388,GR,Greece,"Cargo ships, all ships of this type",Bulk Carrier,224.95,32.240002,72844.0,38564.0,1999.0
016878c9-f158-7981-be7c-5deaa0083fd7,477996280,9865817.0,GUO WEN,VRSH2,HK,China (People's Republic of) - Hong Kong (Special Administrative Region of China),"Tanker(s), all ships of this type",Oil Products Tanker,38.0,9.0,453.0,474.0,2019.0
014e46f7-2598-7034-ae0e-5120be3e8b00,574380000,9391555.0,VIEN DONG 151,3WPB,VN,Viet Nam (Socialist Republic of),"Cargo ships, all ships of this type",General Cargo,102.84,17.0,6509.0,4124.0,2006.0
019376c2-8d90-7cca-82c9-c2465c76c89e,413604860,1056123.0,XING TONG 17,BPWO7,CN,China (People's Republic of),"Tanker(s), carrying DG and/or MHB, HS, or MP, IMO hazard or pollutant category Y","Tanker(s), carrying DG and/or MHB, HS, or MP, IMO hazard or pollutant category Y",99.0,15.5,3700.0,3431.0,2024.0
014e4723-7940-73d1-a05e-109feb6ee171,636014908,9468229.0,FPMC B 201,A8XJ4,LR,Liberia (Republic of),"Cargo ships, all ships of this type",Bulk Carrier,177.85,28.6,37153.0,22852.0,2011.0
0181f022-2ec8-7ffb-af9f-ca0cc04697d3,636021814,9555175.0,WAN HAI 178,5LFU8,LR,Liberia (Republic of),"Cargo ships, carrying DG and/or MHB, HS, or MP, IMO hazard or pollutant category Y",Container Ship,171.89999,28.450001,24488.0,18848.0,2022.0
0180c0f5-d8f8-7161-b609-9bac1e96c648,477996907,9950923.0,ZHONG RAN 310,VRS6195,HK,China (People's Republic of) - Hong Kong (Special Administrative Region of China),"Tanker(s), all ships of this type",Oil Products Tanker,77.800003,15.0,3247.0,1953.0,2022.0
0168fb5f-dfd8-7b77-bd8d-8689d0283b5f,357527000,9119153.0,STEP FORWARD,3FOI3,PA,Panama (Republic of),"Cargo ships, all ships of this type",General Cargo,114.5,19.6,11728.0,7873.0,1995.0
01921655-54c0-7b5d-8089-8782478bbbdd,563237800,9935272.0,EVER MEMO,9V7641,SG,Singapore (Republic of),"Cargo ships, carrying DG and/or MHB, HS, or MP, IMO hazard or pollutant category OS",Container Ship,366.0,51.0,156305.0,165350.0,2024.0
014e4b56-f578-76fd-94f5-e3d6fbed5b77,636020886,9233856.0,HOLSATIA,5LBE8,GB,United Kingdom of Great Britain and Northern Ireland,"Cargo ships, all ships of this type",Container Ship,260.0,32.349998,50790.0,39941.0,2003.0
014e46f4-fed0-75ab-b2c0-ce20dcea251a,229347000,9512331.0,NBA MAGRITTE,9HA3255,MT,Malta,"Cargo ships, all ships of this type",Bulk Carrier,228.99001,32.259998,82099.0,43013.0,2013.0
014e4902-a538-7d06-af27-52878dd67e33,636018693,9315874.0,GSL VALERIE,A8JM3,LR,Liberia (Republic of),"Cargo ships, carrying DG and/or MHB, HS, or MP, IMO hazard or pollutant category X",Container Ship,221.0,30.030001,39200.0,28927.0,2005.0
014e46f4-c820-7bd9-b90c-6ffc88db9c3e,477960900,9325661.0,OCEAN CONFIDENCE,VRAU2,HK,China (People's Republic of) - Hong Kong (Special Administrative Region of China),"Cargo ships, all ships of this type",Bulk Carrier,289.0,45.0,175000.0,88853.0,2005.0
014e4798-ad28-72b7-9b44-f97a9c715f04,412684000,9244910.0,DE KUN,BSFT,CN,China (People's Republic of),Tugs,Tug/Supply Vessel,65.599998,14.0,1204.0,1720.0,2001.0
01981a03-c358-7db0-b35f-579729939614,574565908,,E40,1234567,VN,Viet Nam (Socialist Republic of),Fishing vessel,Fishing,26.0,6.0,,,
014e46eb-5240-7dc4-8657-f32376a5b0dc,219629000,9632131.0,MARGRETHE MAERSK,OWYZ2,DK,Denmark,"Cargo ships, carrying DG and/or MHB, HS, or MP, IMO hazard or pollutant category X",Container Ship,399.20001,59.0,214733.0,194849.0,2015.0
0190054e-8b80-7441-b3d4-df99bc927454,352003997,9981154.0,HMM MIRACLE,3E5389,PA,Panama (Republic of),"Cargo ships, carrying DG and/or MHB, HS, or MP, IMO hazard or pollutant category X",Container Ship,172.0,29.0,22850.0,18812.0,2024.0
014e4712-1038-7cf1-9dfa-9c4f8b59cf3f,477050900,9642784.0,MING DE,VRMS5,HK,China (People's Republic of) - Hong Kong (Special Administrative Region of China),"Cargo ships, all ships of this type",Bulk Carrier,229.0,32.0,82110.0,44543.0,2014.0
01808739-2980-752d-9290-a238ac86e5e1,563161900,9436185.0,MAERSK VICTORIA,9V8105,MH,Marshall Islands (Republic of the),"Cargo ships, carrying DG and/or MHB, HS, or MP, IMO hazard or pollutant category X",Container Ship,175.44,27.440001,23550.0,18257.0,2010.0
019ffaee-11f0-7e2e-8da5-ae6ce6c00461,412523892,,QIONDANYU11366,70018,CN,China (People's Republic of),"Cargo ships, all ships of this type","Cargo ships, all ships of this type",18.0,5.0,,,
0176211a-1088-7902-9510-6c36d82e71d2,636019985,9860934.0,YM TARGET,D5XC6,LR,Liberia (Republic of),"Cargo ships, carrying DG and/or MHB, HS, or MP, IMO hazard or pollutant category X",Container Ship,331.92001,48.34,132604.0,115761.0,2021.0
0198d49c-60f8-7601-b01a-50fd8fb31c7c,412446306,,MINDONGYU61555,61555,CN,China (People's Republic of),Fishing vessel,Fishing vessel,31.0,6.0,,,
01808832-df48-7683-8b79-b9dcb4f57548,412529169,,ZHUWAN3968,HHH,CN,China (People's Republic of),Fishing vessel,Fishing,31.0,8.0,,,
014e46f9-e8a0-766a-a3e1-a7dce528bf54,477182500,9639660.0,SITC FANGCHENG,VRLG3,HK,China (People's Republic of) - Hong Kong (Special Administrative Region of China),"Cargo ships, carrying DG and/or MHB, HS, or MP, IMO hazard or pollutant category X",Container Ship,143.17,22.82,12697.0,9734.0,2012.0
014e4798-95b8-780d-b18f-48a403871e33,477311600,9484285.0,COSCO COLOMBO,VRKN9,HK,China (People's Republic of) - Hong Kong (Special Administrative Region of China),"Cargo ships, carrying DG and/or MHB, HS, or MP, IMO hazard or pollutant category X",Container Ship,261.10999,32.299999,49971.0,40447.0,2012.0
01647e42-c758-78a7-9fd3-b4a123a13bdc,636019058,9395941.0,NAVIOS BAHAMAS,A8UE7,LR,Liberia (Republic of),"Cargo ships, carrying DG and/or MHB, HS, or MP, IMO hazard or pollutant category Y",Container Ship,258.89001,32.290001,52173.0,40741.0,2010.0
019fa0bd-bca8-75d2-85b4-f064d72d853f,574021269,,P2 269XNOI C40 96,,VN,Viet Nam (Socialist Republic of),Not available,Unspecified,10.0,10.0,,,
01808738-4308-7a6f-8d53-31647f5e052e,477274900,9610535.0,SITC KWANGYANG,VRJQ9,HK,China (People's Republic of) - Hong Kong (Special Administrative Region of China),"Cargo ships, carrying DG and/or MHB, HS, or MP, IMO hazard or pollutant category X",Container Ship,143.0,22.0,,,
018ca994-ced8-72e0-a7e7-4cd9dbaa2b55,413567610,1055753.0,JIANXING567,,CN,China (People's Republic of),"Tanker(s), all ships of this type",Chemical Tanker,98.900002,16.0,4776.0,3774.0,2024.0
01694513-61e0-7d70-a8f1-7f6e210783ab,574014131,9868546.0,VIET THUAN 235 02,XVFC3,VN,Viet Nam (Socialist Republic of),"Cargo ships, all ships of this type",General Cargo,150.55,27.0,23680.0,15009.0,2018.0
014e46f8-8910-730b-9cbc-1d6b7f46c4d9,273251960,9433145.0,IPANEMA,UARA3,LR,Liberia (Republic of),"Cargo ships, all ships of this type",Container Ship,179.7,27.6,25902.0,21018.0,2009.0
014e4818-c238-7c7d-a641-64843f3c636e,636022256,9224879.0,GREAT WENCHANG,5LHX6,PA,Panama (Republic of),"Cargo ships, all ships of this type",Bulk Carrier,289.0,45.049999,171381.0,87497.0,2002.0
01645def-57a0-78c1-a314-87b5debee2c5,567625000,9401398.0,YANEE,HSB9118,PA,Panama (Republic of),"Tanker(s), carrying DG and/or MHB, HS, or MP, IMO hazard or pollutant category X",Oil/Chemical Tanker,128.72,20.0,12999.0,7745.0,2009.0
019cbd0d-e390-7251-af63-563af3a423d3,636023531,1038626.0,ANJI LUCK,5LOD8,LR,Liberia (Republic of),"Cargo ships, all ships of this type",Vehicles Carrier,228.0,38.0,,,2026.0
014e47c4-2610-78c3-bc98-0a00acb0a9c8,566958000,9597551.0,APL CHARLESTON,9V9923,SG,Singapore (Republic of),"Cargo ships, all ships of this type",Container Ship,328.0,45.0,115025.0,109712.0,2013.0
014e476d-3058-7d65-a16d-d656a3be9d4e,477466300,9691113.0,SITC SHANDONG,VRNQ7,HK,China (People's Republic of) - Hong Kong (Special Administrative Region of China),"Cargo ships, carrying DG and/or MHB, HS, or MP, IMO hazard or pollutant category X",Container Ship,172.0,28.0,21355.0,17119.0,2014.0
01961929-bd40-7f2f-910d-ad1290b32791,538011495,1015753.0,MTR JUPITER,V7A3039,MH,Marshall Islands (Republic of the),"Cargo ships, all ships of this type",Bulk Carrier,182.9,32.0,40502.0,24500.0,2025.0
014e4ed6-e8c0-73ce-8197-f3a199975b2b,413499160,9568158.0,HAI YU 809,BPEF4,CN,China (People's Republic of),"Tanker(s), all ships of this type","Tanker(s), all ships of this type",145.5,23.0,16524.0,11255.0,2010.0
01809811-f7a0-7f84-9244-e307da6c3d85,412536055,,SHENSHE5069,5069,CN,China (People's Republic of),Fishing vessel,Fishing,22.0,6.0,,,
017ff90a-8e88-7833-b818-7d96b1f44c7f,352001306,9941386.0,HAMIT K,3E4042,PA,Panama (Republic of),"Cargo ships, all ships of this type",Bulk Carrier,229.0,32.0,82382.0,44618.0,2022.0
0175f2b0-abd0-775b-a171-174fc34d4a3f,636093181,9732319.0,AL MASHRAB,5LLM4,MH,Marshall Islands (Republic of the),"Cargo ships, carrying DG and/or MHB, HS, or MP, IMO hazard or pollutant category X",Container Ship,368.0,51.0,149360.0,153148.0,2016.0
015a8c40-07f8-7e2e-8a80-765510e93527,352005808,9803558.0,PACIFIC ROSE,3E9000,MH,Marshall Islands (Republic of the),"Cargo ships, all ships of this type",General Cargo,127.0,19.0,14307.0,9967.0,2017.0
014e46ec-09d8-7b89-9ebf-77ed002c61e6,215219000,9454448.0,CMA CGM VON HUMBOLD,9HA5017,GB,United Kingdom of Great Britain and Northern Ireland,"Cargo ships, carrying DG and/or MHB, HS, or MP, IMO hazard or pollutant category X",Container Ship,396.0,53.599998,186802.0,176546.0,2013.0
014e47e8-1930-725f-b5b5-7cf445fe4077,413468970,9442627.0,CHANG FA LONG,BUAC,CN,China (People's Republic of),"Cargo ships, all ships of this type",Vehicles Carrier,140.5,24.4,6560.0,19222.0,2011.0
017ac282-05f8-7ff6-972c-4a7b1f2bdd5e,352978189,9860336.0,SOUTHERN HOPE,3E2422,PA,Panama (Republic of),"Cargo ships, all ships of this type",Wood Chips Carrier,210.0,37.0,60286.0,49737.0,2021.0
014e46ef-9be8-702f-a4c3-0bad3173f282,373630000,9158276.0,AQUARIUS LEADER,3EAX2,PA,Panama (Republic of),"Cargo ships, all ships of this type",Vehicles Carrier,200.0,32.0,22815.0,58329.0,1998.0
01815c19-2a10-7c61-add0-97bba8857017,538010060,9919254.0,TS XIAMEN,V7A5538,MH,Marshall Islands (Republic of the),"Cargo ships, all ships of this type","Cargo ships, all ships of this type",172.0,28.0,24615.0,18725.0,2022.0
0180888c-9420-7b0a-8f6c-df72d174eab6,357293000,9767089.0,GOOD HORIZON,3EVK9,PA,Panama (Republic of),"Cargo ships, all ships of this type",Bulk Carrier,292.0,44.98,182342.0,94945.0,2017.0
014e4752-12f0-7fa1-9b07-ac648430a556,636026671,9560352.0,SEATTLE BRIDGE,A8LY3,PA,Panama (Republic of),"Cargo ships, all ships of this type","Cargo ships, all ships of this type",293.17999,40.0,72890.0,71787.0,2010.0
019e636f-6fa0-7984-a963-4d7c65a52988,574502313,,LUOI BA 2KHOI B4B40,,VN,Viet Nam (Socialist Republic of),Fishing vessel,Fishing,20.0,6.0,,,
014e4c20-f850-7c3d-9056-d2545db85dc8,477995137,9439448.0,GOLDEN DRAGON 238,VRCQ9,HK,China (People's Republic of) - Hong Kong (Special Administrative Region of China),"Tanker(s), carrying DG and/or MHB, HS, or MP, IMO hazard or pollutant category Y",Oil Products Tanker,54.0,15.0,1921.0,1221.0,2007.0
0150e64f-9a60-70dc-978f-c8867fc3502d,413305460,9778167.0,HAI YANG SHI YOU 760,BSEZ,CN,China (People's Republic of),Other types of ship,Research/Survey Vessel,84.800003,18.4,2007.0,5941.0,2015.0
018c94ad-13e0-766c-a6d4-f0939c652967,352003387,9998298.0,BRAVE RUBY,3E7539,PA,Panama (Republic of),"Cargo ships, all ships of this type",General Cargo,123.0,21.0,13532.0,9968.0,2024.0
01808739-fc70-79df-86c2-dec738284360,413142000,9310044.0,XIN HUANG PU,BPBP,CN,China (People's Republic of),"Cargo ships, all ships of this type",Container Ship,263.23001,32.200001,52247.0,41482.0,2005.0
014e495b-e8c8-7823-92d5-2bcfdac9bb54,636018562,9336165.0,MSC PALATIUM III,A8KD9,LR,Liberia (Republic of),"Cargo ships, all ships of this type",Container Ship,208.92999,30.08,34304.0,26435.0,2006.0
01692d7e-1ed0-7713-9c24-5e3ae1b59215,372604000,9848883.0,KMTC OSAKA,3EHZ9,PA,Panama (Republic of),"Cargo ships, carrying DG and/or MHB, HS, or MP, IMO hazard or pollutant category X",Container Ship,172.07001,27.43,22444.0,17853.0,2019.0
016cefc7-b390-7e98-972c-cd8f45e7562b,355581000,9838565.0,SOUTHERN TREASURE,3EWI2,PA,Panama (Republic of),"Cargo ships, all ships of this type",Wood Chips Carrier,210.0,37.0,60000.0,49702.0,2019.0
0180873c-e2a0-7687-b4ac-2890b9e17e27,351347000,9459448.0,MARIWIT,HPRW,PA,Panama (Republic of),"Cargo ships, all ships of this type",General Cargo,118.35,19.4,12190.0,8576.0,2009.0
014e46f6-fe88-74ee-9a3d-140ab8e6ac1a,413435950,9563756.0,TONG MAO 101,BKPN4,CN,China (People's Republic of),"Cargo ships, all ships of this type",General Cargo,140.7,20.0,13694.0,8934.0,2009.0
014eae60-8148-7960-8270-75c8c59d4d29,229334000,9706279.0,CNC BANGKOK,9HA5470,LR,Liberia (Republic of),"Cargo ships, carrying DG and/or MHB, HS, or MP, IMO hazard or pollutant category X",Container Ship,171.95,27.459999,21718.0,17907.0,2015.0
01808792-e628-7de6-8261-9657063741f8,351376000,9430727.0,GREAT PRINCESS,3EVB4,PA,Panama (Republic of),"Tanker(s), carrying DG and/or MHB, HS, or MP, IMO hazard or pollutant category X",Oil/Chemical Tanker,146.0,22.0,13897.0,9366.0,2014.0
0198cd4f-3cf8-7eec-b592-7b04dfe22a34,412466309,,YUEHUILAIYU43168,,CN,China (People's Republic of),Fishing vessel,Fishing vessel,20.0,6.0,,,
01980820-a958-7def-a943-5279e54e85d6,412279000,,HENG RONG JIANG HAI,BQHL7,CN,China (People's Republic of),"Cargo ships, all ships of this type",Cargo,210.0,36.0,,,
014e46fa-b3c0-7d8f-b59a-18171600fb21,219532000,9526887.0,MAERSK LIRQUEN,OZHU2,HK,China (People's Republic of) - Hong Kong (Special Administrative Region of China),"Cargo ships, carrying DG and/or MHB, HS, or MP, IMO hazard or pollutant category X",Container Ship,299.89999,45.900002,106043.0,89687.0,2011.0
014e47a4-49d0-7927-ba3f-5b99c44cc5c9,538010380,9427550.0,SPRING SKY,V7A5966,HK,China (People's Republic of) - Hong Kong (Special Administrative Region of China),"Cargo ships, all ships of this type",Vehicles Carrier,165.03,26.0,9301.0,25745.0,2010.0
014e47c4-c250-743c-adc8-5a0226ab34b1,563137900,9439759.0,KOTA LAYANG,9V7337,SG,Singapore (Republic of),"Cargo ships, carrying DG and/or MHB, HS, or MP, IMO hazard or pollutant category X",Container Ship,260.60999,32.34,50595.0,39906.0,2009.0
014e46f1-9ba0-7098-8caa-a3c42ee71fc5,477995253,9637997.0,CARLUNG,VRJV6,HK,China (People's Republic of) - Hong Kong (Special Administrative Region of China),"Tanker(s), carrying DG and/or MHB, HS, or MP, IMO hazard or pollutant category X",Oil Products Tanker,69.0,16.0,2734.0,1974.0,2012.0
014e47a2-c330-736a-90a7-43da5eb1e46c,567567000,9434682.0,ALISHA,HSB6519,PA,Panama (Republic of),"Tanker(s), all ships of this type",Oil/Chemical Tanker,127.9,20.4,13221.0,8550.0,2008.0
014e484b-a1a8-7198-8e3b-6964028f5459,352978233,9367803.0,SPIL NIRMALA,3E3347,LR,Liberia (Republic of),"Cargo ships, all ships of this type",Container Ship,211.85001,29.799999,34325.0,26638.0,2008.0
018625bc-68b0-7783-8afb-7e2b72badfe2,477227300,9948841.0,TRANSCENDEN FORTUNE,VRXP4,MH,Marshall Islands (Republic of the),"Cargo ships, all ships of this type",Bulk Carrier,227.2,36.0,84940.0,49445.0,2023.0
014e484b-5b58-7f62-9d8b-688e74e409e5,636012796,9319088.0,YM IMAGE,A8HX3,LR,Liberia (Republic of),"Cargo ships, all ships of this type","Cargo ships, all ships of this type",172.10001,27.299999,22033.0,16488.0,2006.0
014e46ff-2860-736b-8460-e19dca403a7b,370761000,9426130.0,EVER SUCCESS,3FZL5,PA,Panama (Republic of),"Cargo ships, all ships of this type",Bulk Carrier,189.99001,32.259998,58086.0,32309.0,2011.0
014e4725-c718-7327-b109-9be193859b8d,566282000,9681261.0,KOTA SELAMAT,9V2128,SG,Singapore (Republic of),"Cargo ships, carrying DG and/or MHB, HS, or MP, IMO hazard or pollutant category OS",Container Ship,228.0,37.0,51755.0,41653.0,2015.0
01857755-fc50-7437-aed5-bc9273f40fcc,431432000,9392353.0,MERCURY LEADER,7JZX,JP,Japan,"Cargo ships, all ships of this type",Vehicles Carrier,186.0,28.0,15045.0,42175.0,2010.0
014e4bc9-d7a0-7ef2-acaa-43e93920bd40,413377010,9641041.0,FU LONG 33,BPGQ7,CN,China (People's Republic of),"Tanker(s), all ships of this type",LPG/Chemical Tanker,109.6,18.0,4344.0,4614.0,2012.0
018d49d1-f100-7b1f-acf2-2e2134edc758,352003337,9989871.0,LIMONE,3E7494,PA,Panama (Republic of),"Cargo ships, all ships of this type",General Cargo,120.9,20.0,11712.0,7356.0,2024.0
017d7e23-d7d0-7922-ad2e-ca1e7b9c1e6c,636021130,9900772.0,MOUNT TOURMALINE,5LCL4,LR,Liberia (Republic of),"Cargo ships, all ships of this type",Bulk Carrier,299.88,50.0,209000.0,112164.0,2022.0
014e49d5-cfd0-7231-b6da-8c193e247abb,563122200,9278636.0,WINNING YOUTH,9V6993,PA,Panama (Republic of),"Cargo ships, all ships of this type",Bulk Carrier,299.95001,50.0,203195.0,101933.0,2005.0
01904e28-5b10-721d-88cc-130edaf07c72,241921000,1014577.0,AQUAGRACE,SVDX3,LR,Liberia (Republic of),"Cargo ships, all ships of this type",Bulk Carrier,199.95,32.0,64678.0,36068.0,2024.0
0196dc64-1a30-700a-9141-91c5f3a1ab05,352005509,1060758.0,MIGHTY 5,3E8760,PA,Panama (Republic of),"Cargo ships, all ships of this type",Bulk Carrier,183.0,32.0,41522.0,25836.0,2025.0
016e5d86-6498-761d-b80a-4759ca6f9652,563098400,9836660.0,CNC MARS,9V6195,SG,Singapore (Republic of),"Cargo ships, all ships of this type",Container Ship,172.0,28.0,22081.0,18652.0,2020.0
014e46fb-8e80-7bb6-bd0e-0fd3abdd4299,412362000,9080637.0,GUANG QIAN,BRWJ,CN,China (People's Republic of),"Cargo ships, all ships of this type",Bulk Carrier,224.95,32.240002,73119.0,38632.0,1995.0
01a08dc2-53b0-78d5-b3d2-f9c6f3d91785,413623518,,2,,CN,China (People's Republic of),Fishing vessel,Unspecified,38.0,8.0,,,
014e47da-d6a8-7e84-b795-9656b58dcac9,563288500,9704609.0,YM WITNESS,9V5795,HK,China (People's Republic of) - Hong Kong (Special Administrative Region of China),"Cargo ships, all ships of this type",Container Ship,368.0,51.0,145388.0,144651.0,2015.0
018ba234-acb8-7311-954a-f3f9e5aef056,352003250,9984534.0,LOWLANDS ISLAND,3E7422,PA,Panama (Republic of),"Cargo ships, all ships of this type",Bulk Carrier,199.98,32.0,63739.0,36140.0,2023.0
014e46f3-1688-70c6-bc98-8ae0628cf90b,511101856,9377729.0,DK ARTEMIS,T8A5365,PA,Panama (Republic of),"Cargo ships, all ships of this type",General Cargo,111.0,19.0,11300.0,7506.0,2007.0
014e46ea-e8c8-7bc7-9c32-2ffb4e4ee709,477848700,9645918.0,CSCL EAST CHINA SEA,VRNM3,HK,China (People's Republic of) - Hong Kong (Special Administrative Region of China),"Cargo ships, all ships of this type",Container Ship,335.0,48.669998,121185.0,116568.0,2014.0
014e48ac-c0f0-72c6-a588-b07b68ed1116,477248100,9356804.0,HF LUCKY,VRXV4,AG,Antigua and Barbuda,"Cargo ships, carrying DG and/or MHB, HS, or MP, IMO hazard or pollutant category X",Container Ship,142.75,22.629999,12793.0,9610.0,2008.0
016edc3a-94a8-7d30-9b21-af48816d76db,354690000,9869978.0,EVER CAST,H9HF,PA,Panama (Republic of),"Cargo ships, carrying DG and/or MHB, HS, or MP, IMO hazard or pollutant category OS","Cargo ships, carrying DG and/or MHB, HS, or MP, IMO hazard or pollutant category OS",172.07001,27.43,22398.0,17933.0,2020.0
0186109d-8c70-714b-bb67-af33079d3069,412482696,,ZHU WAN 37 3,,CN,China (People's Republic of),Fishing vessel,Fishing vessel,23.0,7.0,,,
018fb7d1-f770-715a-9a8c-3979aeaad430,636023774,9981104.0,STARSHIP MERCURY,5LPI7,LR,Liberia (Republic of),"Cargo ships, carrying DG and/or MHB, HS, or MP, IMO hazard or pollutant category X","Cargo ships, carrying DG and/or MHB, HS, or MP, IMO hazard or pollutant category X",197.0,32.0,37103.0,27997.0,2024.0
0185a358-cd00-74d5-a601-8c985b42adbe,667002344,9936460.0,KAPITAN SHCHETININA,9LS2047,LR,Liberia (Republic of),"Cargo ships, all ships of this type",Container Ship,171.98,32.200001,28000.0,25260.0,2023.0
0154bcbc-2318-71dd-b989-5aa04d567736,538012471,9767778.0,METIS MARU,V7B2901,PA,Panama (Republic of),"Cargo ships, all ships of this type",Bulk Carrier,199.99,32.24,60364.0,34273.0,2016.0
014e46ee-6750-796d-9247-4cbdceb8798d,413141000,9309942.0,XIN SHAN TOU,BPBO,CN,China (People's Republic of),"Cargo ships, carrying DG and/or MHB, HS, or MP, IMO hazard or pollutant category X","Cargo ships, carrying DG and/or MHB, HS, or MP, IMO hazard or pollutant category X",263.23001,32.200001,52157.0,41482.0,2005.0
014e46ff-7298-7300-a203-24bc20d1e580,351377000,9316919.0,TRUONG LONG 06,3ENF2,PA,Panama (Republic of),"Cargo ships, all ships of this type",Wood Chips Carrier,199.99001,32.200001,46900.0,39802.0,2007.0
01963712-7658-78bd-b2ce-885e48622b8c,563263200,9976173.0,ONE SINGAPORE,9V9620,SG,Singapore (Republic of),"Cargo ships, carrying DG and/or MHB, HS, or MP, IMO hazard or pollutant category X",Container Ship,336.0,51.0,161576.0,140233.0,2025.0
014e471b-3be0-75c7-b3b5-4f7033a0d245,353801000,9516519.0,YUAN WANG HAI,3FTK4,PA,Panama (Republic of),"Cargo ships, all ships of this type",Bulk Carrier,300.0,50.0,207906.0,105936.0,2011.0
017b3a33-26e0-732c-a43e-fe5a065edcc1,352978272,9920083.0,SUNRISE AUTUMN,3E3372,PA,Panama (Republic of),"Cargo ships, all ships of this type",Bulk Carrier,139.91,24.0,19999.0,13069.0,2021.0
014e4700-87f0-7457-9fce-f0fe8d622d6e,311001965,9312365.0,VW PEACE,C6JS8,KR,Korea (Republic of),"Cargo ships, all ships of this type",General Cargo,97.610001,18.799999,9423.0,6002.0,2004.0
014e536b-5178-7aac-8aee-ebf06e7b8d31,354845000,9494864.0,CONFIDENCE,3FNR4,PA,Panama (Republic of),"Cargo ships, all ships of this type",Cement Carrier,142.27,23.5,15224.0,11036.0,2010.0
019cc0f7-9cf8-7511-a7bb-d9436f6b4881,538012285,1020708.0,MYKONOS,V7B2629,CN,China (People's Republic of),"Cargo ships, all ships of this type",Bulk Carrier,299.95,50.0,210630.0,109415.0,2026.0
014e4875-3e00-75b0-97ac-878f31749bbd,636019863,9225770.0,JULIE,D5WN3,BS,Bahamas (Commonwealth of the),"Cargo ships, all ships of this type",Container Ship,195.60001,30.200001,30453.0,26061.0,2002.0
018ea3ae-1270-785b-8c86-0120ad2f3dbc,413576520,1037335.0,QUAN TAI,BPNK4,CN,China (People's Republic of),"Tanker(s), carrying DG and/or MHB, HS, or MP, IMO hazard or pollutant category Y",Chemical Tanker,119.88,18.0,7474.0,5940.0,2024.0
016106e1-5858-71d2-a2c8-2eaabed21a40,601002650,9538751.0,CAPE JASMINE,ZS9485,PA,Panama (Republic of),"Cargo ships, all ships of this type",Bulk Carrier,292.0,45.0,176330.0,91349.0,2012.0
015ea1ac-c8e8-756d-a14c-01fa3ea43b90,371364000,9643726.0,DIRECTION SW,3FWJ8,PA,Panama (Republic of),"Cargo ships, no additional information",Bulk Carrier,134.52,22.200001,16410.0,9998.0,2012.0
0197f428-6710-7236-af20-1b420861225a,414839000,,XIN TAI HAI,BPHD6,CN,China (People's Republic of),"Cargo ships, carrying DG and/or MHB, HS, or MP, IMO hazard or pollutant category OS","Cargo ships, carrying DG and/or MHB, HS, or MP, IMO hazard or pollutant category OS",226.0,40.0,,,
0194ced0-1150-7c6b-aa24-dd055d55466a,413698170,9667318.0,REN JIAN GUANGZHOU,BPLC5,CN,China (People's Republic of),"Cargo ships, all ships of this type",Container Ship,179.89999,27.0,27546.0,19296.0,2013.0
014e4764-0c80-7b4c-94c5-dbb0e47036b9,249662000,9445576.0,CMA CGM DEBUSSY,9HA6344,LR,Liberia (Republic of),"Cargo ships, carrying DG and/or MHB, HS, or MP, IMO hazard or pollutant category X",Container Ship,262.06,32.25,51687.0,41358.0,2009.0
0179dab5-0518-7cf0-8a27-62513ed9cafb,477708900,9900655.0,NEW ERA,VRUB9,HK,China (People's Republic of) - Hong Kong (Special Administrative Region of China),"Tanker(s), all ships of this type",Crude Oil Tanker,332.59,60.040001,307645.0,162902.0,2021.0
01550ef6-1ff8-7b22-9dd7-54c8a5ed706a,249622000,9696084.0,CMA CGM FUJI,9HA6330,CY,Cyprus (Republic of),"Cargo ships, carrying DG and/or MHB, HS, or MP, IMO hazard or pollutant category OS",Container Ship,184.89999,30.040001,25283.0,25165.0,2016.0
014e4abb-d688-7997-a1a4-54d9d2f73c90,566894000,9632777.0,KOTA MACHAN,9V9976,SG,Singapore (Republic of),"Cargo ships, all ships of this type",Container Ship,221.0,35.0,45349.0,37304.0,2013.0
014e46f4-2fc8-7cae-8cde-531640b7b0fc,538012708,9303168.0,DREAM BEAUTY,V7B3226,MH,Marshall Islands (Republic of the),"Cargo ships, all ships of this type",Ro-Ro Cargo,187.0,28.0,,,
0197f703-b5e8-7f31-8642-81f448e44ffb,413442490,,HUA RUI 52,BLTE7,CN,China (People's Republic of),"Cargo ships, all ships of this type",Cargo,100.0,16.0,,,
014e4854-f460-7d77-bff6-22a96e6294cc,542543110,8413021.0,DARYA MAJU,E6UJ2,CY,Cyprus (Republic of),"Cargo ships, all ships of this type",Cement Carrier,146.0,22.809999,17825.0,10405.0,1985.0
014e4712-9120-79b6-953e-1c180b980878,432823000,9441934.0,BAOSTEEL EMOTION,7JKC,JP,Japan,"Cargo ships, all ships of this type",Ore Carrier,319.57999,54.0,226434.0,119446.0,2011.0
0169e638-a5d0-7e24-9166-6c548842a670,477351200,9516492.0,HENG MAO,VRIC9,HK,China (People's Republic of) - Hong Kong (Special Administrative Region of China),"Cargo ships, all ships of this type",Bulk Carrier,300.0,50.0,207980.0,106497.0,2011.0
0189073f-1128-7a49-8e0a-df65b560712c,352002889,1020576.0,XIN LIN HAI 19,3E4665,PA,Panama (Republic of),"Cargo ships, all ships of this type",General Cargo,116.0,18.0,8597.0,5495.0,2022.0
0198039c-51e8-74dd-b64a-2ffafd2cfb37,574077564,,30 VUON LEN L CH B10,,VN,Viet Nam (Socialist Republic of),Science / Research vessel,Unspecified,0.0,30.0,,,
01808944-6aa0-7445-a8ab-b61d5d88cd79,413488420,,HUASHENGLUNDU01,,CN,China (People's Republic of),"Cargo ships, all ships of this type",Cargo,36.0,11.0,,,
014e5e03-df88-7fa8-ae1a-f1701504a547,412356090,,XINGTAILONG366,PPPPPPP,CN,China (People's Republic of),"Cargo ships, all ships of this type",Cargo,53.0,9.0,,,
016aaf7e-f818-742a-9a62-508a4cad934b,416039000,9790074.0,EVER BLESS,BKLT,TW,China (People's Republic of) - Taiwan (Province of China),"Cargo ships, carrying DG and/or MHB, HS, or MP, IMO hazard or pollutant category OS",Container Ship,210.98,33.0,36972.0,32691.0,2019.0
01856ab1-a080-7922-8044-3fab395d6c76,431864000,9942017.0,GLORIOUS ROSE,7KNW,JP,Japan,"Cargo ships, all ships of this type",Wood Chips Carrier,199.89999,32.0,50000.0,41300.0,2022.0
0197f3de-bbb0-79d5-ab7b-94fb6e010d7a,412521926,,QIONGDANYU16668,1666800,CN,China (People's Republic of),Fishing vessel,Fishing,28.0,5.0,,,
014e46ef-ab88-7ce8-98bc-9350c9624d1c,255915694,9306184.0,ESL SANA,CQ2152,LR,Liberia (Republic of),"Cargo ships, carrying DG and/or MHB, HS, or MP, IMO hazard or pollutant category X",Container Ship,304.0,40.060001,81273.0,73934.0,2006.0
018f23e6-ea98-7052-ba5e-e22db24a513f,352003238,1019101.0,ANBIEN SKY,3E7415,PA,Panama (Republic of),"Cargo ships, all ships of this type",Container Ship,172.0,28.0,24454.0,18852.0,2024.0
014e4b7a-b9b8-7af6-a39b-778b9ccb10ee,636025256,9639402.0,SHENG HANG 005,5LWO3,CN,China (People's Republic of),"Tanker(s), carrying DG and/or MHB, HS, or MP, IMO hazard or pollutant category OS",Oil/Chemical Tanker,176.2,27.0,27212.0,18451.0,2013.0
0182f78b-0760-7de3-a987-95870a5d2a2e,413385020,9958420.0,RUI GAO GE JU,BPAT2,CN,China (People's Republic of),"Tanker(s), carrying DG and/or MHB, HS, or MP, IMO hazard or pollutant category Y",Oil/Chemical Tanker,99.900002,16.0,4000.0,3655.0,2022.0
014e4abe-43a0-7d41-8754-0d1baba18dbc,636014591,9397779.0,FPMC C INTELLIGENCE,A8VE4,LR,Liberia (Republic of),"Tanker(s), all ships of this type",Crude Oil Tanker,333.0,60.040001,301861.0,159869.0,2010.0
01896ce7-b1d8-7c00-a095-20ccf25e8782,352002938,9982988.0,CRUX TWIN,3E4695,PA,Panama (Republic of),"Cargo ships, all ships of this type",General Cargo,119.0,21.0,13531.0,9931.0,2023.0
014e4cf2-3e88-756f-8a76-46af46a4aa49,574003740,9167411.0,AMBER,XVJV7,SG,Singapore (Republic of),"Tanker(s), all ships of this type",LPG Tanker,99.599998,15.5,4281.0,3465.0,1998.0
018087c4-a488-7827-b18f-5c83a2e81383,412019000,9162019.0,ZHONG TUO 98,BQYT,CN,China (People's Republic of),"Cargo ships, all ships of this type","Cargo ships, all ships of this type",225.0,32.200001,71372.0,37663.0,1997.0
014e4749-b268-7170-8e07-7948694d84ea,352005807,9284855.0,VIET THUAN 80 07,3E8998,PH,Philippines (Republic of the),"Cargo ships, all ships of this type",Bulk Carrier,225.0,32.259998,76466.0,39974.0,2004.0
01616472-7088-77ae-bd73-19848319f969,416032000,9786968.0,EVER BASIS,BKLG,TW,China (People's Republic of) - Taiwan (Province of China),"Cargo ships, carrying DG and/or MHB, HS, or MP, IMO hazard or pollutant category OS",Container Ship,211.89999,33.0,37301.0,33266.0,2018.0
0191a804-b330-7a82-9d2f-4e68ca53b84a,413577230,1064431.0,JIAN XING 158,,CN,China (People's Republic of),"Tanker(s), carrying DG and/or MHB, HS, or MP, IMO hazard or pollutant category Y",Chemical Tanker,92.0,13.0,2735.0,2536.0,2024.0
014e483d-e9f0-731f-a8e4-6d1206686857,241725000,9534016.0,MARAN LYNX,SVDJ3,SG,Singapore (Republic of),"Tanker(s), all ships of this type",Crude Oil Tanker,333.0,60.0,318833.0,164580.0,2011.0
01523363-e5f8-7f75-8dad-cd898bbb9d86,441106000,9718961.0,PAN FUTURE,D7KF,PA,Panama (Republic of),"Cargo ships, all ships of this type",Bulk Carrier,229.0,32.299999,82048.0,43956.0,2016.0
014e46ea-f868-7390-9f9f-bf53d43b5475,414283000,9189108.0,JINNING17,BPDT8,GR,Greece,"Cargo ships, all ships of this type",Bulk Carrier,224.95,32.240002,72891.0,38564.0,1999.0
017940fe-6b30-7923-88d4-d57e17ef24fb,219027760,9885142.0,NORDBORG MAERSK,OYJB2,DK,Denmark,"Cargo ships, carrying DG and/or MHB, HS, or MP, IMO hazard or pollutant category X",Container Ship,172.0,32.0,27538.0,26255.0,2021.0
01807ded-c098-7046-8d1d-0b88018516fb,477809100,9941104.0,XIN AN,VRUK6,HK,China (People's Republic of) - Hong Kong (Special Administrative Region of China),"Cargo ships, carrying DG and/or MHB, HS, or MP, IMO hazard or pollutant category X","Cargo ships, carrying DG and/or MHB, HS, or MP, IMO hazard or pollutant category X",172.0,29.0,,,
0186c9d9-6100-76a1-a234-2275a64c39ef,413514090,9958585.0,HONG JIA,BPFC2,CN,China (People's Republic of),"Tanker(s), all ships of this type",LPG Tanker,99.949997,17.0,4346.0,4498.0,2023.0
014e46ea-d540-7866-b3b9-0b89a992adca,477967300,9700938.0,SITC FUJIAN,VRNQ5,HK,China (People's Republic of) - Hong Kong (Special Administrative Region of China),"Cargo ships, carrying DG and/or MHB, HS, or MP, IMO hazard or pollutant category X",Container Ship,171.99001,27.639999,21196.0,17360.0,2015.0
014e4819-8970-7492-b4de-d8cff62130aa,477242700,9337171.0,COSPEARL LAKE,VRMH6,HK,China (People's Republic of) - Hong Kong (Special Administrative Region of China),"Tanker(s), all ships of this type",Crude Oil Tanker,330.0,60.040001,298195.0,156915.0,2008.0
014e53c1-d200-76b1-9ade-82b9d7b50dba,412476050,9541253.0,HUA XIANG,BOMS,CN,China (People's Republic of),Tugs,Tug/Supply Vessel,60.0,16.0,1744.0,1706.0,2009.0
019e7185-a320-7a90-a677-4eadbefac256,574946430,,81 DAU GHE C9 C11,1234567,VN,Viet Nam (Socialist Republic of),Fishing vessel,Fishing,,,,,
014e46fb-09b0-7436-a582-df0559deb279,413523190,9734472.0,LI MU LING,BOVT4,CN,China (People's Republic of),"Passenger ships, all ships of this type",Ro-Ro/Passenger Ship,123.9,20.0,2123.0,10940.0,2014.0
01808737-a2e0-7fcf-b4e0-d68e578caeec,477996332,,SEA STAR,SSD,HK,China (People's Republic of) - Hong Kong (Special Administrative Region of China),"HSC, all ships of this type",High Speed Craft,32.0,8.0,,,2019.0
019ec1ca-0da8-792e-9488-9c2628979f01,574001729,,THIEN PHAT,,VN,Viet Nam (Socialist Republic of),Fishing vessel,Fishing,,,,,
019e0611-fe18-7c94-b2b4-be8c35bbd0e7,574183458,,CAU LOI D12,1234567,VN,Viet Nam (Socialist Republic of),Fishing vessel,Fishing,26.0,6.0,,,
0188e305-cc20-7bbf-b529-dfc666c2b705,574445625,,P6 LNOI 49 A32,BO12345,VN,Viet Nam (Socialist Republic of),Not available,Unspecified,98.0,,,,
014e46ec-57f8-7d51-a8a7-b4dead8597ea,667002550,1130383.0,XIN WANG TAI,9LS2253,CN,China (People's Republic of),"Tanker(s), carrying DG and/or MHB, HS, or MP, IMO hazard or pollutant category Y",Tanker,117.0,19.0,9168.0,6385.0,2008.0
019e3d48-b278-7b6a-b7a9-43d647383cce,574510579,,P8 XN 34 A30 94,,VN,Viet Nam (Socialist Republic of),Not available,Unspecified,10.0,10.0,,,
014e5f19-6668-77da-93ac-8a09c8540d5f,352002864,9560998.0,TTP59,3E4644,PA,Panama (Republic of),"Cargo ships, all ships of this type",General Cargo,106.0,16.0,,,
018cc2dc-1b30-7adb-90ea-3eacd9f13464,412488583,,YUELEIYU13389,13389,CN,China (People's Republic of),Fishing vessel,Fishing,46.0,8.0,,,
0191b7d3-ba40-7c7e-aa08-e823f63c8235,413458020,,RUI YUN 5,BKVW6,CN,China (People's Republic of),"Tanker(s), all ships of this type",Tanker,97.0,15.0,,,
019ff8f4-ce48-75ce-acd9-36c29af0ab26,412529159,,YANGPO0222,0222,CN,China (People's Republic of),Fishing vessel,Fishing vessel,36.0,9.0,,,
019e3bc0-d610-7b40-b956-1c1a8c1a5c94,574185555,,GHE,NEO,VN,Viet Nam (Socialist Republic of),Fishing vessel,Fishing,,,,,
01983656-4828-72e2-8ff0-ca3e5c9b815d,412533988,,YUESHANCHENGYU15558,,CN,China (People's Republic of),Fishing vessel,Fishing,27.0,6.0,,,
019e21fc-7a18-7f1e-8787-4b5eee7608a1,574036690,,HOANG GIA,,VN,Viet Nam (Socialist Republic of),Fishing vessel,Fishing,,,,,
0180873d-bd60-76e7-8dad-7a852444adce,412529042,,ZHUWAN3790,N3790,CN,China (People's Republic of),Fishing vessel,Fishing vessel,29.0,8.0,,,
019e0525-5810-7bd8-bada-8e2e1bdb9272,574050001,,TRUNG SO C13 P9 34,,VN,Viet Nam (Socialist Republic of),Not available,Unspecified,60.0,40.0,,,
019e0461-dd18-7f39-bab3-30f980c3b212,574198419,,98 LUU LXN B4,123456,VN,Viet Nam (Socialist Republic of),Fishing vessel,Fishing,26.0,6.0,,,
0180882c-0560-7531-949f-986d4aaf9215,574078068,8008553.0,SAO MAI 01,3WJA,VN,Viet Nam (Socialist Republic of),"Cargo ships, all ships of this type",Multi Purpose Offshore Vessel,64.669998,14.13,1550.0,1276.0,1981.0
019802ff-5e38-7973-82a3-b78f0bfea94c,574562294,,43THAO A2,1234567,VN,Viet Nam (Socialist Republic of),Fishing vessel,Fishing,26.0,6.0,,,
0180a0d0-0508-7f23-a19a-14e620303226,413994916,,LIHANG005,0000,CN,China (People's Republic of),"Cargo ships, all ships of this type",Cargo,49.0,13.0,,,
0197f495-0b90-7ba6-bfef-0dc281fbc68c,412459760,,HUAYUN968,BPIN4,CN,China (People's Republic of),"Cargo ships, all ships of this type",Cargo,98.0,16.0,,,
0197f832-fe88-772e-bdf1-e9b37b435bb8,352004554,1079266.0,SCORPIO 67,3E6839,PA,Panama (Republic of),"Cargo ships, all ships of this type",General Cargo,145.0,20.0,14304.0,9115.0,2006.0
0197f3d5-7c80-72ce-8c9f-a5992bb8df1e,413257230,,QIANG DA HAI GONG 68,BOMH2,CN,China (People's Republic of),Other types of ship,Other,65.0,25.0,,,
01984448-af98-7a7a-9a2d-3ea572b93438,412503247,,GUIFANGYUPAI50284,0050284,CN,China (People's Republic of),Fishing vessel,Fishing,12.0,2.0,,,
01982018-3878-77ea-99aa-89dd3682a684,413580340,,MAIFENG88,,CN,China (People's Republic of),Other types of ship,Other,32.0,8.0,,,
0197fe58-82d8-7b99-8c7f-50c9308d1dbd,412003031,,SHANCHAOHAIMEN03031,03031,CN,China (People's Republic of),Fishing vessel,Fishing,40.0,7.0,,,
01863023-3c48-7f76-8eaf-58bc53926b17,412461395,,YUEJIANGCHENGYU97298,,CN,China (People's Republic of),Fishing vessel,Fishing,30.0,6.0,,,
01808dc4-4988-78d3-be23-782a2cc29ccc,412342900,,QIONGDANYU12182,12182,CN,China (People's Republic of),Fishing vessel,Fishing,26.0,6.0,,,
01808746-0e48-7b2f-8713-77298ffe8beb,413534490,9693446.0,DE SHEN,BSTI,CN,China (People's Republic of),Tugs,Multi Purpose Offshore Vessel,90.0,20.0,4555.0,4730.0,2014.0
014e46ed-d6c8-7652-a64c-57f95ffbdc70,567065500,9260495.0,MESON,HSB53O5,MT,Malta,"Tanker(s), all ships of this type",Oil/Chemical Tanker,102.9,15.63,4823.0,3408.0,2003.0
01808741-4b88-7009-849b-c8c79ab5b3d5,620999565,9113874.0,MOMENTUM PHONIX,D6A3564,TZ,Tanzania (United Republic of),"Cargo ships, no additional information",Bulk Carrier,150.0,26.0,,,
019e0475-74b8-7637-b533-c219d4425e4c,574072406,,THAO NGUYEN 27A,,VN,Viet Nam (Socialist Republic of),Fishing vessel,Fishing,26.0,6.0,,,
01752f85-c7d0-71de-b250-eafd587bb429,413250260,,ZHE LU GONG 003,BONI3,CN,China (People's Republic of),Dredger,Dredger,121.0,22.0,,,
01a07971-cbc0-7d8c-ad45-7bb7bda5a210,608685680,,1,1234567,SH,United Kingdom of Great Britain and Northern Ireland - Ascension Island,Fishing vessel,Fishing vessel,,,,,
019a2354-9c78-7483-a135-ffb991d37ef9,257887000,1041831.0,NOCC PACIFIC,LAYM8,NO,Norway,"Cargo ships, all ships of this type",Vehicles Carrier,199.0,38.0,18600.0,69000.0,2025.0
019e4e97-c9d8-772a-ae6f-0a67358773ad,412501970,,HANG SHENG LONG,BMVJ,CN,China (People's Republic of),"Cargo ships, all ships of this type","Cargo ships, all ships of this type",97.0,16.0,,,
0198be14-3c70-7bf0-9593-1b9fe9b1381d,412468282,,YUESHANCHENGYU15118,,CN,China (People's Republic of),Fishing vessel,Fishing vessel,43.0,7.0,,,
0197fb28-8068-793f-a202-4a46e8608bf9,412467762,,YUEZHUYU30021,,CN,China (People's Republic of),Fishing vessel,Fishing,32.0,7.0,,,
0186e3ac-3be8-7f86-9824-9d78e7447186,412528384,,YUEZHUYUYANG53798,0000000,CN,China (People's Republic of),Fishing vessel,Unspecified,6.0,2.0,,,
0197ff57-ddf0-74f0-ae9b-8d1d87298a14,574012543,,NAM KHANH 68,,VN,Viet Nam (Socialist Republic of),"Cargo ships, all ships of this type",Cargo,79.0,12.0,,,
0197f40d-9f98-7684-a76e-fb5ea26a5fe6,413354560,,XIN FANG ZHOU 18,,CN,China (People's Republic of),"Cargo ships, all ships of this type",Cargo,55.0,9.0,,,
019805d3-a060-71d5-b33a-500a7c8daf2d,574100993,,LXUN 47 P 12 E21 99,,VN,Viet Nam (Socialist Republic of),Not available,Unspecified,10.0,10.0,,,
014e46ed-d6c8-7a0f-8744-a9cfaa9b1b5f,373080000,9234379.0,HE SHENG,3EPO4,AG,Antigua and Barbuda,"Cargo ships, all ships of this type",Container Ship,147.0,23.0,12895.0,9528.0,2002.0
0197f3e7-a4f0-712f-930f-efaf9f41fcaa,412503573,,GUIQINYU12266,0000000,CN,China (People's Republic of),Fishing vessel,Fishing,52.0,8.0,,,
018087c9-b950-7bb2-85a1-5f994497808d,477995128,,PILOT88,VRS4491,HK,China (People's Republic of) - Hong Kong (Special Administrative Region of China),Pilot vessel,Pilot vessel,14.0,4.0,,,
01a05c2e-b500-718d-8ac1-799024f6ecfc,574243556,,HAI TG 96187 80,,VN,Viet Nam (Socialist Republic of),Not available,Unspecified,,,,,
01756803-e0b0-700e-8e91-05db45d98535,413256210,9918925.0,DONGRUN158,BOMD4,CN,China (People's Republic of),"Tanker(s), carrying DG and/or MHB, HS, or MP, IMO hazard or pollutant category Z","Tanker(s), carrying DG and/or MHB, HS, or MP, IMO hazard or pollutant category Z",97.0,15.0,,,
01836f7c-7538-78bb-a4f8-b734d170b26f,352005688,8590960.0,ACE GOLD,3E8907,BZ,Belize,"Cargo ships, all ships of this type",General Cargo,145.0,21.0,14736.0,9148.0,2005.0
01808748-8ee8-7271-bf72-ef7c6c5847ea,477937600,9429675.0,SHOPPES FOUR SEASONS,VRDV4,HK,China (People's Republic of) - Hong Kong (Special Administrative Region of China),"HSC, no additional information",High Speed Craft,47.5,11.83,84.0,700.0,2008.0
019e4983-7ed8-7971-a501-22bf9ea2f7c8,574598921,,TM CHI TAM DS A26,CULY,VN,Viet Nam (Socialist Republic of),Fishing vessel,Fishing,17.0,4.0,,,
01871b95-67c8-79bb-a5f3-e54aeaf6b644,412478147,,YUEJIANGCHENGYU96115,,CN,China (People's Republic of),Fishing vessel,Fishing,11.0,7.0,,,
019a4d0b-75a0-7712-9eab-c46e53d8d2af,477204600,1072842.0,WAN FU,VRWX8,HK,China (People's Republic of) - Hong Kong (Special Administrative Region of China),"Cargo ships, all ships of this type",General Cargo,200.0,32.0,60000.0,38922.0,2025.0
019e0197-5ef0-7632-98a7-d8c4a7452984,413586890,,XIAO HAI SHI,,CN,China (People's Republic of),Pleasure motor craft,Pleasure Craft,20.0,5.0,,,
01837dd3-7690-772b-bd39-76c7ef01dfee,413348310,,BEIBUWANTUO11,,CN,China (People's Republic of),Tugs,Tugs,38.0,12.0,,,
018091f6-b450-73df-a9a2-d776f1c32bc3,413907776,,YUESHAOGUANHUO6299,0,CN,China (People's Republic of),"Cargo ships, all ships of this type",Cargo,67.0,14.0,,,
014e4717-09a8-7c07-8092-53a252ad895c,508111181,9661869.0,AMANI,V8V3146,BN,Brunei Darussalam,"Tanker(s), all ships of this type",LNG Tanker,288.32999,44.200001,85466.0,102585.0,2014.0
019806a7-5798-7637-b764-0b90b0fb6820,574561072,,TEO 34 XU NOI A30,1234567,VN,Viet Nam (Socialist Republic of),Fishing vessel,Fishing,26.0,6.0,,,
0199c9b0-6e18-7c18-a5f9-ae456b109d2d,412511156,,MKMJ,,CN,China (People's Republic of),Fishing vessel,Fishing,40.0,18.0,,,
0191dd12-3a48-786a-bec6-245b3caa44f5,352004440,1081099.0,TONG YUN 16,3E6738,PA,Panama (Republic of),"Cargo ships, all ships of this type",Bulk Carrier,138.60001,20.0,13587.0,8662.0,2019.0
01808739-ba08-7515-bef1-abe018e99c39,574005780,9697791.0,PTSC HAI AN,XVLS7,MY,Malaysia,Tugs,Multi Purpose Offshore Vessel,59.25,14.95,1305.0,1678.0,2015.0
014e46f6-5690-7fa1-98fb-67a0b6a1e05a,413322830,,EN DIAN 7,BBWS3,CN,China (People's Republic of),"Cargo ships, all ships of this type",Cargo,97.0,16.0,,,
01808742-5cf8-75f0-8932-0980ba40349b,413021130,9588691.0,DE AO,BSIQ,CN,China (People's Republic of),Tugs,Multi Purpose Offshore Vessel,59.200001,14.0,1238.0,1470.0,2010.0
0197f4a7-0520-7697-adc7-6edd70c58b85,574237793,,HOANG PHU 93 D12,,VN,Viet Nam (Socialist Republic of),Fishing vessel,Fishing,15.0,6.0,,,
01808740-68f8-7b10-8c14-47e919539a99,351723000,9188128.0,SEA MEADOW 02,3FGM5,PA,Panama (Republic of),"Other types of ship, no additional information","Other types of ship, no additional information",84.0,18.0,4640.0,3040.0,1999.0
01982031-dee0-7a55-a964-b8481d8b3b98,413547470,,JIN YANG 08,,CN,China (People's Republic of),Dredger,Dredger,73.0,15.0,,,
014e7e0b-7930-7ea6-9418-6f61b427579a,413463640,,HAIYANGSHIYOU504,BYAI,CN,China (People's Republic of),Towing,Tugs,34.0,10.0,,,
01856ab6-5b70-7126-9b66-158b4c41cf61,412487344,,YUESUIYU65108,,CN,China (People's Republic of),Fishing vessel,Fishing,10.0,4.0,,,
019e3936-c800-7c17-be51-39f3c8163bcd,412471382,,YUELUYU29904,,CN,China (People's Republic of),Fishing vessel,Fishing,26.0,6.0,,,
0180a24d-5250-76b8-bf78-ecd60b7f9fb6,412482583,,ZHUXIANG1584,G1584,CN,China (People's Republic of),Fishing vessel,Fishing,28.0,7.0,,,
0197fe90-4830-7d29-acb3-781d6964bdde,413615850,,HEFENGSHUNYUAN,,CN,China (People's Republic of),"Cargo ships, all ships of this type",Cargo,149.0,21.0,,,
019f9fad-0828-76e1-90cb-41d69ccb77da,636024349,1049807.0,ZY YULONG,5LSD9,LR,Liberia (Republic of),"Cargo ships, all ships of this type","Cargo ships, all ships of this type",199.0,32.0,,,
0197fe90-c148-784b-b471-6f9ad99ec072,413865883,,YUEQINGYUANHUO8719,KMMIKNJ,CN,China (People's Republic of),"Cargo ships, all ships of this type",Cargo,62.0,13.0,,,
0197f3d7-5cf8-7995-8c49-50673e5ab03c,413865879,,GUANG XING 1 0,,CN,China (People's Republic of),"Cargo ships, all ships of this type",Cargo,60.0,18.0,,,
0180873b-1d80-7a77-8f57-c9e281983087,412474292,,ZHUGUI6069,0006069,CN,China (People's Republic of),Fishing vessel,Fishing,20.0,6.0,,,
014e47c1-6308-72a0-8337-ca4c1bb96b41,413906548,,ZHUHANG28,,CN,China (People's Republic of),"Cargo ships, all ships of this type",Cargo,50.0,10.0,,,
01856ad5-8400-74d5-b31e-762ee220cf32,413509140,,FAXINGYOU198,,CN,China (People's Republic of),"Tanker(s), carrying DG and/or MHB, HS, or MP, IMO hazard or pollutant category X",Tanker - Hazard A (Major),54.0,9.0,,,
01790da8-5c00-7084-8f9f-2ef2713599d3,413473820,,SHUNXINGTUO6,HHH,CN,China (People's Republic of),Tugs,Tugs,17.0,6.0,,,
01808997-ca60-72a0-9a7b-b34b0f1b4b32,414351040,,MING WEI 219,,CN,China (People's Republic of),"Cargo ships, all ships of this type",Cargo,56.0,12.0,,,
01808890-5ce0-7485-a842-c9884f4341d8,413211250,,TAI TONG 777,BRIH,CN,China (People's Republic of),"Cargo ships, no additional information","Cargo ships, no additional information",90.0,18.0,,,
01985b48-7138-7f6f-9b51-0eeaa2e105af,574565918,,THONG NHAT 03,1234567,VN,Viet Nam (Socialist Republic of),Fishing vessel,Fishing vessel,26.0,6.0,,,
01a02a94-1d28-7b35-b164-5f1143467517,416153915,,TIELONG61539 15 99,,TW,China (People's Republic of) - Taiwan (Province of China),Not available,Unspecified,10.0,10.0,,,
0185ae82-9e90-7ba7-ba36-16bd1086ea88,412465874,,YUEWUYU50367,50367,CN,China (People's Republic of),Fishing vessel,Fishing,12.0,4.0,,,
014e47d6-eea8-7401-98b6-8653b320fabb,636020659,9400112.0,PINOCCHIO,5LAB8,MT,Malta,"Cargo ships, carrying DG and/or MHB, HS, or MP, IMO hazard or pollutant category OS",Container Ship,274.98001,32.299999,63355.0,50963.0,2009.0
018089e0-c9e0-7833-912b-6e8af5b369e6,413772491,,YUEHANG05,HHH,CN,China (People's Republic of),"Cargo ships, all ships of this type",Cargo,48.0,17.0,,,
018a6fdf-5d40-7550-8457-244df5babe85,331180003,,33118 3 81,,GL,Denmark - Greenland,Not available,Unspecified,0.0,0.0,,,
01808746-5c68-7a1d-bdfb-cb08fe27e891,413269660,,HONG YUN 301,BOPY7,CN,China (People's Republic of),"Cargo ships, all ships of this type",Cargo,99.0,22.0,,,
0197f48d-9d38-7869-abb9-d85586106850,413516730,,CHANG SHENG JI 9,BPFP5,CN,China (People's Republic of),"Cargo ships, all ships of this type","Cargo ships, all ships of this type",182.0,30.0,,,
01857688-2500-7e5d-b907-19739ddfc0df,574292288,,NHO BA PHU HO288 D39,92288,VN,Viet Nam (Socialist Republic of),Fishing vessel,Fishing vessel,0.0,0.0,,,
019653f6-ded0-7c1e-8c19-db2976ce45fe,352005453,9957191.0,OCEAN LUCKY,3E8714,PA,Panama (Republic of),"Cargo ships, all ships of this type",Bulk Carrier,109.0,17.0,7793.0,5150.0,2021.0
01808746-d198-70f7-b650-45847c64e718,412464470,9235658.0,NANHAI218,BQIJ8,CN,China (People's Republic of),Other types of ship,Multi Purpose Offshore Vessel,66.300003,14.2,1679.0,1595.0,2001.0
01524e83-0f30-797a-992e-fa1f102af81e,412520219,,QIONGSANSHAYU00232,00232,CN,China (People's Republic of),Fishing vessel,Fishing,59.0,9.0,,,
0164fbcd-2150-7757-b45d-1211d2bd646e,314280000,9622930.0,MOKSHA,8PVH,HK,China (People's Republic of) - Hong Kong (Special Administrative Region of China),"Cargo ships, all ships of this type",Bulk Carrier,189.99,32.26,56880.0,33042.0,2011.0
01856aa6-0f90-7016-92f8-a1f294bb6197,412525241,,QIONGDANYU12608,,CN,China (People's Republic of),Fishing vessel,Fishing,23.0,6.0,,,
0185901b-6a90-7339-9c80-4e097b6baf01,574561861,,MINH TRI D 9,97855,VN,Viet Nam (Socialist Republic of),Fishing vessel,Fishing,26.0,6.0,,,
01858895-d170-7ce8-985b-42306dcf06b9,548977000,9831505.0,WESTERN DONCASTER,DUJX,PH,Philippines (Republic of the),"Cargo ships, all ships of this type","Cargo ships, all ships of this type",179.89999,30.0,39461.0,25189.0,2019.0
014e46f2-c868-784f-9a4a-0531277370af,636018226,9273806.0,FSS SHANGHAI,D5AH4,LR,Liberia (Republic of),"Cargo ships, all ships of this type",General Cargo,156.0,21.5,12767.0,10899.0,2006.0
0197f427-bf18-7f5e-8092-9ce3ba6bbbaf,413345040,,HAI RUI FENG 19,BPAM6,CN,China (People's Republic of),"Cargo ships, all ships of this type",Cargo,109.0,18.0,,,
01856aa3-1da8-75fd-b462-b8d917dbfa3c,563281100,9301809.0,HAZIRA EXPRESS,9VMS9,HK,China (People's Republic of) - Hong Kong (Special Administrative Region of China),"Cargo ships, all ships of this type","Cargo ships, all ships of this type",260.0,32.0,,,
019801b6-5ba8-7e1f-bddf-32230dcf3ca5,574456799,,CHELSEA BANG 1 S01,SEREA,VN,Viet Nam (Socialist Republic of),Fishing vessel,Pleasure Craft,26.0,6.0,,,
0188d427-1880-7ebf-b6b5-583e3d26a3e6,412532021,,SHENSHE1682,HHH,CN,China (People's Republic of),Fishing vessel,Fishing,24.0,6.0,,,
0180b91b-74d0-76d9-9a3d-d8ea03df3d05,412465409,,ZHUGUI6451,0006451,CN,China (People's Republic of),Fishing vessel,Fishing,37.0,9.0,,,
0197f3d6-f380-7c6a-9811-6cc1882905af,574080000,,CANO P8,,VN,Viet Nam (Socialist Republic of),Pilot vessel,Pilot vessel,10.0,3.0,,,
0191bb77-b048-7399-814f-9671f96a4cc4,477996699,,SING WAY 3,VRS6000,HK,China (People's Republic of) - Hong Kong (Special Administrative Region of China),"Passenger ships, all ships of this type",Passenger,20.0,6.0,,,
01a01e71-9f70-7e00-b113-7012dee970a8,412466611,,YUEHUILAIYU48804,,CN,China (People's Republic of),Fishing vessel,Fishing vessel,25.0,7.0,,,
01882757-78c0-70b5-bc86-0226e242c4c3,574797970,,,,VN,Viet Nam (Socialist Republic of),,Unspecified,,,,,
01a08a22-0340-709d-a873-a256ece5dbba,413212380,,HAICHAOTUO6,YYYY,CN,China (People's Republic of),Tugs,Tugs,40.0,10.0,,,
014e6f94-b308-731f-9e0a-57ac449ad1a1,413906686,,JINHUI139,H,CN,China (People's Republic of),"Cargo ships, all ships of this type",Cargo,63.0,18.0,,,
019e4fa2-b662-7f25-aa32-8302993c2299,574121212,,VU LOAN 100,,VN,Viet Nam (Socialist Republic of),Fishing vessel,Fishing,10.0,3.0,,,
019a75ad-8f20-793c-b3b2-589e9967bfcf,413875432,,CHINACOASTGUARD21584,,CN,China (People's Republic of),Warship or naval auxiliary,Military Ops,,,,,
018097dd-6e68-79d7-b0b2-d32d62677030,574000120,9352676.0,GOLDEN OCEAN 26,XVDT,VN,Viet Nam (Socialist Republic of),"Tanker(s), all ships of this type",Oil Products Tanker,136.0,26.0,11550.0,7569.0,2010.0
019835fb-7628-7fbf-b7c7-72f4eb8e05b1,412482738,,ZHUXIANG2406,G2406,CN,China (People's Republic of),Fishing vessel,Fishing vessel,28.0,8.0,,,
0197f3e6-f910-795d-8334-88de8cab4bf2,412502276,,GUIFANGYUPAI2899,00I2899,CN,China (People's Republic of),Fishing vessel,Fishing,11.0,7.0,,,
018576e6-b020-7101-a6bb-3b5e00a6804c,412463554,,ZHUWAN3905,00N3905,CN,China (People's Republic of),Fishing vessel,Fishing,36.0,9.0,,,
017ac1dd-26f0-73f7-bc30-83d4ace74cfc,636024345,9893876.0,MAERSK NASSJO,D5VC9,LR,Liberia (Republic of),"Cargo ships, carrying DG and/or MHB, HS, or MP, IMO hazard or pollutant category Y",Container Ship,171.0,32.0,31095.0,25514.0,2021.0
01808746-6c08-77ed-a532-523f781c52a4,412763460,9585144.0,HUA FENG 98,BKRQ5,CN,China (People's Republic of),Tugs,Multi Purpose Offshore Vessel,71.0,17.0,2731.0,2746.0,2011.0
0197c074-93f8-7fff-811e-c1a76cf71fb8,352005841,9490703.0,HARMONY LIGHT,3E9029,PA,Panama (Republic of),"Cargo ships, all ships of this type","Cargo ships, all ships of this type",189.99001,32.259998,58000.0,32837.0,2010.0
0187145a-aab8-70dc-ba80-6117941f31d7,477735500,9900679.0,NEW COROLLA,VRUI6,HK,China (People's Republic of) - Hong Kong (Special Administrative Region of China),"Tanker(s), all ships of this type","Tanker(s), all ships of this type",332.67,60.04,307552.0,162893.0,2021.0
0197fa03-8480-7ca5-b1fb-c7bfb97cedf4,413551480,,SHUN QI XIN,BOQB3,CN,China (People's Republic of),"Cargo ships, all ships of this type",Cargo,99.0,16.0,,,
019e3969-8830-7e9f-9e87-4612e46b7c53,412468391,,DONGFENG21,00000,CN,China (People's Republic of),"Cargo ships, all ships of this type","Cargo ships, all ships of this type",55.0,9.0,,,
014e4827-4510-7946-9ba1-a990be2186e8,412271730,,YUANHONGSHUN,BQHN7,CN,China (People's Republic of),"Cargo ships, all ships of this type",Cargo,159.0,23.0,,,
01984a83-3ab8-7b47-a338-2aa8289c64d4,413242540,,QIAN HAI 9,BOLZ4,CN,China (People's Republic of),"Cargo ships, all ships of this type",Cargo,109.0,17.0,,,
0197faea-69e0-74bd-9cb3-a098d1d15c23,412460385,,YUEDIANYU83377,83377,CN,China (People's Republic of),Fishing vessel,Fishing,12.0,4.0,,,
014e46ea-44b8-7691-9540-db33ec79dafb,413235230,,LI TAI ZHAO YANG,BOGV3,CN,China (People's Republic of),"Cargo ships, all ships of this type",Cargo,147.0,21.0,,,
01856bb5-dd98-775b-818f-3cbb3e01bc5c,412461332,,YUEYANGDONGYU10377,,CN,China (People's Republic of),Fishing vessel,Fishing vessel,19.0,4.0,,,
019899db-9f60-724c-84a4-868215d7ffb3,412468368,,YUEMAOBINYU43378,43378,CN,China (People's Republic of),Fishing vessel,Fishing,34.0,7.0,,,
0187c177-0318-7d20-afb0-e63cd7c7eebe,412488591,,YUELEIYU13838,13838,CN,China (People's Republic of),Fishing vessel,Fishing,53.0,8.0,,,
01985e2b-22b0-7e04-828f-548068b62cb4,413550392,,MIN HAI YU 05017,,CN,China (People's Republic of),Fishing vessel,Fishing vessel,41.0,10.0,,,
014e46ea-3900-7723-b86b-a96d73381221,352005618,9528419.0,YONG SHUN 8,3E8850,IN,India (Republic of),"Cargo ships, all ships of this type",General Cargo,122.2,19.799999,9283.0,7460.0,2009.0
014e481d-ee70-792a-8628-f651e5dc2cff,412752620,,ZHONG YONG 18,BLTG2,CN,China (People's Republic of),"Cargo ships, all ships of this type",Cargo,149.0,21.0,,,
01809bc5-5ae0-7428-afd3-367d53ecc077,412474861,,YUESHENSHANYU10016,HHH,CN,China (People's Republic of),Fishing vessel,Fishing,16.0,7.0,,,
01a08deb-01c0-7e35-84e4-4783f811e667,414578560,,00730,,CN,China (People's Republic of),Reserved for future use,Unspecified,,,,,
018a32d1-d130-72fd-8c66-726dc1cfc8af,352002399,9960942.0,POS QINGDAO,3E3863,PA,Panama (Republic of),"Cargo ships, carrying DG and/or MHB, HS, or MP, IMO hazard or pollutant category X",Container Ship,147.0,23.0,12803.0,9963.0,2023.0
014e46ea-f098-7392-b5e4-846a43da76d4,413507530,,JIN HAI 661,BOYU7,CN,China (People's Republic of),"Cargo ships, all ships of this type",Cargo,96.0,16.0,,,
01885831-6c30-77f1-a06c-0dff52138335,412463328,,YUEHUIDONGYU72006,,CN,China (People's Republic of),Fishing vessel,Fishing vessel,7.0,4.0,,,
01809c44-f2f0-7fb1-8d49-b48a1fe9bc38,636093045,9693824.0,WECO MADELEINE,5LCM2,LR,Liberia (Republic of),"Tanker(s), carrying DG and/or MHB, HS, or MP, IMO hazard or pollutant category Z","Tanker(s), carrying DG and/or MHB, HS, or MP, IMO hazard or pollutant category Z",184.0,32.0,49708.0,28326.0,2016.0
01809266-fe68-75ab-b1f3-dc5e757a56fb,533002550,9548392.0,BORNEO 2,9WKK9,MY,Malaysia,"HSC, all ships of this type",Crew boat,40.369999,10.0,97.0,238.0,2011.0
01a0885d-21c0-768c-8d4a-b1893c1bde82,412521228,,QIONG HAI 89029,89029,CN,China (People's Republic of),Fishing vessel,Fishing vessel,48.0,,,,
019ecfc1-7658-7b34-8103-9b025444c1c3,412538497,,LULANYU60109,,CN,China (People's Republic of),Fishing vessel,Fishing,47.0,7.0,,,
01a05c7c-a238-7db9-b1f5-2b4fd5d68e1d,412000446,,00098,0000000,CN,China (People's Republic of),Fishing vessel,Unspecified,38.0,8.0,,,
0197fa04-3060-794c-b5d1-5d7a41ecdb64,574013176,,TRUONG AN 08,3WZX9,VN,Viet Nam (Socialist Republic of),"Cargo ships, all ships of this type",Cargo,70.0,11.0,,,
0197f3d6-c4a0-7a88-beb7-457a170ea8ff,413369910,,JING XIANG 217,,CN,China (People's Republic of),"Cargo ships, all ships of this type",Cargo,52.0,12.0,,,
0180873f-6728-73a3-b7b7-b8f579a512e9,413471740,,HAIYAO,BYIA,CN,China (People's Republic of),"HSC, all ships of this type",High Speed Craft,35.0,9.0,,,
01808741-f768-73f6-8aad-950a3e3a9a43,413236120,,BEI YOU 26,BOHD2,CN,China (People's Republic of),"HSC, all ships of this type",High Speed Craft,69.0,17.0,,,
019e0691-8688-7801-bd09-5fe1db453961,413698360,,JIA TAI 699,BPXD6,CN,China (People's Republic of),"Tanker(s), all ships of this type",Tanker,96.0,14.0,,,
01981938-4d68-74b0-bdcd-02264af322e8,413884901,,TENGXIANHAIXIANG77,0000000,CN,China (People's Republic of),"Cargo ships, all ships of this type",Cargo,88.0,16.0,,,
0198189e-2878-71ea-8398-4b5854ba2abf,413360680,,JIN XU YUAN,0000000,CN,China (People's Republic of),"Cargo ships, all ships of this type",Cargo,55.0,8.0,,,
01808739-44d8-7bab-b780-d80522c8bae9,412554010,,ZHONGHUATEYUNYOU 8,,CN,China (People's Republic of),"Tanker(s), carrying DG and/or MHB, HS, or MP, IMO hazard or pollutant category Y",Tanker - Hazard B,53.0,9.0,,,
0198bb14-8548-7221-87f7-99613e848753,412255218,,SHENSHE 5218,,CN,China (People's Republic of),Fishing vessel,Fishing,,,,,
016b295c-5f40-74eb-acfe-16274b3e8d81,477996335,,SPV 1,VRS5588,HK,China (People's Republic of) - Hong Kong (Special Administrative Region of China),Towing,Tugs,,,,,
01981e60-08f8-7b1a-b966-5a8c285a5f53,413884361,,PINGFU879,879,CN,China (People's Republic of),"Cargo ships, all ships of this type",Cargo,78.0,16.0,,,
01a00af3-f010-79fb-8342-f8dbe5adf77d,601836932,,TIELONG18369 32 85,,ZA,South Africa (Republic of),Not available,Unspecified,,,,,
0198bb83-f0b8-7696-a0ee-5796f55cf38a,412446018,,MIN DONG YU61262,61262,CN,China (People's Republic of),Fishing vessel,Fishing vessel,32.0,6.0,,,
014e7411-a008-7aa0-b882-0bd8ad9a7f83,477137100,9505950.0,YONG SHENG 99,VRPP8,PA,Panama (Republic of),"Cargo ships, all ships of this type",General Cargo,122.2,19.799999,9106.0,7460.0,2008.0
01856b4c-9090-736e-9b97-dae26c23bc6b,412534312,,SHANWEI0379,,CN,China (People's Republic of),Fishing vessel,Fishing,35.0,8.0,,,
019e0ae5-63d0-738e-beed-402734fe18a3,574004135,,PHU THINH 2 C36,83,VN,Viet Nam (Socialist Republic of),Not available,Unspecified,10.0,6.0,,,
018087ba-ec40-78a2-8263-f61dc946aa9c,248222000,9448827.0,CMA CGM DAKAR,9HA6562,MH,Marshall Islands (Republic of the),"Cargo ships, all ships of this type",Container Ship,239.63,32.290001,47027.0,38364.0,2010.0
0180873c-3aa8-79fb-9850-e79a3e12451b,413862375,,BAOFENG2,,CN,China (People's Republic of),"Cargo ships, all ships of this type",Cargo,49.0,16.0,,,
0185fd2c-3150-7fe4-a4fc-e89ab282f1ae,412467376,,YUE SUI YU 32181,,CN,China (People's Republic of),Fishing vessel,Fishing,39.0,7.0,,,
01a07f6b-7968-718b-83ac-e91cdaebe181,412521285,,QIONGLEYU12181,,CN,China (People's Republic of),Fishing vessel,Fishing vessel,44.0,9.0,,,
01857030-3288-754d-9f56-966d9b218dff,412465558,,YUEJIANGCHENGYU97838,,CN,China (People's Republic of),Fishing vessel,Fishing,30.0,6.0,,,
0188d755-cb00-7d5b-a5e7-195b003abc5c,574180724,,CLOI 70 E6 DIA LU,1234567,VN,Viet Nam (Socialist Republic of),Fishing vessel,Fishing,26.0,6.0,,,
01808833-9ac8-7db0-8ff4-a4d54b8443a9,574567562,,TIEN THY,1234567,VN,Viet Nam (Socialist Republic of),Fishing vessel,Fishing,26.0,6.0,,,
016e7333-1d40-78a2-9dd5-ef7415c2eccc,413888880,,HAIXUN1108,BOAT1,CN,China (People's Republic of),Law enforcement vessels,Law enforcement vessels,64.0,10.0,,,
019e0686-9d90-7ca6-b9fe-bea9ef36b0c8,412370140,,HAIZHUANGFENGDIAN002,BQHE9,CN,China (People's Republic of),Other types of ship,Other,26.0,9.0,,,
0185b29f-9910-7d17-b4cb-921bfcfb6218,412472567,,YUEDIANYU92192,0092192,CN,China (People's Republic of),Fishing vessel,Fishing,24.0,6.0,,,
0180875e-c668-71e0-9839-b42f0c2e5c76,574014254,,VU DINH 135,XVKL3,VN,Viet Nam (Socialist Republic of),"Cargo ships, all ships of this type",Cargo,103.0,17.0,,,
0197f74f-2280-7bc8-9c68-5b5e9dd8bd1b,574614000,,PILOT HONG LONG 2,0,VN,Viet Nam (Socialist Republic of),Pilot vessel,Pilot vessel,20.0,4.0,,,
0198badd-6018-70e7-b57c-50dd37000edc,412446061,,MIN LONG YU 65879,65879,CN,China (People's Republic of),Fishing vessel,Fishing,31.0,6.0,,,
01980c20-7330-74b9-b66b-e3529967b0d1,574183241,,HG,1234567,VN,Viet Nam (Socialist Republic of),Fishing vessel,Fishing vessel,26.0,6.0,,,
0197f3de-7948-76f4-b599-66c885009ed8,412473680,8360315.0,AN HUA BO 19,HOA3020,CN,China (People's Republic of),"Cargo ships, all ships of this type",Motor Hopper,65.0,14.0,1800.0,1179.0,2010.0
0180b2b4-1520-7d22-97fa-e82e0b964a61,412526324,,YUETAIYU62320,,CN,China (People's Republic of),Fishing vessel,Fishing,6.0,2.0,,,
01856ac6-2e38-7b37-a7d6-497427edb8a5,412467842,,YUEMAOBINYU43218,,CN,China (People's Republic of),Fishing vessel,Fishing,31.0,7.0,,,
0194e59b-bb00-7276-a8d7-79a0e9a91558,413617840,,ZHUANG HANG 9,,CN,China (People's Republic of),Dredger,Dredger,86.0,18.0,,,
01808737-ba50-720b-a440-d4a0da808529,413233820,,LING HANG 89,BOWF4,CN,China (People's Republic of),"Cargo ships, all ships of this type",Cargo,173.0,24.0,,,
0197f7cd-fb28-7d09-a854-ad462035f68c,412523494,,QIONGDANYU17166,,CN,China (People's Republic of),Fishing vessel,Fishing,25.0,6.0,,,
014e4b1b-9a28-7da3-9f15-f15ceea9e77d,413694730,,TIANCHENG 1,BPXZ5,CN,China (People's Republic of),"Tanker(s), all ships of this type",Tanker,54.0,10.0,,,
0197fe4e-2e50-7202-b8e9-a1e4fbdd04da,412459905,,MINSHIYU06088,06088,CN,China (People's Republic of),Fishing vessel,Fishing,40.0,8.0,,,
01888e3d-8b10-7020-86f2-c9f7598f5ae5,413318770,,XIANG HANG 328,5,CN,China (People's Republic of),"Cargo ships, all ships of this type",Cargo,120.0,22.0,,,
018092de-64d0-7b78-834d-ac27c3b5c682,574567060,,CONG VIEN F 11,1234567,VN,Viet Nam (Socialist Republic of),Fishing vessel,Fishing,26.0,6.0,,,
0160affd-f7a8-750e-ba22-320878ee96af,373665000,9566411.0,MARIBLUE,3FGS,PA,Panama (Republic of),"Cargo ships, all ships of this type",Bulk Carrier,190.0,32.0,,,
0189b655-e1c8-7fbe-931e-9ba998f45358,574560082,,KHANH HUY F14 CAODOI,4134567,VN,Viet Nam (Socialist Republic of),Fishing vessel,Fishing,26.0,6.0,,,
0180873f-3848-79ec-bfc8-3b8f209feb07,413218620,9864071.0,SAN HANG FENG RUN,,CN,China (People's Republic of),Other types of ship,Offshore Construction Jack Up,86.0,40.0,,,
01808ba3-6d28-7a44-b8e6-a0413b1f5759,574000650,9591662.0,ROYAL 18,3WAO9,VN,Viet Nam (Socialist Republic of),"Cargo ships, all ships of this type",Bulk Carrier,90.980003,15.62,5618.0,2999.0,2010.0
015185db-1be0-798e-993b-3442a0621638,412459820,9785861.0,XING TONG 16,BPXH6,CN,China (People's Republic of),"Tanker(s), all ships of this type","Tanker(s), all ships of this type",93.0,15.0,4176.0,2926.0,2015.0
014e4daa-0180-7557-9b7b-2c8cadf802ed,563403000,9694402.0,MARTIN SCHULTE,9V3397,SG,Singapore (Republic of),"Cargo ships, carrying DG and/or MHB, HS, or MP, IMO hazard or pollutant category X",Container Ship,189.0,30.0,30084.0,27279.0,2015.0
01856ab1-cb78-7037-b9d5-a52c5253cce5,352002142,9949209.0,EPTALOFOS,3E3817,PA,Panama (Republic of),"Cargo ships, all ships of this type","Cargo ships, all ships of this type",199.95,32.0,61156.0,34520.0,2023.0
019849f1-a530-7113-9717-b581edcf3135,412466345,,YUEHUILAIYU43213,,CN,China (People's Republic of),Fishing vessel,Fishing,23.0,6.0,,,
019e06a7-1610-740a-aa3c-a00b2501be80,574015414,,TRUNG THANG 58,XVSU7,VN,Viet Nam (Socialist Republic of),"Cargo ships, all ships of this type",Cargo,110.0,17.0,,,
014e46ec-a230-7b66-885c-39c409662568,352004707,9377418.0,BARBADOS PROSPERITY,3E6969,LR,Liberia (Republic of),"Tanker(s), all ships of this type",Crude Oil Tanker,330.0,60.040001,297958.0,156915.0,2010.0
01808748-f090-7ec4-81c9-0ad3194f78f4,235059376,9432880.0,CARRERA,2AGI2,GB,United Kingdom of Great Britain and Northern Ireland,"Cargo ships, all ships of this type",Vehicles Carrier,182.8,31.52,12315.0,46800.0,2008.0
014e46f8-71a0-7869-97da-ed7cc08c0e7f,412473190,,HAI TONG TUO 6,BSOF,CN,China (People's Republic of),Towing,Tugs,30.0,9.0,,,
0180914f-6830-742e-b337-aa2e13bbc161,574014574,,VIET THUAN 075 01,XVMD2,VN,Viet Nam (Socialist Republic of),"Cargo ships, all ships of this type",Cargo,98.0,16.0,,,
019f185f-e6b0-7ed9-b6af-0ea8f08d20be,574777789,,QUOC KIET 89 B3 S19,CAUMUC,VN,Viet Nam (Socialist Republic of),Fishing vessel,Unspecified,8.0,3.0,,,
0193ecd0-5ad0-729b-9822-de30a0245549,413613420,,ZHONG HAI YOU226,,CN,China (People's Republic of),"Tanker(s), all ships of this type",Tanker,50.0,8.0,,,
01808740-2e60-70e5-aaca-48ad8f55fcd2,253533000,9619000.0,JOSEPH PLATEAU,LXJX,LU,Luxembourg,Dredger,Pipe layer,191.5,40.0,35671.0,35287.0,2013.0
01a0544f-6ed8-72ba-81bb-f6318bc95bc6,412462314,,YUECHAOYANGYU11195,11195,CN,China (People's Republic of),Fishing vessel,Fishing vessel,50.0,7.0,,,
01858146-fbd8-7e4d-b5ef-e0d7afe510f8,412528833,,YUEZHUYU73019,0000000,CN,China (People's Republic of),Fishing vessel,Fishing,5.0,2.0,,,
0186654b-d8f8-7f91-a28a-6f610a2a7956,563339500,9626900.0,PIXIU,S6TB8,MH,Marshall Islands (Republic of the),"Cargo ships, all ships of this type",Bulk Carrier,199.99001,32.259998,63490.0,36374.0,2013.0
019812a7-e5d0-7348-b069-118439932903,412523931,,QIONGDANYU16202,,CN,China (People's Republic of),Fishing vessel,Fishing,21.0,6.0,,,
0197f3e8-8f50-77c0-a0da-a6af72d13905,413589530,,XIN TIAN 20,BPPJ6,CN,China (People's Republic of),"Cargo ships, all ships of this type",Cargo,110.0,18.0,,,
014e4bed-ab80-7023-a0da-e4f265ef3616,477995418,,MERIDIAN STAR,VRS4777,HK,China (People's Republic of) - Hong Kong (Special Administrative Region of China),"Passenger ships, all ships of this type",Passenger,36.0,8.0,,,1958.0
0162bce4-28a0-7abd-a6a4-23db56e10c0d,477996035,,SUN TAO,VRS5336,HK,China (People's Republic of) - Hong Kong (Special Administrative Region of China),"Tanker(s), all ships of this type",Tanker,33.0,11.0,,,
019e0655-ecb8-788e-8681-f671cc10f125,574085141,,THAI 03 LU X NOI C2,,VN,Viet Nam (Socialist Republic of),Fishing vessel,Fishing,20.0,6.0,,,
018a02fa-c318-7bc7-92f5-6e2c069c467d,412538797,,YUEMAOBINYU55056,,CN,China (People's Republic of),Fishing vessel,Fishing,7.0,4.0,,,
019e4f66-9f10-79ee-a85e-7715ce181563,574099956,,GHE DAY PHAT DAT6 56,1234567,VN,Viet Nam (Socialist Republic of),Fishing vessel,Fishing,26.0,6.0,,,
0197fae0-d4c0-7e26-9ee5-ad698329d8cc,574015193,,VIET THUAN 05 03,XVNU7,VN,Viet Nam (Socialist Republic of),"Cargo ships, all ships of this type",Cargo,79.0,15.0,,,
01808744-a300-760d-b0ea-3ec411a1f8cd,413289620,,YI XIN 818,BORW7,CN,China (People's Republic of),Other types of ship,Other,70.0,16.0,,,
0186e9c7-2d30-7750-8035-c1fd196d99f0,413512380,,HE YING DA,,CN,China (People's Republic of),"Cargo ships, all ships of this type",Cargo,56.0,9.0,,,
01a0059f-96a0-7f2e-a9f8-76f3e56a10fb,574211013,,TUAN THANH D24,,VN,Viet Nam (Socialist Republic of),Fishing vessel,Fishing vessel,20.0,6.0,,,
019e9e82-1610-7fd1-903f-20f371f530f2,574166347,,LRUT SGON 347 A30,6THO,VN,Viet Nam (Socialist Republic of),Fishing vessel,Fishing,23.0,6.0,,,
0180b0c2-ebb0-78a2-9ac6-1f8a49818086,574020015,,Q11 A16,A16,VN,Viet Nam (Socialist Republic of),Fishing vessel,Fishing,20.0,6.0,,,
016b452a-cf90-7ef2-997e-268e3baca64e,372003000,9839430.0,MSC GULSUN,3FTV6,PA,Panama (Republic of),"Cargo ships, carrying DG and/or MHB, HS, or MP, IMO hazard or pollutant category X",Container Ship,400.0,62.0,228149.0,232618.0,2019.0
018b0e0f-d6e8-7904-a3e9-47bd8e7b7883,413068558,,11,666,CN,China (People's Republic of),"Cargo ships, all ships of this type","Cargo ships, all ships of this type",,,,,
01827b44-1660-73f4-8719-bb8f49c451aa,636022027,9792709.0,YM TRILLION,5LGV4,LR,Liberia (Republic of),"Cargo ships, carrying DG and/or MHB, HS, or MP, IMO hazard or pollutant category X",Container Ship,334.0,48.52,136899.0,118524.0,2022.0
016c8e07-3dd8-72ad-8436-6b27e2c36b32,413875371,,CHINACOASTGUARD 4301,4301,CN,China (People's Republic of),Law enforcement vessels,Law enforcement vessels,111.0,14.0,,,
01a036a1-fd88-7f8b-a810-fb7355389989,574112205,,999 A18,,VN,Viet Nam (Socialist Republic of),Fishing vessel,Fishing vessel,26.0,6.0,,,
01808756-bfb8-7e8c-ab19-36c5f23b1853,413054690,,ZHONGREN301,HH,CN,China (People's Republic of),"Other types of ship, no additional information",Other,62.0,26.0,,,
018087e9-6a98-71d0-8b2e-14bb9d879caa,574569571,,O C 18 C 38 C 4O,1234567,VN,Viet Nam (Socialist Republic of),Fishing vessel,Fishing,26.0,6.0,,,
016e4509-d2b0-7f9b-a3ca-48458bd90411,574639000,9379569.0,LOC NGUYEN 68,3WOV,VN,Viet Nam (Socialist Republic of),"Cargo ships, all ships of this type",General Cargo,79.940002,12.62,3067.0,1599.0,2006.0
01980119-fc68-727e-970d-a71b191f357b,574562608,,TUYET THU,LREPMWC,VN,Viet Nam (Socialist Republic of),Pleasure motor craft,Pleasure Craft,83.0,23.0,,,
0198196f-7298-7bac-97a0-ff98e27dad51,574092810,,59A36,1234567,VN,Viet Nam (Socialist Republic of),Fishing vessel,Fishing vessel,26.0,6.0,,,
01987d1c-56d0-750b-9c1e-701225d28337,412821116,,YUEHUILAIYU21116,21116,CN,China (People's Republic of),Fishing vessel,Fishing,41.0,7.0,,,
0180874f-12e0-733d-beea-8bcfce228b6b,413844888,,SHI TAI 828,,CN,China (People's Republic of),"Cargo ships, all ships of this type",Cargo,50.0,13.0,,,
014e46f4-1c40-7926-a4be-70fbe18b0f5e,414502000,9456422.0,JI CHENG SHAN,BOOH4,HK,China (People's Republic of) - Hong Kong (Special Administrative Region of China),"Cargo ships, all ships of this type",Bulk Carrier,189.99001,32.259998,56777.0,33036.0,2012.0
0197ff8f-2648-7438-9eb9-47e7d488b33e,413560730,,SHUN YUAN ZHI XING,BPJS9,CN,China (People's Republic of),"Cargo ships, all ships of this type",Cargo,110.0,18.0,,,
0180873c-afd8-75a3-b5b1-4d07ae103378,538008792,9874600.0,ATLANTIC DRAGON,V7A2763,MH,Marshall Islands (Republic of the),"Cargo ships, all ships of this type",Bulk Carrier,299.88,50.0,209170.0,109731.0,2020.0
0197f404-e538-7ddd-a581-788bf03a2169,412529396,,SHANWEI0881,,CN,China (People's Republic of),Fishing vessel,Fishing,35.0,9.0,,,
019e4fc6-6a80-706a-81bf-9e5b44a73625,416023188,,MLN YUN NX666,NM666,TW,China (People's Republic of) - Taiwan (Province of China),Fishing vessel,Fishing,30.0,6.0,,,
019e10dc-8cf0-7856-98d8-9c07aaf4d2d1,574931869,,SG 9846,234567,VN,Viet Nam (Socialist Republic of),Towing,Tugs,,,,,
01808739-4ca8-716c-8546-f0445926b6a8,413867112,,YUESHAOGUANHUO6866,W8,CN,China (People's Republic of),"Cargo ships, all ships of this type",Cargo,70.0,14.0,,,
01863924-1f10-7e91-8619-4c99d785737e,412536341,,YUEPOYUYUN32117,,CN,China (People's Republic of),Fishing vessel,Fishing,7.0,3.0,,,
01856aac-4950-7b92-96e7-d8199bec0591,412483202,,YUEPOYU20046,0000000,CN,China (People's Republic of),Fishing vessel,Fishing,7.0,3.0,,,
019e06a3-2258-7bb1-8f74-00775f505920,574171819,,LG HOAI TIEN B28B25,VIETNAM,VN,Viet Nam (Socialist Republic of),"Offshore support vessel, etc.",Unspecified,,,,,
0180874a-5bd8-7eff-b289-197099536971,412483574,,YUEXIAYUYOU20006,UXXTUT,CN,China (People's Republic of),Fishing vessel,Fishing,27.0,6.0,,,
0197f3df-3c98-721f-bd95-623b83de48dd,412452567,,MINSHIYU07979,07979,CN,China (People's Republic of),Fishing vessel,Fishing,36.0,7.0,,,
01a06bf7-47b8-72a4-9952-e5327844908f,412463074,,YUEYANGDONGYU12185,12185,CN,China (People's Republic of),Fishing vessel,Fishing vessel,21.0,5.0,,,
01808745-db80-7b9c-9d18-c43ec1b51b7b,412550004,,QIONGSANSHAYU00007,0,CN,China (People's Republic of),Pleasure motor craft,Pleasure Craft,58.0,9.0,,,
01808739-6fd0-7369-8b82-d7b30fa65af9,440328000,9868338.0,HMM ROTTERDAM,D7IB,PA,Panama (Republic of),"Cargo ships, carrying DG and/or MHB, HS, or MP, IMO hazard or pollutant category X","Cargo ships, carrying DG and/or MHB, HS, or MP, IMO hazard or pollutant category X",400.0,61.5,228600.0,235500.0,2020.0
0180879a-5c50-7375-9738-8df9caa81b74,533132095,9592989.0,MP PREVAIL,9WNN7,MY,Malaysia,Other types of ship,Multi Purpose Offshore Vessel,72.0,16.0,2318.0,2576.0,2011.0
016eb0dd-b088-7ffe-ba82-be24b5148f1a,563300100,9848754.0,ESL SEATTLE,9V3091,HK,China (People's Republic of) - Hong Kong (Special Administrative Region of China),"Cargo ships, carrying DG and/or MHB, HS, or MP, IMO hazard or pollutant category OS",Container Ship,186.0,32.0,30409.0,26971.0,2020.0
019e1a06-5860-7c1e-9ac1-b67cc049438c,412600002,,1600 2 86,,CN,China (People's Republic of),Not available,Unspecified,10.0,10.0,,,
018a00eb-ccc0-7d0e-b6e7-f0c7270a5136,412537436,,YUEDIANYU84246,A,CN,China (People's Republic of),Fishing vessel,Fishing,6.0,3.0,,,
019e0530-2d80-7ed0-99e1-43e4a0a6ad34,412503226,,GUIQINYU13588,1234567,CN,China (People's Republic of),Fishing vessel,Fishing,26.0,6.0,,,
0180873f-4fb8-7798-bf4f-2151278680ac,574002740,9443932.0,PTSC TIEN PHONG,3WTU9,VN,Viet Nam (Socialist Republic of),"Cargo ships, all ships of this type","Cargo ships, all ships of this type",71.0,20.0,1640.0,1830.0,2009.0
014e485f-6828-74f0-a8cd-af5e9d1998cd,352003397,1026099.0,XIN JI 6,3E7546,CN,China (People's Republic of),"Cargo ships, all ships of this type",Bulk Carrier,146.0,21.0,15443.0,9916.0,2009.0
0188db94-7298-76ac-90cb-08b1c4471845,414831000,9974632.0,HAIFENG 2001,BPGU9,CN,China (People's Republic of),Other types of ship,Crane Ship,195.0,46.0,45000.0,51179.0,2023.0
014e46ed-7cf0-7a4e-a9ab-4d4ea119410a,538012032,9510694.0,GLADE,V7A3861,MH,Marshall Islands (Republic of the),"Cargo ships, no additional information",Bulk Carrier,235.0,32.25,84091.0,45999.0,2011.0
0197f3df-0db8-789a-b41f-3d80b419aa01,412529756,,HUIAO4245,00008,CN,China (People's Republic of),Fishing vessel,Fishing,32.0,8.0,,,
019e205a-3bc8-7bdd-ae3e-d6eda1702336,574015447,,THANH TIEN 379,XVBP,VN,Viet Nam (Socialist Republic of),"Cargo ships, all ships of this type",Cargo,79.0,15.0,,,
019e05a6-e038-79bf-95fe-92309cee533b,574010591,,36 LH 6BAN5,1234567,VN,Viet Nam (Socialist Republic of),Fishing vessel,Fishing,26.0,6.0,,,
0198c1bc-60c8-7d65-b785-a8e15d4b2c4e,412312354,,YUEXUYU7979,1234567,CN,China (People's Republic of),Fishing vessel,Fishing vessel,15.0,3.0,,,
01808738-0488-7dce-adc8-70faa5bb1b04,477996633,,HKNC NO.2,VRS5936,HK,China (People's Republic of) - Hong Kong (Special Administrative Region of China),"Cargo ships, all ships of this type",Cargo,45.0,20.0,,,
01a07da4-e650-7d72-95fa-2d833a181026,574123456,,THA0 22 CAU MUCTS,123456,VN,Viet Nam (Socialist Republic of),Pleasure motor craft,Pleasure motor craft,55.0,6.0,,,
0198c33d-9228-7ade-a089-0ce6a60701b0,412502811,,GUIHEYU61228,,CN,China (People's Republic of),Science / Research vessel,Pleasure Craft,28.0,7.0,,,
